x_mbps,pdf,region
0.0,0.0036938624496996417,aws-region=us-east-2
0.08104052026013006,0.0037940794404876478,aws-region=us-east-2
0.16208104052026012,0.003895573826317227,aws-region=us-east-2
0.24312156078039018,0.003998315933538656,aws-region=us-east-2
0.32416208104052024,0.004102274947075101,aws-region=us-east-2
0.40520260130065033,0.004207418955989933,aws-region=us-east-2
0.48624312156078037,0.004313715001212863,aws-region=us-east-2
0.5672836418209104,0.0044211291252916575,aws-region=us-east-2
0.6483241620810405,0.004529626424028205,aws-region=us-east-2
0.7293646823411706,0.004639171099853933,aws-region=us-east-2
0.8104052026013007,0.004749726516794021,aws-region=us-east-2
0.8914457228614306,0.0048612552568664145,aws-region=us-east-2
0.9724862431215607,0.004973719177757242,aws-region=us-east-2
1.0535267633816907,0.00508707947161272,aws-region=us-east-2
1.1345672836418208,0.005201296724784516,aws-region=us-east-2
1.215607803901951,0.005316330978364794,aws-region=us-east-2
1.296648324162081,0.005432141789346056,aws-region=us-east-2
1.377688844422211,0.005548688292240876,aws-region=us-east-2
1.4587293646823412,0.005665929260997448,aws-region=us-east-2
1.5397698849424712,0.005783823171048042,aws-region=us-east-2
1.6208104052026013,0.005902328261329184,aws-region=us-east-2
1.7018509254627312,0.006021402596115018,aws-region=us-east-2
1.7828914457228613,0.0061410041265088575,aws-region=us-east-2
1.8639319659829914,0.006261090751440101,aws-region=us-east-2
1.9449724862431215,0.006381620378021297,aws-region=us-east-2
2.0260130065032516,0.006502550981119681,aws-region=us-east-2
2.1070535267633814,0.00662384066200904,aws-region=us-east-2
2.1880940470235117,0.006745447705967793,aws-region=us-east-2
2.2691345672836416,0.0068673306386996084,aws-region=us-east-2
2.350175087543772,0.006989448281456599,aws-region=us-east-2
2.431215607803902,0.007111759804753804,aws-region=us-east-2
2.512256128064032,0.0072342247805706455,aws-region=us-east-2
2.593296648324162,0.0073568032329413054,aws-region=us-east-2
2.674337168584292,0.00747945568684515,aws-region=us-east-2
2.755377688844422,0.007602143215316975,aws-region=us-east-2
2.836418209104552,0.0077248274847012645,aws-region=us-east-2
2.9174587293646823,0.00784747079798833,aws-region=us-east-2
2.998499249624812,0.007970036136173541,aws-region=us-east-2
3.0795397698849425,0.008092487197592271,aws-region=us-east-2
3.1605802901450724,0.00821478843519064,aws-region=us-east-2
3.2416208104052027,0.008336905091699395,aws-region=us-east-2
3.3226613306653325,0.00845880323268913,aws-region=us-east-2
3.4037018509254624,0.00858044977748977,aws-region=us-east-2
3.4847423711855927,0.008701812527967959,aws-region=us-east-2
3.5657828914457226,0.008822860195162693,aws-region=us-east-2
3.646823411705853,0.008943562423786336,aws-region=us-east-2
3.7278639319659828,0.009063889814607764,aws-region=us-east-2
3.808904452226113,0.009183813944738656,aws-region=us-east-2
3.889944972486243,0.009303307385852217,aws-region=us-east-2
3.970985492746373,0.009422343720371248,aws-region=us-east-2
4.052026013006503,0.00954089755566479,aws-region=us-east-2
4.133066533266633,0.009658944536303844,aws-region=us-east-2
4.214107053526763,0.009776461354425744,aws-region=us-east-2
4.295147573786894,0.00989342575826784,aws-region=us-east-2
4.3761880940470235,0.010009816558930866,aws-region=us-east-2
4.457228614307153,0.010125613635439509,aws-region=us-east-2
4.538269134567283,0.0102407979381704,aws-region=us-east-2
4.619309654827413,0.010355351490721407,aws-region=us-east-2
4.700350175087544,0.010469257390297946,aws-region=us-east-2
4.781390695347674,0.010582499806696545,aws-region=us-east-2
4.862431215607804,0.010695063979965837,aws-region=us-east-2
4.943471735867933,0.01080693621682839,aws-region=us-east-2
5.024512256128064,0.010918103885946651,aws-region=us-east-2
5.105552776388194,0.01102855541211832,aws-region=us-east-2
5.186593296648324,0.011138280269485424,aws-region=us-east-2
5.267633816908454,0.011247268973842912,aws-region=us-east-2
5.348674337168584,0.011355513074130288,aws-region=us-east-2
5.429714857428714,0.0114630051431908,aws-region=us-east-2
5.510755377688844,0.011569738767879914,aws-region=us-east-2
5.591795897948974,0.011675708538604307,aws-region=us-east-2
5.672836418209104,0.011780910038369011,aws-region=us-east-2
5.753876938469235,0.011885339831411747,aws-region=us-east-2
5.834917458729365,0.011988995451494821,aws-region=us-east-2
5.9159579789894945,0.012091875389928303,aws-region=us-east-2
5.996998499249624,0.012193979083390826,aws-region=us-east-2
6.078039019509754,0.012295306901611602,aws-region=us-east-2
6.159079539769885,0.012395860134975406,aws-region=us-east-2
6.240120060030015,0.01249564098210529,aws-region=us-east-2
6.321160580290145,0.01259465253747497,aws-region=us-east-2
6.402201100550275,0.012692898779099567,aws-region=us-east-2
6.483241620810405,0.012790384556345662,aws-region=us-east-2
6.564282141070535,0.012887115577899066,aws-region=us-east-2
6.645322661330665,0.012983098399923704,aws-region=us-east-2
6.726363181590795,0.013078340414437126,aws-region=us-east-2
6.807403701850925,0.013172849837927004,aws-region=us-east-2
6.888444222111056,0.013266635700224004,aws-region=us-east-2
6.969484742371185,0.013359707833641191,aws-region=us-east-2
7.050525262631315,0.013452076862388467,aws-region=us-east-2
7.131565782891445,0.013543754192258593,aws-region=us-east-2
7.212606303151575,0.013634752000581079,aws-region=us-east-2
7.293646823411706,0.013725083226431413,aws-region=us-east-2
7.374687343671836,0.013814761561079978,aws-region=us-east-2
7.4557278639319655,0.013903801438655331,aws-region=us-east-2
7.536768384192095,0.013992218026995561,aws-region=us-east-2
7.617808904452226,0.014080027218653379,aws-region=us-east-2
7.698849424712356,0.014167245622016138,aws-region=us-east-2
7.779889944972486,0.01425389055249341,aws-region=us-east-2
7.860930465232616,0.014339980023727933,aws-region=us-east-2
7.941970985492746,0.014425532738769476,aws-region=us-east-2
8.023011505752876,0.014510568081156635,aws-region=us-east-2
8.104052026013006,0.014595106105840397,aws-region=us-east-2
8.185092546273136,0.014679167529882405,aws-region=us-east-2
8.266133066533266,0.01476277372285455,aws-region=us-east-2
8.347173586793396,0.014845946696866563,aws-region=us-east-2
8.428214107053526,0.014928709096138873,aws-region=us-east-2
8.509254627313656,0.015011084186041253,aws-region=us-east-2
8.590295147573787,0.015093095841511008,aws-region=us-east-2
8.671335667833917,0.01517476853476364,aws-region=us-east-2
8.752376188094047,0.01525612732220617,aws-region=us-east-2
8.833416708354177,0.01533719783046444,aws-region=us-east-2
8.914457228614307,0.015418006241429114,aws-region=us-east-2
8.995497748874437,0.01549857927623239,aws-region=us-east-2
9.076538269134566,0.015578944178060241,aws-region=us-east-2
9.157578789394696,0.01565912869370984,aws-region=us-east-2
9.238619309654826,0.015739161053800403,aws-region=us-east-2
9.319659829914958,0.01581906995155008,aws-region=us-east-2
9.400700350175088,0.015898884520029515,aws-region=us-east-2
9.481740870435218,0.015978634307810432,aws-region=us-east-2
9.562781390695347,0.016058349252925975,aws-region=us-east-2
9.643821910955477,0.016138059655066997,aws-region=us-east-2
9.724862431215607,0.016217796145940988,aws-region=us-east-2
9.805902951475737,0.016297589657726402,aws-region=us-east-2
9.886943471735867,0.016377471389561096,aws-region=us-east-2
9.967983991995997,0.016457472772006338,aws-region=us-east-2
10.049024512256128,0.016537625429442367,aws-region=us-east-2
10.130065032516258,0.016617961140348844,aws-region=us-east-2
10.211105552776388,0.016698511795440626,aws-region=us-east-2
10.292146073036518,0.016779309353631647,aws-region=us-east-2
10.373186593296648,0.016860385795811825,aws-region=us-east-2
10.454227113556778,0.01694177307643048,aws-region=us-east-2
10.535267633816908,0.017023503072889086,aws-region=us-east-2
10.616308154077037,0.017105607532758835,aws-region=us-east-2
10.697348674337167,0.017188118018846208,aws-region=us-east-2
10.778389194597299,0.017271065852143663,aws-region=us-east-2
10.859429714857429,0.017354482052712877,aws-region=us-east-2
10.940470235117559,0.01743839727855872,aws-region=us-east-2
11.021510755377689,0.01752284176256856,aws-region=us-east-2
11.102551275637818,0.017607845247595656,aws-region=us-east-2
11.183591795897948,0.017693436919787475,aws-region=us-east-2
11.264632316158078,0.017779645340266086,aws-region=us-east-2
11.345672836418208,0.017866498375278525,aws-region=us-east-2
11.426713356678338,0.01795402312495495,aws-region=us-east-2
11.50775387693847,0.018042245850817703,aws-region=us-east-2
11.5887943971986,0.018131191902200125,aws-region=us-east-2
11.66983491745873,0.01822088564174374,aws-region=us-east-2
11.75087543771886,0.018311350370156174,aws-region=us-east-2
11.831915957978989,0.018402608250421816,aws-region=us-east-2
11.912956478239119,0.018494680231668278,aws-region=us-east-2
11.993996998499249,0.018587585972903838,aws-region=us-east-2
12.075037518759379,0.018681343766846086,aws-region=us-east-2
12.156078039019508,0.0187759704640768,aws-region=us-east-2
12.23711855927964,0.0188714813977626,aws-region=us-east-2
12.31815907953977,0.018967890309189075,aws-region=us-east-2
12.3991995997999,0.019065209274364846,aws-region=us-east-2
12.48024012006003,0.01916344863195435,aws-region=us-east-2
12.56128064032016,0.019262616912807482,aws-region=us-east-2
12.64232116058029,0.019362720771353092,aws-region=us-east-2
12.72336168084042,0.01946376491913118,aws-region=us-east-2
12.80440220110055,0.019565752060736345,aws-region=us-east-2
12.885442721360679,0.01966868283244969,aws-region=us-east-2
12.96648324162081,0.019772555743830193,aws-region=us-east-2
13.04752376188094,0.019877367122541744,aws-region=us-east-2
13.12856428214107,0.019983111062684526,aws-region=us-east-2
13.2096048024012,0.020089779376897,aws-region=us-east-2
13.29064532266133,0.020197361552484683,aws-region=us-east-2
13.37168584292146,0.0203058447118387,aws-region=us-east-2
13.45272636318159,0.02041521357738073,aws-region=us-east-2
13.53376688344172,0.02052545044127543,aws-region=us-east-2
13.61480740370185,0.020636535140136674,aws-region=us-east-2
13.69584792396198,0.020748445034942987,aws-region=us-east-2
13.776888444222111,0.02086115499636179,aws-region=us-east-2
13.857928964482241,0.02097463739567244,aws-region=us-east-2
13.93896948474237,0.02108886210146285,aws-region=us-east-2
14.0200100050025,0.0212037964822533,aws-region=us-east-2
14.10105052526263,0.021319405415189445,aws-region=us-east-2
14.18209104552276,0.02143565130092884,aws-region=us-east-2
14.26313156578289,0.02155249408481776,aws-region=us-east-2
14.34417208604302,0.02166989128444865,aws-region=us-east-2
14.42521260630315,0.021787798023656525,aws-region=us-east-2
14.506253126563282,0.021906167072997536,aws-region=us-east-2
14.587293646823412,0.022024948896728416,aws-region=us-east-2
14.668334167083541,0.022144091706286076,aws-region=us-east-2
14.749374687343671,0.022263541520241414,aws-region=us-east-2
14.830415207603801,0.02238324223067711,aws-region=us-east-2
14.911455727863931,0.022503135675922034,aws-region=us-east-2
14.992496248124061,0.022623161719543983,aws-region=us-east-2
15.07353676838419,0.022743258335485357,aws-region=us-east-2
15.15457728864432,0.02286336169919911,aws-region=us-east-2
15.235617808904452,0.022983406284619236,aws-region=us-east-2
15.316658329164582,0.0231033249667841,aws-region=us-east-2
15.397698849424712,0.023223049129894886,aws-region=us-east-2
15.478739369684842,0.023342508780587738,aws-region=us-east-2
15.559779889944972,0.023461632666158132,aws-region=us-east-2
15.640820410205102,0.02358034839746955,aws-region=us-east-2
15.721860930465231,0.023698582576254547,aws-region=us-east-2
15.802901450725361,0.02381626092649221,aws-region=us-east-2
15.883941970985491,0.023933308429538443,aws-region=us-east-2
15.964982491245623,0.024049649462657467,aws-region=us-east-2
16.046023011505753,0.024165207940596647,aws-region=us-east-2
16.12706353176588,0.024279907459829587,aws-region=us-east-2
16.208104052026012,0.024393671445072443,aws-region=us-east-2
16.28914457228614,0.024506423297681837,aws-region=us-east-2
16.370185092546272,0.02461808654551589,aws-region=us-east-2
16.451225612806404,0.02472858499384154,aws-region=us-east-2
16.532266133066532,0.02483784287686441,aws-region=us-east-2
16.613306653326664,0.02494578500944148,aws-region=us-east-2
16.69434717358679,0.02505233693854871,aws-region=us-east-2
16.775387693846923,0.025157425094059264,aws-region=us-east-2
16.85642821410705,0.025260976938394356,aws-region=us-east-2
16.937468734367183,0.02536292111460733,aws-region=us-east-2
17.01850925462731,0.025463187592467126,aws-region=us-east-2
17.099549774887443,0.02556170781210856,aws-region=us-east-2
17.180590295147574,0.02565841482482161,aws-region=us-east-2
17.261630815407702,0.0257532434305645,aws-region=us-east-2
17.342671335667834,0.025846130311789763,aws-region=us-east-2
17.423711855927962,0.025937014163186375,aws-region=us-east-2
17.504752376188094,0.026025835816950303,aws-region=us-east-2
17.585792896448222,0.026112538363211785,aws-region=us-east-2
17.666833416708354,0.02619706726526439,aws-region=us-east-2
17.74787393696848,0.026279370469251724,aws-region=us-east-2
17.828914457228613,0.02635939850799234,aws-region=us-east-2
17.909954977488745,0.026437104598638274,aws-region=us-east-2
17.990995497748873,0.02651244473388345,aws-region=us-east-2
18.072036018009005,0.02658537776646176,aws-region=us-east-2
18.153076538269133,0.02665586548669211,aws-region=us-east-2
18.234117058529264,0.026723872692859352,aws-region=us-east-2
18.315157578789393,0.026789367254233976,aws-region=us-east-2
18.396198099049524,0.026852320166565743,aws-region=us-east-2
18.477238619309652,0.026912705599907567,aws-region=us-east-2
18.558279139569784,0.0269705009386567,aws-region=us-east-2
18.639319659829916,0.0270256868137165,aws-region=us-east-2
18.720360180090044,0.027078247126725,aws-region=us-east-2
18.801400700350175,0.027128169066302683,aws-region=us-east-2
18.882441220610303,0.027175443116318462,aws-region=us-east-2
18.963481740870435,0.027220063056185587,aws-region=us-east-2
19.044522261130563,0.02726202595323037,aws-region=us-east-2
19.125562781390695,0.027301332147209034,aws-region=us-east-2
19.206603301650823,0.027337985227059942,aws-region=us-east-2
19.287643821910955,0.02737199200001974,aws-region=us-east-2
19.368684342171086,0.027403362453244064,aws-region=us-east-2
19.449724862431214,0.02743210970810798,aws-region=us-east-2
19.530765382691346,0.027458249967374254,aws-region=us-east-2
19.611805902951474,0.027481802455453893,aws-region=us-east-2
19.692846423211606,0.027502789351985954,aws-region=us-east-2
19.773886943471734,0.027521235719009347,aws-region=us-east-2
19.854927463731865,0.02753716942199272,aws-region=us-east-2
19.935967983991993,0.027550621045026546,aws-region=us-east-2
20.017008504252125,0.02756162380049014,aws-region=us-east-2
20.098049024512257,0.027570213433521222,aws-region=us-east-2
20.179089544772385,0.02757642812163639,aws-region=us-east-2
20.260130065032516,0.027580308369856216,aws-region=us-east-2
20.341170585292645,0.027581896901705705,aws-region=us-east-2
20.422211105552776,0.027581238546471234,aws-region=us-east-2
20.503251625812904,0.02757838012309544,aws-region=us-east-2
20.584292146073036,0.02757337032111272,aws-region=us-east-2
20.665332666333164,0.027566259579020702,aws-region=us-east-2
20.746373186593296,0.02755709996048913,aws-region=us-east-2
20.827413706853427,0.027545945028818578,aws-region=us-east-2
20.908454227113555,0.027532849720050333,aws-region=us-east-2
20.989494747373687,0.02751787021513445,aws-region=us-east-2
21.070535267633815,0.027501063811559482,aws-region=us-east-2
21.151575787893947,0.027482488794841567,aws-region=us-east-2
21.232616308154075,0.02746220431026718,aws-region=us-east-2
21.313656828414207,0.027440270235273255,aws-region=us-east-2
21.394697348674335,0.02741674705284421,aws-region=us-east-2
21.475737868934466,0.027391695726291104,aws-region=us-east-2
21.556778389194598,0.02736517757577004,aws-region=us-east-2
21.637818909454726,0.027337254156884514,aws-region=us-east-2
21.718859429714858,0.027307987141693905,aws-region=us-east-2
21.799899949974986,0.027277438202452535,aws-region=us-east-2
21.880940470235117,0.027245668898370053,aws-region=us-east-2
21.961980990495245,0.027212740565675915,aws-region=us-east-2
22.043021510755377,0.027178714211251467,aws-region=us-east-2
22.124062031015505,0.02714365041007508,aws-region=us-east-2
22.205102551275637,0.027107609206701813,aws-region=us-east-2
22.28614307153577,0.027070650020983068,aws-region=us-east-2
22.367183591795897,0.027032831558211644,aws-region=us-east-2
22.448224112056028,0.026994211723851667,aws-region=us-east-2
22.529264632316156,0.026954847542997686,aws-region=us-east-2
22.610305152576288,0.02691479508467487,aws-region=us-east-2
22.691345672836416,0.02687410939108657,aws-region=us-east-2
22.772386193096548,0.026832844411877943,aws-region=us-east-2
22.853426713356676,0.02679105294346633,aws-region=us-east-2
22.934467233616807,0.02674878657348066,aws-region=us-east-2
23.01550775387694,0.026706095630302254,aws-region=us-east-2
23.096548274137067,0.026663029137712246,aws-region=us-east-2
23.1775887943972,0.026619634774600224,aws-region=us-east-2
23.258629314657327,0.026575958839688787,aws-region=us-east-2
23.33966983491746,0.026532046221197408,aws-region=us-east-2
23.420710355177587,0.02648794037135541,aws-region=us-east-2
23.50175087543772,0.026443683285652695,aws-region=us-east-2
23.582791395697846,0.026399315486704673,aws-region=us-east-2
23.663831915957978,0.02635487601258188,aws-region=us-east-2
23.74487243621811,0.026310402409451254,aws-region=us-east-2
23.825912956478238,0.026265930728348458,aws-region=us-east-2
23.90695347673837,0.026221495525901483,aws-region=us-east-2
23.987993996998497,0.026177129868801958,aws-region=us-east-2
24.06903451725863,0.026132865341813905,aws-region=us-east-2
24.150075037518757,0.026088732059101036,aws-region=us-east-2
24.23111555777889,0.026044758678645346,aws-region=us-east-2
24.312156078039017,0.02600097241951971,aws-region=us-east-2
24.39319659829915,0.02595739908177225,aws-region=us-east-2
24.47423711855928,0.025914063068677204,aws-region=us-east-2
24.55527763881941,0.025870987411104548,aws-region=us-east-2
24.63631815907954,0.025828193793753253,aws-region=us-east-2
24.717358679339668,0.02578570258299879,aws-region=us-east-2
24.7983991995998,0.025743532856102914,aws-region=us-east-2
24.879439719859928,0.02570170243153376,aws-region=us-east-2
24.96048024012006,0.025660227900155437,aws-region=us-east-2
25.041520760380187,0.025619124657036446,aws-region=us-east-2
25.12256128064032,0.025578406933649583,aws-region=us-east-2
25.20360180090045,0.025538087830226253,aws-region=us-east-2
25.28464232116058,0.02549817934804721,aws-region=us-east-2
25.36568284142071,0.02545869242145233,aws-region=us-east-2
25.44672336168084,0.02541963694937238,aws-region=us-east-2
25.52776388194097,0.02538102182618122,aws-region=us-east-2
25.6088044022011,0.02534285497169458,aws-region=us-east-2
25.68984492246123,0.02530514336013924,aws-region=us-east-2
25.770885442721358,0.02526789304794256,aws-region=us-east-2
25.85192596298149,0.025231109200194758,aws-region=us-east-2
25.93296648324162,0.025194796115657486,aws-region=us-east-2
26.01400700350175,0.025158957250203916,aws-region=us-east-2
26.09504752376188,0.025123595238590573,aws-region=us-east-2
26.17608804402201,0.02508871191447724,aws-region=us-east-2
26.25712856428214,0.025054308328627123,aws-region=us-east-2
26.33816908454227,0.025020384765232457,aws-region=us-east-2
26.4192096048024,0.02498694075632804,aws-region=us-east-2
26.50025012506253,0.0249539750942742,aws-region=us-east-2
26.58129064532266,0.0249214858422964,aws-region=us-east-2
26.66233116558279,0.024889470343096767,aws-region=us-east-2
26.74337168584292,0.024857925225555123,aws-region=us-east-2
26.82441220610305,0.024826846409563008,aws-region=us-east-2
26.90545272636318,0.024796229109037844,aws-region=us-east-2
26.98649324662331,0.02476606783318747,aws-region=us-east-2
27.06753376688344,0.024736356386101402,aws-region=us-east-2
27.14857428714357,0.024707087864759784,aws-region=us-east-2
27.2296148074037,0.02467825465556408,aws-region=us-east-2
27.31065532766383,0.024649848429505097,aws-region=us-east-2
27.39169584792396,0.02462186013608697,aws-region=us-east-2
27.47273636818409,0.024594279996145565,aws-region=us-east-2
27.553776888444222,0.02456709749370119,aws-region=us-east-2
27.63481740870435,0.02454030136699379,aws-region=us-east-2
27.715857928964482,0.02451387959885627,aws-region=us-east-2
27.79689844922461,0.024487819406590203,aws-region=us-east-2
27.87793896948474,0.024462107231501638,aws-region=us-east-2
27.95897948974487,0.02443672872827514,aws-region=us-east-2
28.040020010005,0.024411668754350642,aws-region=us-east-2
28.12106053026513,0.02438691135947938,aws-region=us-east-2
28.20210105052526,0.02436243977562726,aws-region=us-east-2
28.283141570785393,0.024338236407404398,aws-region=us-east-2
28.36418209104552,0.024314282823186782,aws-region=us-east-2
28.445222611305653,0.02429055974709593,aws-region=us-east-2
28.52626313156578,0.024267047052006885,aws-region=us-east-2
28.607303651825912,0.024243723753737078,aws-region=us-east-2
28.68834417208604,0.02422056800657593,aws-region=us-east-2
28.769384692346172,0.024197557100296037,aws-region=us-east-2
28.8504252126063,0.024174667458791793,aws-region=us-east-2
28.93146573286643,0.024151874640475114,aws-region=us-east-2
29.012506253126563,0.024129153340548597,aws-region=us-east-2
29.09354677338669,0.024106477395276788,aws-region=us-east-2
29.174587293646823,0.024083819788351536,aws-region=us-east-2
29.25562781390695,0.024061152659450687,aws-region=us-east-2
29.336668334167083,0.024038447315069073,aws-region=us-east-2
29.41770885442721,0.024015674241692184,aws-region=us-east-2
29.498749374687343,0.023992803121372558,aws-region=us-east-2
29.57978989494747,0.023969802849755497,aws-region=us-east-2
29.660830415207602,0.023946641556587028,aws-region=us-east-2
29.741870935467734,0.0239232866287252,aws-region=us-east-2
29.822911455727862,0.023899704735668013,aws-region=us-east-2
29.903951975987994,0.023875861857588186,aws-region=us-east-2
29.984992496248122,0.023851723315864826,aws-region=us-east-2
30.066033016508253,0.02382725380607918,aws-region=us-east-2
30.14707353676838,0.023802417433437365,aws-region=us-east-2
30.228114057028513,0.02377717775056444,aws-region=us-east-2
30.30915457728864,0.02375149779761011,aws-region=us-east-2
30.390195097548773,0.023725340144588342,aws-region=us-east-2
30.471235617808905,0.023698666935863935,aws-region=us-east-2
30.552276138069033,0.023671439936695227,aws-region=us-east-2
30.633316658329164,0.023643620581721782,aws-region=us-east-2
30.714357178589292,0.023615170025288165,aws-region=us-east-2
30.795397698849424,0.023586049193476344,aws-region=us-east-2
30.876438219109552,0.023556218837720053,aws-region=us-east-2
30.957478739369684,0.023525639589862243,aws-region=us-east-2
31.038519259629812,0.02349427201851229,aws-region=us-east-2
31.119559779889943,0.02346207668655351,aws-region=us-east-2
31.200600300150075,0.023429014209652165,aws-region=us-east-2
31.281640820410203,0.023395045315602374,aws-region=us-east-2
31.362681340670335,0.023360130904356017,aws-region=us-east-2
31.443721860930463,0.023324232108570007,aws-region=us-east-2
31.524762381190595,0.023287310354506596,aws-region=us-east-2
31.605802901450723,0.023249327423128924,aws-region=us-east-2
31.686843421710854,0.023210245511220393,aws-region=us-east-2
31.767883941970982,0.0231700272923699,aws-region=us-east-2
31.848924462231114,0.02312863597766179,aws-region=us-east-2
31.929964982491246,0.02308603537591173,aws-region=us-east-2
32.011005502751374,0.02304218995329062,aws-region=us-east-2
32.092046023011505,0.022997064892190645,aws-region=us-east-2
32.17308654327164,0.02295062614918602,aws-region=us-east-2
32.25412706353176,0.022902840511939568,aws-region=us-east-2
32.33516758379189,0.022853675654932678,aws-region=us-east-2
32.416208104052025,0.022803100193877275,aws-region=us-east-2
32.49724862431216,0.02275108373869365,aws-region=us-east-2
32.57828914457228,0.022697596944937722,aws-region=us-east-2
32.65932966483241,0.022642611563565666,aws-region=us-east-2
32.740370185092544,0.022586100488940372,aws-region=us-east-2
32.821410705352676,0.02252803780498372,aws-region=us-east-2
32.90245122561281,0.022468398829389787,aws-region=us-east-2
32.98349174587293,0.022407160155827374,aws-region=us-east-2
33.064532266133064,0.02234429969405368,aws-region=us-east-2
33.145572786393195,0.02227979670789263,aws-region=us-east-2
33.22661330665333,0.022213631851012175,aws-region=us-east-2
33.30765382691345,0.022145787200469398,aws-region=us-east-2
33.38869434717358,0.02207624628797904,aws-region=us-east-2
33.469734867433715,0.022004994128881784,aws-region=us-east-2
33.55077538769385,0.021932017248791912,aws-region=us-east-2
33.63181590795398,0.021857303707909944,aws-region=us-east-2
33.7128564282141,0.021780843122996524,aws-region=us-east-2
33.793896948474234,0.02170262668700484,aws-region=us-east-2
33.874937468734366,0.021622647186383598,aws-region=us-east-2
33.9559779889945,0.02154089901605737,aws-region=us-east-2
34.03701850925462,0.021457378192108537,aws-region=us-east-2
34.118059029514754,0.02137208236217853,aws-region=us-east-2
34.199099549774886,0.02128501081361906,aws-region=us-east-2
34.28014007003502,0.02119616447942566,aws-region=us-east-2
34.36118059029515,0.021105545941984827,aws-region=us-east-2
34.44222111055527,0.021013159434677638,aws-region=us-east-2
34.523261630815405,0.020919010841376796,aws-region=us-east-2
34.60430215107554,0.02082310769388244,aws-region=us-east-2
34.68534267133567,0.020725459167338593,aws-region=us-east-2
34.76638319159579,0.020626076073679313,aws-region=us-east-2
34.847423711855924,0.020524970853146876,aws-region=us-east-2
34.928464232116056,0.020422157563932553,aws-region=us-east-2
35.00950475237619,0.020317651869981832,aws-region=us-east-2
35.09054527263632,0.020211471027016155,aws-region=us-east-2
35.171585792896444,0.020103633866812586,aws-region=us-east-2
35.252626313156576,0.019994160779783634,aws-region=us-east-2
35.33366683341671,0.019883073695909383,aws-region=us-east-2
35.41470735367684,0.019770396064051787,aws-region=us-east-2
35.49574787393696,0.019656152829700704,aws-region=us-east-2
35.576788394197095,0.019540370411185944,aws-region=us-east-2
35.65782891445723,0.01942307667438909,aws-region=us-east-2
35.73886943471736,0.019304300905996195,aws-region=us-east-2
35.81990995497749,0.019184073785316065,aws-region=us-east-2
35.900950475237615,0.019062427354701164,aws-region=us-east-2
35.981990995497746,0.018939394988593827,aws-region=us-east-2
36.06303151575788,0.018815011361229858,aws-region=us-east-2
36.14407203601801,0.0186893124130197,aws-region=us-east-2
36.225112556278134,0.01856233531563572,aws-region=us-east-2
36.306153076538266,0.01843411843582244,aws-region=us-east-2
36.3871935967984,0.018304701297955746,aws-region=us-east-2
36.46823411705853,0.018174124545368812,aws-region=us-east-2
36.54927463731866,0.018042429900465153,aws-region=us-east-2
36.630315157578785,0.017909660123639596,aws-region=us-east-2
36.71135567783892,0.01777585897102544,aws-region=us-east-2
36.79239619809905,0.01764107115108918,aws-region=us-east-2
36.87343671835918,0.017505342280092807,aws-region=us-east-2
36.954477238619305,0.017368718836448676,aws-region=us-east-2
37.035517758879436,0.01723124811398471,aws-region=us-east-2
37.11655827913957,0.017092978174153197,aws-region=us-east-2
37.1975987993997,0.016953957797204277,aws-region=us-east-2
37.27863931965983,0.016814236432356525,aws-region=us-east-2
37.359679839919956,0.01667386414700045,aws-region=us-east-2
37.44072036018009,0.016532891574964324,aws-region=us-east-2
37.52176088044022,0.016391369863889525,aws-region=us-east-2
37.60280140070035,0.016249350621751427,aws-region=us-east-2
37.683841920960475,0.016106885862578524,aws-region=us-east-2
37.76488244122061,0.0159640279514162,aws-region=us-east-2
37.84592296148074,0.015820829548592666,aws-region=us-east-2
37.92696348174087,0.015677343553348582,aws-region=us-east-2
38.008004002001,0.015533623046888087,aws-region=us-east-2
38.089044522261126,0.015389721234927186,aws-region=us-east-2
38.17008504252126,0.015245691389808231,aws-region=us-east-2
38.25112556278139,0.01510158679225751,aws-region=us-east-2
38.33216608304152,0.014957460672872524,aws-region=us-east-2
38.413206603301646,0.014813366153418496,aws-region=us-east-2
38.49424712356178,0.014669356188031986,aws-region=us-east-2
38.57528764382191,0.014525483504419828,aws-region=us-east-2
38.65632816408204,0.014381800545156052,aws-region=us-east-2
38.73736868434217,0.014238359409175857,aws-region=us-east-2
38.8184092046023,0.014095211793573518,aws-region=us-east-2
38.89944972486243,0.013952408935810841,aws-region=us-east-2
38.98049024512256,0.013810001556446933,aws-region=us-east-2
39.06153076538269,0.013668039802501185,aws-region=us-east-2
39.142571285642816,0.013526573191565907,aws-region=us-east-2
39.22361180590295,0.013385650556778194,aws-region=us-east-2
39.30465232616308,0.013245319992775466,aws-region=us-east-2
39.38569284642321,0.013105628802741678,aws-region=us-east-2
39.46673336668334,0.012966623446667271,aws-region=us-east-2
39.54777388694347,0.012828349490933295,aws-region=us-east-2
39.6288144072036,0.012690851559336079,aws-region=us-east-2
39.70985492746373,0.012554173285662627,aws-region=us-east-2
39.79089544772386,0.012418357267925503,aws-region=us-east-2
39.87193596798399,0.012283445024366818,aws-region=us-east-2
39.95297648824412,0.01214947695132846,aws-region=us-east-2
40.03401700850425,0.012016492283093249,aws-region=us-east-2
40.11505752876438,0.01188452905378633,aws-region=us-east-2
40.19609804902451,0.01175362406142937,aws-region=us-east-2
40.27713856928464,0.011623812834228796,aws-region=us-east-2
40.35817908954477,0.01149512959917803,aws-region=us-east-2
40.4392196098049,0.011367607253043048,aws-region=us-east-2
40.52026013006503,0.011241277335796948,aws-region=us-east-2
40.60130065032516,0.011116170006561786,aws-region=us-east-2
40.68234117058529,0.010992314022106216,aws-region=us-east-2
40.76338169084542,0.010869736717943751,aws-region=us-east-2
40.84442221110555,0.010748463992064552,aws-region=us-east-2
40.925462731365684,0.010628520291328191,aws-region=us-east-2
41.00650325162581,0.01050992860053612,aws-region=us-east-2
41.08754377188594,0.010392710434193535,aws-region=us-east-2
41.16858429214607,0.01027688583096259,aws-region=us-east-2
41.2496248124062,0.01016247335080093,aws-region=us-east-2
41.33066533266633,0.01004949007476972,aws-region=us-east-2
41.41170585292646,0.009937951607487427,aws-region=us-east-2
41.49274637318659,0.009827872082200585,aws-region=us-east-2
41.57378689344672,0.009719264168428715,aws-region=us-east-2
41.654827413706855,0.009612139082137847,aws-region=us-east-2
41.73586793396698,0.00950650659838862,aws-region=us-east-2
41.81690845422711,0.009402375066394021,aws-region=us-east-2
41.89794897448724,0.009299751426920268,aws-region=us-east-2
41.978989494747374,0.009198641231953191,aws-region=us-east-2
42.0600300150075,0.009099048666549054,aws-region=us-east-2
42.14107053526763,0.009000976572780078,aws-region=us-east-2
42.22211105552776,0.008904426475683442,aws-region=us-east-2
42.30315157578789,0.008809398611112497,aws-region=us-east-2
42.384192096048025,0.008715891955388633,aws-region=us-east-2
42.46523261630815,0.00862390425664647,aws-region=us-east-2
42.54627313656828,0.008533432067760163,aws-region=us-east-2
42.62731365682841,0.00844447078073865,aws-region=us-east-2
42.708354177088545,0.008357014662471629,aws-region=us-east-2
42.78939469734867,0.00827105689170861,aws-region=us-east-2
42.8704352176088,0.00818658959715086,aws-region=us-east-2
42.95147573786893,0.008103603896534292,aws-region=us-east-2
43.032516258129064,0.008022089936582894,aws-region=us-east-2
43.113556778389196,0.007942036933709559,aws-region=us-east-2
43.19459729864932,0.007863433215344485,aws-region=us-east-2
43.27563781890945,0.007786266261769412,aws-region=us-east-2
43.356678339169584,0.0077105227483404565,aws-region=us-east-2
43.437718859429715,0.007636188587981566,aws-region=us-east-2
43.51875937968984,0.007563248973834162,aws-region=us-east-2
43.59979989994997,0.007491688421950776,aws-region=us-east-2
43.6808404202101,0.007421490813924558,aws-region=us-east-2
43.761880940470235,0.007352639439348557,aws-region=us-east-2
43.842921460730366,0.007285117038003029,aws-region=us-east-2
43.92396198099049,0.0072189058416739236,aws-region=us-east-2
44.00500250125062,0.007153987615508021,aws-region=us-east-2
44.086043021510754,0.007090343698817728,aws-region=us-east-2
44.167083541770886,0.00702795504524957,aws-region=us-east-2
44.24812406203101,0.006966802262239588,aws-region=us-east-2
44.32916458229114,0.006906865649680251,aws-region=us-east-2
44.410205102551274,0.006848125237731074,aws-region=us-east-2
44.491245622811405,0.006790560823710004,aws-region=us-east-2
44.57228614307154,0.0067341520080071715,aws-region=us-east-2
44.65332666333166,0.006678878228969453,aws-region=us-east-2
44.73436718359179,0.00662471879670883,aws-region=us-east-2
44.815407703851925,0.006571652925792602,aws-region=us-east-2
44.896448224112056,0.006519659766781377,aws-region=us-east-2
44.97748874437218,0.006468718436582085,aws-region=us-east-2
45.05852926463231,0.006418808047592457,aws-region=us-east-2
45.139569784892444,0.0063699077356162755,aws-region=us-east-2
45.220610305152576,0.006321996686534663,aws-region=us-east-2
45.30165082541271,0.006275054161722642,aws-region=us-east-2
45.38269134567283,0.006229059522207128,aws-region=us-east-2
45.463731865932964,0.0061839922515632886,aws-region=us-east-2
45.544772386193095,0.006139831977555406,aws-region=us-east-2
45.62581290645323,0.006096558492527504,aws-region=us-east-2
45.70685342671335,0.006054151772557357,aws-region=us-east-2
45.78789394697348,0.006012591995388005,aws-region=us-east-2
45.868934467233615,0.005971859557155979,aws-region=us-east-2
45.949974987493746,0.00593193508793855,aws-region=us-east-2
46.03101550775388,0.005892799466144654,aws-region=us-east-2
46.112056028014,0.0058544338317774005,aws-region=us-east-2
46.193096548274134,0.005816819598598703,aws-region=us-east-2
46.274137068534266,0.005779938465228009,aws-region=us-east-2
46.3551775887944,0.005743772425209915,aws-region=us-east-2
46.43621810905452,0.005708303776087145,aws-region=us-east-2
46.517258629314654,0.005673515127515862,aws-region=us-east-2
46.598299149574785,0.0056393894084629725,aws-region=us-east-2
46.67933966983492,0.005605909873524468,aws-region=us-east-2
46.76038019009505,0.005573060108406697,aws-region=us-east-2
46.84142071035517,0.005540824034610574,aws-region=us-east-2
46.922461230615305,0.005509185913360921,aws-region=us-east-2
47.00350175087544,0.005478130348822189,aws-region=us-east-2
47.08454227113557,0.005447642290642651,aws-region=us-east-2
47.16558279139569,0.0054177070358674174,aws-region=us-east-2
47.246623311655824,0.005388310230261954,aws-region=us-east-2
47.327663831915956,0.005359437869085364,aws-region=us-east-2
47.40870435217609,0.005331076297353329,aws-region=us-east-2
47.48974487243622,0.005303212209628788,aws-region=us-east-2
47.570785392696344,0.00527583264937704,aws-region=us-east-2
47.651825912956475,0.005248925007922346,aws-region=us-east-2
47.73286643321661,0.005222477023039223,aws-region=us-east-2
47.81390695347674,0.005196476777212626,aws-region=us-east-2
47.89494747373686,0.005170912695598061,aws-region=us-east-2
47.975987993996995,0.0051457735437110946,aws-region=us-east-2
48.05702851425713,0.005121048424875757,aws-region=us-east-2
48.13806903451726,0.0050967267774561995,aws-region=us-east-2
48.21910955477739,0.005072798371897707,aws-region=us-east-2
48.300150075037514,0.005049253307599182,aws-region=us-east-2
48.381190595297646,0.0050260820096375315,aws-region=us-east-2
48.46223111555778,0.0050032752253630465,aws-region=us-east-2
48.54327163581791,0.0049808240208825275,aws-region=us-east-2
48.624312156078034,0.0049587197774449265,aws-region=us-east-2
48.705352676338165,0.004936954187743083,aws-region=us-east-2
48.7863931965983,0.004915519252141656,aws-region=us-east-2
48.86743371685843,0.004894407274841702,aws-region=us-east-2
48.94847423711856,0.004873610859988312,aws-region=us-east-2
49.029514757378685,0.004853122907727781,aws-region=us-east-2
49.11055527763882,0.00483293661021794,aws-region=us-east-2
49.19159579789895,0.004813045447594186,aws-region=us-east-2
49.27263631815908,0.004793443183891853,aws-region=us-east-2
49.353676838419204,0.004774123862924704,aws-region=us-east-2
49.434717358679336,0.004755081804117352,aws-region=us-east-2
49.51575787893947,0.004736311598288489,aws-region=us-east-2
49.5967983991996,0.004717808103380129,aws-region=us-east-2
49.67783891945973,0.004699566440128324,aws-region=us-east-2
49.758879439719855,0.004681581987668162,aws-region=us-east-2
49.83991995997999,0.004663850379066236,aws-region=us-east-2
49.92096048024012,0.004646367496772931,aws-region=us-east-2
50.00200100050025,0.00462912946798568,aws-region=us-east-2
50.083041520760375,0.004612132659914722,aws-region=us-east-2
50.16408204102051,0.004595373674942148,aws-region=us-east-2
50.24512256128064,0.004578849345664792,aws-region=us-east-2
50.32616308154077,0.004562556729811682,aws-region=us-east-2
50.4072036018009,0.004546493105026992,aws-region=us-east-2
50.488244122061026,0.004530655963509038,aws-region=us-east-2
50.56928464232116,0.004515043006497133,aws-region=us-east-2
50.65032516258129,0.0044996521385976046,aws-region=us-east-2
50.73136568284142,0.0044844814619414445,aws-region=us-east-2
50.812406203101546,0.004469529270166826,aws-region=us-east-2
50.89344672336168,0.0044547940422203286,aws-region=us-east-2
50.97448724362181,0.00444027443597111,aws-region=us-east-2
51.05552776388194,0.00442596928163464,aws-region=us-east-2
51.13656828414207,0.004411877575002094,aws-region=us-east-2
51.2176088044022,0.004397998470473804,aws-region=us-east-2
51.29864932466233,0.0043843312738964324,aws-region=us-east-2
51.37968984492246,0.00437087543520336,aws-region=us-east-2
51.46073036518259,0.004357630540861718,aws-region=us-east-2
51.541770885442716,0.004344596306128264,aws-region=us-east-2
51.62281140570285,0.004331772567119595,aws-region=us-east-2
51.70385192596298,0.004319159272702938,aws-region=us-east-2
51.78489244622311,0.0043067564762151855,aws-region=us-east-2
51.86593296648324,0.0042945643270194496,aws-region=us-east-2
51.94697348674337,0.004282583061910513,aws-region=us-east-2
52.0280140070035,0.004270812996380397,aws-region=us-east-2
52.10905452726363,0.004259254515758835,aws-region=us-east-2
52.19009504752376,0.004247908066243202,aws-region=us-east-2
52.27113556778389,0.0042367741458340415,aws-region=us-east-2
52.35217608804402,0.004225853295195006,aws-region=us-east-2
52.43321660830415,0.004215146088454971,aws-region=us-east-2
52.51425712856428,0.00420465312397294,aws-region=us-east-2
52.595297648824406,0.0041943750150871435,aws-region=us-east-2
52.67633816908454,0.004184312380869733,aws-region=us-east-2
52.75737868934467,0.004174465836910713,aws-region=us-east-2
52.8384192096048,0.004164835986153968,aws-region=us-east-2
52.91945972986493,0.004155423409810326,aws-region=us-east-2
53.00050025012506,0.004146228658371709,aws-region=us-east-2
53.08154077038519,0.004137252242752234,aws-region=us-east-2
53.16258129064532,0.004128494625580618,aws-region=us-east-2
53.24362181090545,0.004119956212669649,aws-region=us-east-2
53.32466233116558,0.0041116373446884345,aws-region=us-east-2
53.40570285142571,0.004103538289061562,aws-region=us-east-2
53.48674337168584,0.004095659232120552,aws-region=us-east-2
53.56778389194597,0.0040880002715316865,aws-region=us-east-2
53.6488244122061,0.004080561409023639,aws-region=us-east-2
53.72986493246623,0.004073342543438121,aws-region=us-east-2
53.81090545272636,0.004066343464124775,aws-region=us-east-2
53.89194597298649,0.004059563844702332,aws-region=us-east-2
53.97298649324662,0.004053003237204617,aws-region=us-east-2
54.05402701350675,0.00404666106663077,aws-region=us-east-2
54.13506753376688,0.0040405366259167195,aws-region=us-east-2
54.21610805402701,0.004034629071343177,aws-region=us-east-2
54.29714857428714,0.004028937418394975,aws-region=us-east-2
54.378189094547274,0.004023460538083558,aws-region=us-east-2
54.4592296148074,0.0040181971537443465,aws-region=us-east-2
54.54027013506753,0.004013145838317142,aws-region=us-east-2
54.62131065532766,0.004008305012117431,aws-region=us-east-2
54.70235117558779,0.00400367294110384,aws-region=us-east-2
54.78339169584792,0.003999247735645303,aws-region=us-east-2
54.86443221610805,0.003995027349789562,aws-region=us-east-2
54.94547273636818,0.003991009581032794,aws-region=us-east-2
55.02651325662831,0.003987192070588437,aws-region=us-east-2
55.107553776888444,0.003983572304151055,aws-region=us-east-2
55.18859429714857,0.0039801476131493445,aws-region=us-east-2
55.2696348174087,0.003976915176481137,aws-region=us-east-2
55.35067533766883,0.0039738720227207175,aws-region=us-east-2
55.431715857928964,0.003971015032787652,aws-region=us-east-2
55.51275637818909,0.003968340943064376,aws-region=us-east-2
55.59379689844922,0.003965846348949005,aws-region=us-east-2
55.67483741870935,0.003963527708826829,aws-region=us-east-2
55.75587793896948,0.0039613813484449525,aws-region=us-east-2
55.836918459229615,0.003959403465670826,aws-region=us-east-2
55.91795897948974,0.003957590135616354,aws-region=us-east-2
55.99899949974987,0.00395593731610691,aws-region=us-east-2
56.08004002001,0.00395444085347432,aws-region=us-east-2
56.161080540270135,0.003953096488652218,aws-region=us-east-2
56.24212106053026,0.003951899863550712,aws-region=us-east-2
56.32316158079039,0.003950846527688307,aws-region=us-east-2
56.40420210105052,0.003949931945056461,aws-region=us-east-2
56.485242621310654,0.003949151501194392,aws-region=us-east-2
56.566283141570786,0.00394850051044941,aws-region=us-east-2
56.64732366183091,0.0039479742233991845,aws-region=us-east-2
56.72836418209104,0.003947567834412386,aws-region=us-east-2
56.80940470235117,0.003947276489323723,aws-region=us-east-2
56.890445222611305,0.003947095293200381,aws-region=us-east-2
56.97148574287143,0.003947019318176657,aws-region=us-east-2
57.05252626313156,0.003947043611334562,aws-region=us-east-2
57.13356678339169,0.003947163202608363,aws-region=us-east-2
57.214607303651825,0.003947373112691663,aws-region=us-east-2
57.295647823911956,0.003947668360926817,aws-region=us-east-2
57.37668834417208,0.003948043973156161,aws-region=us-east-2
57.45772886443221,0.003948494989516896,aws-region=us-east-2
57.538769384692344,0.003949016472160794,aws-region=us-east-2
57.619809904952476,0.003949603512881269,aws-region=us-east-2
57.7008504252126,0.0039502512406321185,aws-region=us-east-2
57.78189094547273,0.0039509548289217745,aws-region=us-east-2
57.86293146573286,0.0039517095030683356,aws-region=us-east-2
57.943971985992995,0.003952510547302426,aws-region=us-east-2
58.02501250625313,0.003953353311704031,aws-region=us-east-2
58.10605302651325,0.003954233218962214,aws-region=us-east-2
58.18709354677338,0.003955145770945821,aws-region=us-east-2
58.268134067033515,0.003956086555075623,aws-region=us-east-2
58.349174587293646,0.003957051250487607,aws-region=us-east-2
58.43021510755377,0.003958035633979049,aws-region=us-east-2
58.5112556278139,0.003959035585729132,aws-region=us-east-2
58.592296148074034,0.003960047094786283,aws-region=us-east-2
58.673336668334166,0.003961066264315694,aws-region=us-east-2
58.7543771885943,0.003962089316600153,aws-region=us-east-2
58.83541770885442,0.003963112597788539,aws-region=us-east-2
58.91645822911455,0.0039641325823859324,aws-region=us-east-2
58.997498749374685,0.003965145877480602,aws-region=us-east-2
59.07853926963482,0.0039661492267022615,aws-region=us-east-2
59.15957978989494,0.00396713951390737,aws-region=us-east-2
59.24062031015507,0.003968113766586548,aws-region=us-east-2
59.321660830415205,0.003969069158989685,aws-region=us-east-2
59.402701350675336,0.003970003014964664,aws-region=us-east-2
59.48374187093547,0.0039709128105049965,aws-region=us-east-2
59.56478239119559,0.003971796176002305,aws-region=us-east-2
59.645822911455724,0.003972650898199624,aws-region=us-east-2
59.726863431715856,0.003973474921840702,aws-region=us-east-2
59.80790395197599,0.003974266351011383,aws-region=us-east-2
59.88894447223611,0.003975023450169046,aws-region=us-east-2
59.969984992496244,0.0039757446448549375,aws-region=us-east-2
60.051025512756375,0.0039764285220861215,aws-region=us-east-2
60.13206603301651,0.003977073830421737,aws-region=us-east-2
60.21310655327664,0.003977679479700226,aws-region=us-east-2
60.29414707353676,0.003978244540442851,aws-region=us-east-2
60.375187593796895,0.003978768242919613,aws-region=us-east-2
60.456228114057026,0.003979249975873784,aws-region=us-east-2
60.53726863431716,0.0039796892849015796,aws-region=us-east-2
60.61830915457728,0.003980085870483279,aws-region=us-east-2
60.699349674837414,0.003980439585663504,aws-region=us-east-2
60.780390195097546,0.003980750433377581,aws-region=us-east-2
60.86143071535768,0.003981018563422396,aws-region=us-east-2
60.94247123561781,0.00398124426907028,aws-region=us-east-2
61.023511755877934,0.003981427983325176,aws-region=us-east-2
61.104552276138065,0.00398157027482112,aws-region=us-east-2
61.1855927963982,0.003981671843364226,aws-region=us-east-2
61.26663331665833,0.003981733515119333,aws-region=us-east-2
61.34767383691845,0.0039817562374449365,aws-region=us-east-2
61.428714357178585,0.003981741073379389,aws-region=us-east-2
61.509754877438716,0.003981689195784103,aws-region=us-east-2
61.59079539769885,0.003981601881149336,aws-region=us-east-2
61.67183591795898,0.00398148050307038,aws-region=us-east-2
61.752876438219104,0.003981326525402686,aws-region=us-east-2
61.833916958479236,0.003981141495106065,aws-region=us-east-2
61.91495747873937,0.003980927034789417,aws-region=us-east-2
61.9959979989995,0.0039806848349691745,aws-region=us-east-2
62.077038519259624,0.003980416646055076,aws-region=us-east-2
62.158079039519755,0.003980124270080032,aws-region=us-east-2
62.23911955977989,0.003979809552190485,aws-region=us-east-2
62.32016008004002,0.0039794743719164735,aws-region=us-east-2
62.40120060030015,0.003979120634241138,aws-region=us-east-2
62.482241120560275,0.003978750260491298,aws-region=us-east-2
62.563281640820406,0.003978365179071807,aws-region=us-east-2
62.64432216108054,0.003977967316067907,aws-region=us-east-2
62.72536268134067,0.0039775585857403485,aws-region=us-east-2
62.806403201600794,0.003977140880940429,aws-region=us-east-2
62.887443721860926,0.003976716063471459,aws-region=us-east-2
62.96848424212106,0.0039762859544257125,aws-region=us-east-2
63.04952476238119,0.003975852324525523,aws-region=us-east-2
63.13056528264132,0.003975416884498647,aws-region=us-east-2
63.211605802901445,0.003974981275518123,aws-region=us-east-2
63.29264632316158,0.0039745470597375605,aws-region=us-east-2
63.37368684342171,0.003974115710952795,aws-region=us-east-2
63.45472736368184,0.0039736886054216655,aws-region=us-east-2
63.535767883941965,0.003973267012872328,aws-region=us-east-2
63.6168084042021,0.003972852087732183,aws-region=us-east-2
63.69784892446223,0.003972444860607281,aws-region=us-east-2
63.77888944472236,0.00397204623004305,aws-region=us-east-2
63.85992996498249,0.003971656954595867,aws-region=us-east-2
63.940970485242616,0.0039712776452439065,aws-region=us-east-2
64.02201100550275,0.003970908758165674,aws-region=us-east-2
64.10305152576288,0.003970550587912725,aws-region=us-east-2
64.18409204602301,0.003970203261001783,aws-region=us-east-2
64.26513256628314,0.00396986672995079,aws-region=us-east-2
64.34617308654327,0.003969540767781011,aws-region=us-east-2
64.42721360680339,0.003969224963006386,aws-region=us-east-2
64.50825412706352,0.003968918715128808,aws-region=us-east-2
64.58929464732365,0.003968621230656794,aws-region=us-east-2
64.67033516758379,0.003968331519662607,aws-region=us-east-2
64.75137568784392,0.003968048392890766,aws-region=us-east-2
64.83241620810405,0.003967770459429151,aws-region=us-east-2
64.91345672836418,0.003967496124950937,aws-region=us-east-2
64.99449724862431,0.0039672235905343425,aws-region=us-east-2
65.07553776888444,0.003966950852063722,aws-region=us-east-2
65.15657828914456,0.003966675700214239,aws-region=us-east-2
65.2376188094047,0.003966395721019269,aws-region=us-east-2
65.31865932966483,0.003966108297017724,aws-region=us-east-2
65.39969984992496,0.003965810608976195,aws-region=us-east-2
65.48074037018509,0.003965499638178323,aws-region=us-east-2
65.56178089044522,0.0039651721692717645,aws-region=us-east-2
65.64282141070535,0.0039648247936607895,aws-region=us-east-2
65.72386193096548,0.0039644539134308845,aws-region=us-east-2
65.80490245122562,0.003964055745789004,aws-region=us-east-2
65.88594297148573,0.003963626328001934,aws-region=us-east-2
65.96698349174586,0.003963161522812964,aws-region=us-east-2
66.048024012006,0.0039626570243157825,aws-region=us-east-2
66.12906453226613,0.003962108364262604,aws-region=us-east-2
66.21010505252626,0.003961510918782238,aws-region=us-east-2
66.29114557278639,0.003960859915482769,aws-region=us-east-2
66.37218609304652,0.0039601504409122025,aws-region=us-east-2
66.45322661330665,0.00395937744834954,aws-region=us-east-2
66.53426713356679,0.003958535765897772,aws-region=us-east-2
66.6153076538269,0.003957620104850175,aws-region=us-east-2
66.69634817408703,0.003956625068300014,aws-region=us-east-2
66.77738869434717,0.0039555451599645585,aws-region=us-east-2
66.8584292146073,0.003954374793192756,aws-region=us-east-2
66.93946973486743,0.003953108300127429,aws-region=us-east-2
67.02051025512756,0.003951739940991867,aws-region=us-east-2
67.1015507753877,0.003950263913471679,aws-region=us-east-2
67.18259129564782,0.003948674362163169,aws-region=us-east-2
67.26363181590796,0.003946965388059618,aws-region=us-east-2
67.34467233616807,0.003945131058048369,aws-region=us-east-2
67.4257128564282,0.0039431654143921606,aws-region=us-east-2
67.50675337668834,0.003941062484168835,aws-region=us-east-2
67.58779389694847,0.003938816288645114,aws-region=us-east-2
67.6688344172086,0.003936420852561399,aws-region=us-east-2
67.74987493746873,0.003933870213305182,aws-region=us-east-2
67.83091545772886,0.003931158429952961,aws-region=us-east-2
67.911955977989,0.003928279592161194,aws-region=us-east-2
67.99299649824913,0.003925227828888874,aws-region=us-east-2
68.07403701850924,0.0039219973169352705,aws-region=us-east-2
68.15507753876938,0.0039185822892787445,aws-region=us-east-2
68.23611805902951,0.003914977043203158,aws-region=us-east-2
68.31715857928964,0.0039111759482009616,aws-region=us-east-2
68.39819909954977,0.003907173453642745,aws-region=us-east-2
68.4792396198099,0.003902964096205074,aws-region=us-east-2
68.56028014007003,0.0038985425070502413,aws-region=us-east-2
68.64132066033017,0.0038939034187520185,aws-region=us-east-2
68.7223611805903,0.003889041671964322,aws-region=us-east-2
68.80340170085042,0.003883952221829834,aws-region=us-east-2
68.88444222111055,0.0038786301441277324,aws-region=us-east-2
68.96548274137068,0.003873070641160691,aws-region=us-east-2
69.04652326163081,0.0038672690473824747,aws-region=us-east-2
69.12756378189094,0.0038612208347682396,aws-region=us-east-2
69.20860430215107,0.003854921617931333,aws-region=us-east-2
69.2896448224112,0.0038483671589905483,aws-region=us-east-2
69.37068534267134,0.0038415533721930543,aws-region=us-east-2
69.45172586293147,0.003834476328298537,aws-region=us-east-2
69.53276638319159,0.0038271322587310895,aws-region=us-east-2
69.61380690345172,0.003819517559505379,aws-region=us-east-2
69.69484742371185,0.003811628794934536,aws-region=us-east-2
69.77588794397198,0.003803462701126908,aws-region=us-east-2
69.85692846423211,0.003795016189279351,aws-region=us-east-2
69.93796898449224,0.0037862863487747307,aws-region=us-east-2
70.01900950475238,0.0037772704500912474,aws-region=us-east-2
70.10005002501251,0.0037679659475308336,aws-region=us-east-2
70.18109054527264,0.0037583704817743366,aws-region=us-east-2
70.26213106553276,0.00374848188226995,aws-region=us-east-2
70.34317158579289,0.0037382981694618162,aws-region=us-east-2
70.42421210605302,0.0037278175568649344,aws-region=us-east-2
70.50525262631315,0.0037170384529918955,aws-region=us-east-2
70.58629314657328,0.0037059594631366787,aws-region=us-east-2
70.66733366683341,0.0036945793910200136,aws-region=us-east-2
70.74837418709355,0.0036828972403000807,aws-region=us-east-2
70.82941470735368,0.0036709122159520034,aws-region=us-east-2
70.91045522761381,0.0036586237255183396,aws-region=us-east-2
70.99149574787393,0.00364603138023264,aws-region=us-east-2
71.07253626813406,0.003633134996017066,aws-region=us-east-2
71.15357678839419,0.0036199345943546245,aws-region=us-east-2
71.23461730865432,0.003606430403035429,aws-region=us-east-2
71.31565782891445,0.0035926228567764586,aws-region=us-east-2
71.39669834917459,0.0035785125977128283,aws-region=us-east-2
71.47773886943472,0.0035641004757585187,aws-region=us-east-2
71.55877938969485,0.0035493875488338262,aws-region=us-east-2
71.63981990995498,0.0035343750829559314,aws-region=us-east-2
71.7208604302151,0.0035190645521891587,aws-region=us-east-2
71.80190095047523,0.003503457638450202,aws-region=us-east-2
71.88294147073536,0.003487556231164087,aws-region=us-east-2
71.96398199099549,0.0034713624267657256,aws-region=us-east-2
72.04502251125562,0.0034548785280419793,aws-region=us-east-2
72.12606303151576,0.003438107043308791,aws-region=us-east-2
72.20710355177589,0.0034210506854180675,aws-region=us-east-2
72.28814407203602,0.003403712370588735,aws-region=us-east-2
72.36918459229615,0.003386095217056596,aws-region=us-east-2
72.45022511255627,0.0033682025435376245,aws-region=us-east-2
72.5312656328164,0.0033500378674996803,aws-region=us-east-2
72.61230615307653,0.0033316049032376394,aws-region=us-east-2
72.69334667333666,0.003312907559747472,aws-region=us-east-2
72.7743871935968,0.003293949938395157,aws-region=us-east-2
72.85542771385693,0.0032747363303766925,aws-region=us-east-2
72.93646823411706,0.0032552712139659917,aws-region=us-east-2
73.01750875437719,0.003235559251548242,aws-region=us-east-2
73.09854927463732,0.0032156052864364564,aws-region=us-east-2
73.17958979489744,0.00319541433947023,aws-region=us-east-2
73.26063031515757,0.0031749916053958127,aws-region=us-east-2
73.3416708354177,0.003154342449027816,aws-region=us-east-2
73.42271135567783,0.003133472401193458,aws-region=us-east-2
73.50375187593797,0.003112387154460992,aws-region=us-east-2
73.5847923961981,0.0030910925586548504,aws-region=us-east-2
73.66583291645823,0.0030695946161609132,aws-region=us-east-2
73.74687343671836,0.0030478994770261384,aws-region=us-east-2
73.82791395697849,0.0030260134338574328,aws-region=us-east-2
73.90895447723861,0.003003942916525671,aws-region=us-east-2
73.98999499749874,0.002981694486681585,aws-region=us-east-2
74.07103551775887,0.002959274832090967,aws-region=us-east-2
74.152076038019,0.0029366907607972824,aws-region=us-east-2
74.23311655827914,0.0029139491951207697,aws-region=us-east-2
74.31415707853927,0.0028910571655035738,aws-region=us-east-2
74.3951975987994,0.00286802180421147,aws-region=us-east-2
74.47623811905953,0.002844850338902718,aws-region=us-east-2
74.55727863931966,0.0028215500860759297,aws-region=us-east-2
74.63831915957978,0.0027981284444086466,aws-region=us-east-2
74.71935967983991,0.0027745928879993557,aws-region=us-east-2
74.80040020010004,0.0027509509595254828,aws-region=us-east-2
74.88144072036017,0.0027272102633309142,aws-region=us-east-2
74.9624812406203,0.002703378458456144,aws-region=us-east-2
75.04352176088044,0.0026794632516248308,aws-region=us-east-2
75.12456228114057,0.002655472390200678,aws-region=us-east-2
75.2056028014007,0.002631413655128142,aws-region=us-east-2
75.28664332166083,0.0026072948538711093,aws-region=us-east-2
75.36768384192095,0.002583123813363052,aws-region=us-east-2
75.44872436218108,0.002558908372982346,aws-region=us-east-2
75.52976488244121,0.0025346563775662315,aws-region=us-east-2
75.61080540270135,0.00251037567047626,aws-region=us-east-2
75.69184592296148,0.002486074086728301,aws-region=us-east-2
75.77288644322161,0.0024617594461991757,aws-region=us-east-2
75.85392696348174,0.0024374395469220103,aws-region=us-east-2
75.93496748374187,0.0024131221584816503,aws-region=us-east-2
76.016008004002,0.002388815015520842,aws-region=us-east-2
76.09704852426212,0.002364525811367618,aws-region=us-east-2
76.17808904452225,0.0023402621917930923,aws-region=us-east-2
76.25912956478238,0.0023160317489089584,aws-region=us-east-2
76.34017008504252,0.002291842015212448,aws-region=us-east-2
76.42121060530265,0.002267700457786315,aws-region=us-east-2
76.50225112556278,0.0022436144726604816,aws-region=us-east-2
76.58329164582291,0.0022195913793410624,aws-region=us-east-2
76.66433216608304,0.002195638415511905,aws-region=us-east-2
76.74537268634317,0.002171762731912743,aws-region=us-east-2
76.82641320660329,0.002147971387397422,aws-region=us-east-2
76.90745372686342,0.002124271344174842,aws-region=us-east-2
76.98849424712355,0.002100669463234334,aws-region=us-east-2
77.06953476738369,0.002077172499956559,aws-region=us-east-2
77.15057528764382,0.0020537870999101505,aws-region=us-east-2
77.23161580790395,0.002030519794833715,aws-region=us-east-2
77.31265632816408,0.002007376998801986,aws-region=us-east-2
77.39369684842421,0.0019843650045742066,aws-region=us-east-2
77.47473736868434,0.001961489980122586,aws-region=us-east-2
77.55577788894446,0.0019387579653373673,aws-region=us-east-2
77.6368184092046,0.001916174868905366,aws-region=us-east-2
77.71785892946473,0.001893746465357625,aws-region=us-east-2
77.79889944972486,0.0018714783922818368,aws-region=us-east-2
77.87993996998499,0.001849376147694661,aws-region=us-east-2
77.96098049024512,0.0018274450875687008,aws-region=us-east-2
78.04202101050525,0.0018056904235088157,aws-region=us-east-2
78.12306153076538,0.0017841172205719812,aws-region=us-east-2
78.20410205102552,0.0017627303952250622,aws-region=us-east-2
78.28514257128563,0.0017415347134346075,aws-region=us-east-2
78.36618309154576,0.0017205347888827375,aws-region=us-east-2
78.4472236118059,0.0016997350813034394,aws-region=us-east-2
78.52826413206603,0.0016791398949334074,aws-region=us-east-2
78.60930465232616,0.0016587533770720706,aws-region=us-east-2
78.69034517258629,0.001638579516745266,aws-region=us-east-2
78.77138569284642,0.0016186221434676396,aws-region=us-east-2
78.85242621310655,0.0015988849260990287,aws-region=us-east-2
78.93346673336669,0.0015793713717904192,aws-region=us-east-2
79.0145072536268,0.0015600848250155017,aws-region=us-east-2
79.09554777388693,0.0015410284666843882,aws-region=us-east-2
79.17658829414707,0.001522205313336395,aws-region=us-east-2
79.2576288144072,0.0015036182164094663,aws-region=us-east-2
79.33866933466733,0.001485269861584121,aws-region=us-east-2
79.41970985492746,0.0014671627682007037,aws-region=us-east-2
79.5007503751876,0.0014492992887489397,aws-region=us-east-2
79.58179089544772,0.0014316816084295955,aws-region=us-east-2
79.66283141570786,0.001414311744788619,aws-region=us-east-2
79.74387193596797,0.0013971915474245964,aws-region=us-east-2
79.8249124562281,0.0013803226977710636,aws-region=us-east-2
79.90595297648824,0.0013637067089556794,aws-region=us-east-2
79.98699349674837,0.001347344925738975,aws-region=us-east-2
80.0680340170085,0.0013312385245356283,aws-region=us-east-2
80.14907453726863,0.001315388513522001,aws-region=us-east-2
80.23011505752876,0.001299795732833998,aws-region=us-east-2
80.3111555777889,0.001284460854859669,aws-region=us-east-2
80.39219609804903,0.0012693843846315344,aws-region=us-east-2
80.47323661830914,0.001254566660323671,aws-region=us-east-2
80.55427713856928,0.0012400078538592366,aws-region=us-east-2
80.63531765882941,0.0012257079716339416,aws-region=us-east-2
80.71635817908954,0.001211666855361476,aws-region=us-east-2
80.79739869934967,0.0011978841830467808,aws-region=us-east-2
80.8784392196098,0.0011843594700932177,aws-region=us-east-2
80.95947973986993,0.0011710920705496433,aws-region=us-east-2
81.04052026013007,0.0011580811785032803,aws-region=us-east-2
81.1215607803902,0.0011453258296241736,aws-region=us-east-2
81.20260130065031,0.0011328249028667644,aws-region=us-east-2
81.28364182091045,0.0011205771223339004,aws-region=us-east-2
81.36468234117058,0.0011085810593081335,aws-region=us-east-2
81.44572286143071,0.00109683513445491,aws-region=us-east-2
81.52676338169084,0.0010853376202016516,aws-region=us-east-2
81.60780390195097,0.001074086643296236,aws-region=us-east-2
81.6888444222111,0.0010630801875479152,aws-region=us-east-2
81.76988494247124,0.001052316096752854,aws-region=us-east-2
81.85092546273137,0.0010417920778059806,aws-region=us-east-2
81.93196598299149,0.0010315057040000475,aws-region=us-east-2
82.01300650325162,0.0010214544185119427,aws-region=us-east-2
82.09404702351175,0.001011635538075663,aws-region=us-east-2
82.17508754377188,0.0010020462568403605,aws-region=us-east-2
82.25612806403201,0.000992683650411047,aws-region=us-east-2
82.33716858429214,0.0009835446800687605,aws-region=us-east-2
82.41820910455228,0.0009746261971659689,aws-region=us-east-2
82.4992496248124,0.0009659249476921209,aws-region=us-east-2
82.58029014507254,0.0009574375770034073,aws-region=us-east-2
82.66133066533266,0.0009491606347097994,aws-region=us-east-2
82.74237118559279,0.000941090579711585,aws-region=us-east-2
82.82341170585292,0.0009332237853767983,aws-region=us-east-2
82.90445222611305,0.0009255565448499128,aws-region=us-east-2
82.98549274637318,0.0009180850764815662,aws-region=us-east-2
83.06653326663331,0.0009108055293681086,aws-region=us-east-2
83.14757378689345,0.000903713988989076,aws-region=us-east-2
83.22861430715358,0.0008968064829300523,aws-region=us-east-2
83.30965482741371,0.0008900789866775463,aws-region=us-east-2
83.39069534767383,0.0008835274294721182,aws-region=us-east-2
83.47173586793396,0.0008771477002052291,aws-region=us-east-2
83.55277638819409,0.0008709356533450364,aws-region=us-east-2
83.63381690845422,0.0008648871148756878,aws-region=us-east-2
83.71485742871435,0.0008589978882345197,aws-region=us-east-2
83.79589794897448,0.0008532637602312272,aws-region=us-east-2
83.87693846923462,0.0008476805069328116,aws-region=us-east-2
83.95797898949475,0.0008422438994981254,aws-region=us-east-2
84.03901950975488,0.0008369497099456159,aws-region=us-east-2
84.120060030015,0.0008317937168381356,aws-region=us-east-2
84.20110055027513,0.0008267717108685649,aws-region=us-east-2
84.28214107053526,0.0008218795003303894,aws-region=us-east-2
84.36318159079539,0.000817112916457541,aws-region=us-east-2
84.44422211105552,0.0008124678186182299,aws-region=us-east-2
84.52526263131566,0.0008079400993478931,aws-region=us-east-2
84.60630315157579,0.0008035256892069836,aws-region=us-east-2
84.68734367183592,0.0007992205614497618,aws-region=us-east-2
84.76838419209605,0.0007950207364911209,aws-region=us-east-2
84.84942471235617,0.0007909222861590089,aws-region=us-east-2
84.9304652326163,0.0007869213377209485,aws-region=us-east-2
85.01150575287643,0.0007830140776739339,aws-region=us-east-2
85.09254627313656,0.000779196755287958,aws-region=us-east-2
85.1735867933967,0.0007754656858942995,aws-region=us-east-2
85.25462731365683,0.0007718172539108276,aws-region=us-east-2
85.33566783391696,0.0007682479155975702,aws-region=us-east-2
85.41670835417709,0.0007647542015368395,aws-region=us-east-2
85.49774887443722,0.0007613327188334604,aws-region=us-east-2
85.57878939469734,0.0007579801530316799,aws-region=us-east-2
85.65982991495747,0.0007546932697465522,aws-region=us-east-2
85.7408704352176,0.0007514689160087748,aws-region=us-east-2
85.82191095547773,0.0007483040213231253,aws-region=us-east-2
85.90295147573786,0.0007451955984418482,aws-region=us-east-2
85.983991995998,0.0007421407438555455,aws-region=us-east-2
86.06503251625813,0.0007391366380052308,aws-region=us-east-2
86.14607303651826,0.000736180545220458,aws-region=us-east-2
86.22711355677839,0.0007332698133894794,aws-region=us-east-2
86.30815407703851,0.000730401873368555,aws-region=us-east-2
86.38919459729864,0.000727574238138564,aws-region=us-east-2
86.47023511755877,0.0007247845017181292,aws-region=us-east-2
86.5512756378189,0.0007220303378434043,aws-region=us-east-2
86.63231615807904,0.0007193094984256619,aws-region=us-east-2
86.71335667833917,0.0007166198117986584,aws-region=us-east-2
86.7943971985993,0.0007139591807685359,aws-region=us-east-2
86.87543771885943,0.0007113255804799201,aws-region=us-east-2
86.95647823911956,0.0007087170561123178,aws-region=us-east-2
87.03751875937968,0.0007061317204217818,aws-region=us-east-2
87.11855927963981,0.0007035677511431664,aws-region=us-east-2
87.19959979989994,0.0007010233882688567,aws-region=us-east-2
87.28064032016007,0.0006984969312202168,aws-region=us-east-2
87.3616808404202,0.0006959867359282723,aws-region=us-east-2
87.44272136068034,0.0006934912118403989,aws-region=us-east-2
87.52376188094047,0.000691008818869934,aws-region=us-east-2
87.6048024012006,0.0006885380643056417,aws-region=us-east-2
87.68584292146073,0.0006860774996979466,aws-region=us-east-2
87.76688344172085,0.0006836257177387739,aws-region=us-east-2
87.84792396198098,0.0006811813491515836,aws-region=us-east-2
87.92896448224111,0.0006787430596079466,aws-region=us-east-2
88.01000500250125,0.0006763095466866304,aws-region=us-east-2
88.09104552276138,0.0006738795368907607,aws-region=us-east-2
88.17208604302151,0.0006714517827380894,aws-region=us-east-2
88.25312656328164,0.0006690250599388181,aws-region=us-east-2
88.33416708354177,0.0006665981646748269,aws-region=us-east-2
88.4152076038019,0.0006641699109933784,aws-region=us-east-2
88.49624812406202,0.0006617391283276394,aws-region=us-east-2
88.57728864432215,0.000659304659155561,aws-region=us-east-2
88.65832916458228,0.0006568653568077004,aws-region=us-east-2
88.73936968484242,0.0006544200834337375,aws-region=us-east-2
88.82041020510255,0.0006519677081363839,aws-region=us-east-2
88.90145072536268,0.000649507105280502,aws-region=us-east-2
88.98249124562281,0.0006470371529840851,aws-region=us-east-2
89.06353176588294,0.0006445567317968107,aws-region=us-east-2
89.14457228614307,0.0006420647235707525,aws-region=us-east-2
89.22561280640319,0.0006395600105267778,aws-region=us-east-2
89.30665332666332,0.0006370414745190631,aws-region=us-east-2
89.38769384692345,0.0006345079964990729,aws-region=us-east-2
89.46873436718359,0.0006319584561792801,aws-region=us-east-2
89.54977488744372,0.0006293917318958106,aws-region=us-east-2
89.63081540770385,0.0006268067006681954,aws-region=us-east-2
89.71185592796398,0.000624202238453335,aws-region=us-east-2
89.79289644822411,0.0006215772205898063,aws-region=us-east-2
89.87393696848424,0.0006189305224276909,aws-region=us-east-2
89.95497748874436,0.0006162610201381894,aws-region=us-east-2
90.0360180090045,0.0006135675916963386,aws-region=us-east-2
90.11705852926463,0.0006108491180294535,aws-region=us-east-2
90.19809904952476,0.0006081044843229671,aws-region=us-east-2
90.27913956978489,0.0006053325814747983,aws-region=us-east-2
90.36018009004502,0.0006025323076885818,aws-region=us-east-2
90.44122061030515,0.0005997025701955752,aws-region=us-east-2
90.52226113056528,0.0005968422870944953,aws-region=us-east-2
90.60330165082541,0.0005939503892980816,aws-region=us-east-2
90.68434217108553,0.0005910258225748088,aws-region=us-east-2
90.76538269134566,0.0005880675496738037,aws-region=us-east-2
90.8464232116058,0.0005850745525208227,aws-region=us-east-2
90.92746373186593,0.0005820458344729323,aws-region=us-east-2
91.00850425212606,0.0005789804226194395,aws-region=us-east-2
91.08954477238619,0.000575877370116578,aws-region=us-east-2
91.17058529264632,0.0005727357585434949,aws-region=us-east-2
91.25162581290645,0.0005695547002671819,aws-region=us-east-2
91.33266633316659,0.0005663333408041723,aws-region=us-east-2
91.4137068534267,0.0005630708611670115,aws-region=us-east-2
91.49474737368683,0.0005597664801838864,aws-region=us-east-2
91.57578789394697,0.000556419456780067,aws-region=us-east-2
91.6568284142071,0.0005530290922102771,aws-region=us-east-2
91.73786893446723,0.0005495947322315217,aws-region=us-east-2
91.81890945472736,0.000546115769206466,aws-region=us-east-2
91.89994997498749,0.0005425916441279258,aws-region=us-east-2
91.98099049524762,0.0005390218485557157,aws-region=us-east-2
92.06203101550776,0.0005354059264575976,aws-region=us-east-2
92.14307153576787,0.000531743475946864,aws-region=us-east-2
92.224112056028,0.000528034150909609,aws-region=us-east-2
92.30515257628814,0.0005242776625155935,aws-region=us-east-2
92.38619309654827,0.0005204737806071455,aws-region=us-east-2
92.4672336168084,0.0005166223349614119,aws-region=us-east-2
92.54827413706853,0.000512723216421867,aws-region=us-east-2
92.62931465732866,0.0005087763778957862,aws-region=us-east-2
92.7103551775888,0.0005047818352150721,aws-region=us-east-2
92.79139569784893,0.0005007396678584973,aws-region=us-east-2
92.87243621810904,0.0004966500195341794,aws-region=us-east-2
92.95347673836918,0.000492513098621698,aws-region=us-east-2
93.03451725862931,0.000488329178473978,aws-region=us-east-2
93.11555777888944,0.0004840985975796239,aws-region=us-east-2
93.19659829914957,0.0004798217595870248,aws-region=us-east-2
93.2776388194097,0.0004754991331920797,aws-region=us-east-2
93.35867933966983,0.00047113125189193256,aws-region=us-east-2
93.43971985992997,0.00046671871360756776,aws-region=us-east-2
93.5207603801901,0.000462262180178601,aws-region=us-east-2
93.60180090045021,0.00045776237673395915,aws-region=us-east-2
93.68284142071035,0.00045322009094253465,aws-region=us-east-2
93.76388194097048,0.00044863617214821645,aws-region=us-east-2
93.84492246123061,0.0004440115303939492,aws-region=us-east-2
93.92596298149074,0.00043934713533974904,aws-region=us-east-2
94.00700350175087,0.0004346440150797353,aws-region=us-east-2
94.088044022011,0.0004299032548634396,aws-region=us-east-2
94.16908454227114,0.0004251259957267145,aws-region=us-east-2
94.25012506253127,0.0004203134330376491,aws-region=us-east-2
94.33116558279139,0.00041546681496291624,aws-region=us-east-2
94.41220610305152,0.0004105874408599656,aws-region=us-east-2
94.49324662331165,0.00040567665960042766,aws-region=us-east-2
94.57428714357178,0.00040073586783001975,aws-region=us-east-2
94.65532766383191,0.0003957665081701236,aws-region=us-east-2
94.73636818409204,0.0003907700673660854,aws-region=us-east-2
94.81740870435218,0.00038574807438712276,aws-region=us-east-2
94.8984492246123,0.00038070209848252835,aws-region=us-east-2
94.97948974487244,0.00037563374719868384,aws-region=us-east-2
95.06053026513256,0.00037054466436117853,aws-region=us-east-2
95.14157078539269,0.00036543652802608647,aws-region=us-east-2
95.22261130565282,0.00036031104840425276,aws-region=us-east-2
95.30365182591295,0.0003551699657621746,aws-region=us-east-2
95.38469234617308,0.0003500150483028399,aws-region=us-east-2
95.46573286643321,0.000344848090029648,aws-region=us-east-2
95.54677338669335,0.0003396709085962992,aws-region=us-east-2
95.62781390695348,0.0003344853431453089,aws-region=us-east-2
95.70885442721361,0.00032929325213759263,aws-region=us-east-2
95.78989494747373,0.0003240965111753638,aws-region=us-east-2
95.87093546773386,0.0003188970108203765,aws-region=us-east-2
95.95197598799399,0.00031369665440940516,aws-region=us-east-2
96.03301650825412,0.0003084973558686356,aws-region=us-east-2
96.11405702851425,0.0003033010375285797,aws-region=us-east-2
96.19509754877438,0.0002981096279409202,aws-region=us-east-2
96.27613806903452,0.00029292505969867496,aws-region=us-east-2
96.35717858929465,0.00028774926726091914,aws-region=us-east-2
96.43821910955478,0.00028258418478330287,aws-region=us-east-2
96.5192596298149,0.0002774317439555426,aws-region=us-east-2
96.60030015007503,0.00027229387184703776,aws-region=us-east-2
96.68134067033516,0.00026717248876181247,aws-region=us-east-2
96.76238119059529,0.0002620695061039758,aws-region=us-east-2
96.84342171085542,0.0002569868242549499,aws-region=us-east-2
96.92446223111556,0.0002519263304637947,aws-region=us-east-2
97.00550275137569,0.00024688989675202314,aws-region=us-east-2
97.08654327163582,0.00024187937783441544,aws-region=us-east-2
97.16758379189595,0.00023689660905744096,aws-region=us-east-2
97.24862431215607,0.00023194340435702058,aws-region=us-east-2
97.3296648324162,0.00022702155423750048,aws-region=us-east-2
97.41070535267633,0.0002221328237738562,aws-region=us-east-2
97.49174587293646,0.0002172789506392624,aws-region=us-east-2
97.5727863931966,0.0002124616431603456,aws-region=us-east-2
97.65382691345673,0.00020768257840256832,aws-region=us-east-2
97.73486743371686,0.00020294340028833996,aws-region=us-east-2
97.81590795397699,0.00019824571775060051,aws-region=us-east-2
97.89694847423712,0.0001935911029247572,aws-region=us-east-2
97.97798899449724,0.00018898108938197178,aws-region=us-east-2
98.05902951475737,0.00018441717040693523,aws-region=us-east-2
98.1400700350175,0.0001799007973233549,aws-region=us-east-2
98.22111055527763,0.00017543337787047112,aws-region=us-east-2
98.30215107553776,0.00017101627463400154,aws-region=us-east-2
98.3831915957979,0.00016665080353496238,aws-region=us-east-2
98.46423211605803,0.00016233823237985352,aws-region=us-east-2
98.54527263631816,0.0001580797794757126,aws-region=us-east-2
98.62631315657829,0.0001538766123135324,aws-region=us-east-2
98.70735367683841,0.000149729846323517,aws-region=us-east-2
98.78839419709854,0.00014564054370558936,aws-region=us-east-2
98.86943471735867,0.0001416097123385017,aws-region=us-east-2
98.9504752376188,0.00013763830477078837,aws-region=us-east-2
99.03151575787894,0.0001337272172966905,aws-region=us-east-2
99.11255627813907,0.00012987728912002437,aws-region=us-east-2
99.1935967983992,0.00012608930160880785,aws-region=us-east-2
99.27463731865933,0.00012236397764326564,aws-region=us-east-2
99.35567783891946,0.00011870198105960648,aws-region=us-east-2
99.43671835917958,0.0001151039161917602,aws-region=us-east-2
99.51775887943971,0.00011157032751298081,aws-region=us-east-2
99.59879939969984,0.00010810169937897491,aws-region=us-east-2
99.67983991995997,0.00010469845587390676,aws-region=us-east-2
99.7608804402201,0.00010136096076034692,aws-region=us-east-2
99.84192096048024,9.808951753390624e-05,aws-region=us-east-2
99.92296148074037,9.488436958297504e-05,aws-region=us-east-2
100.0040020010005,9.174570045365269e-05,aws-region=us-east-2
100.08504252126063,8.867363421960372e-05,aws-region=us-east-2
100.16608304152075,8.566823595624716e-05,aws-region=us-east-2
100.24712356178088,8.27295123183114e-05,aws-region=us-east-2
100.32816408204101,7.985741221946516e-05,aws-region=us-east-2
100.40920460230114,7.705182761235876e-05,aws-region=us-east-2
100.49024512256128,7.431259436708828e-05,aws-region=us-east-2
100.57128564282141,7.163949324574371e-05,aws-region=us-east-2
100.65232616308154,6.903225097037775e-05,aws-region=us-east-2
100.73336668334167,6.649054138140456e-05,aws-region=us-east-2
100.8144072036018,6.401398668314053e-05,aws-region=us-east-2
100.89544772386192,6.160215877289324e-05,aws-region=us-east-2
100.97648824412205,5.9254580649730404e-05,aws-region=us-east-2
101.05752876438218,5.697072789880252e-05,aws-region=us-east-2
101.13856928464232,5.4750030246839995e-05,aws-region=us-east-2
101.21960980490245,5.259187318422933e-05,aws-region=us-east-2
101.30065032516258,5.049559964887028e-05,aws-region=us-east-2
101.38169084542271,4.846051176683108e-05,aws-region=us-east-2
101.46273136568284,4.648587264466191e-05,aws-region=us-east-2
101.54377188594297,4.4570908208099785e-05,aws-region=us-east-2
101.62481240620309,4.2714809081779673e-05,aws-region=us-east-2
101.70585292646322,4.09167325044838e-05,aws-region=us-east-2
101.78689344672335,3.917580427440761e-05,aws-region=us-east-2
101.86793396698349,3.749112071887282e-05,aws-region=us-east-2
101.94897448724362,3.586175068291935e-05,aws-region=us-east-2
102.03001500750375,3.428673753121379e-05,aws-region=us-east-2
102.11105552776388,3.276510115775084e-05,aws-region=us-east-2
102.19209604802401,3.129583999788913e-05,aws-region=us-east-2
102.27313656828414,2.9877933037340097e-05,aws-region=us-east-2
102.35417708854426,2.8510341812838874e-05,aws-region=us-east-2
102.4352176088044,2.7192012399349e-05,aws-region=us-east-2
102.51625812906452,2.592187737880372e-05,aws-region=us-east-2
102.59729864932466,2.4698857785543625e-05,aws-region=us-east-2
102.67833916958479,2.3521865023800914e-05,aws-region=us-east-2
102.75937968984492,2.23898027527737e-05,aws-region=us-east-2
102.84042021010505,2.1301568735046327e-05,aws-region=us-east-2
102.92146073036518,2.0256056644342957e-05,aws-region=us-east-2
103.00250125062531,1.925215782883401e-05,aws-region=us-east-2
103.08354177088543,1.8288763026463995e-05,aws-region=us-east-2
103.16458229114556,1.736476402903154e-05,aws-region=us-east-2
103.2456228114057,1.6479055292009973e-05,aws-region=us-east-2
103.32666333166583,1.5630535487366435e-05,aws-region=us-east-2
103.40770385192596,1.4818108996920355e-05,aws-region=us-east-2
103.48874437218609,1.404068734404326e-05,aws-region=us-east-2
103.56978489244622,1.3297190561795642e-05,aws-region=us-east-2
103.65082541270635,1.2586548495857872e-05,aws-region=us-east-2
103.73186593296649,1.1907702040902093e-05,aws-region=us-east-2
103.8129064532266,1.1259604309311256e-05,aws-region=us-east-2
103.89394697348673,1.0641221731427758e-05,aws-region=us-east-2
103.97498749374687,1.0051535086774301e-05,aws-region=us-east-2
104.056028014007,9.489540465943469e-06,aws-region=us-east-2
104.13706853426713,8.95425016310071e-06,aws-region=us-east-2
104.21810905452726,8.444693499289071e-06,aws-region=us-east-2
104.29914957478739,7.95991757694569e-06,aws-region=us-east-2
104.38019009504752,7.498987966269191e-06,aws-region=us-east-2
104.46123061530764,7.06098932427653e-06,aws-region=us-east-2
104.54227113556777,6.645025947590919e-06,aws-region=us-east-2
104.6233116558279,6.2502222601851815e-06,aws-region=us-east-2
104.70435217608804,5.875723237476737e-06,aws-region=us-east-2
104.78539269634817,5.520694768329079e-06,aws-region=us-east-2
104.8664332166083,5.1843239566647054e-06,aws-region=us-east-2
104.94747373686843,4.865819364521296e-06,aws-region=us-east-2
105.02851425712856,4.5644111985095725e-06,aws-region=us-east-2
105.1095547773887,4.279351441731227e-06,aws-region=us-east-2
105.19059529764881,4.009913933312882e-06,aws-region=us-east-2
105.27163581790894,3.755394397790154e-06,aws-region=us-east-2
105.35267633816908,3.515110426643273e-06,aws-region=us-east-2
105.43371685842921,3.2884014143393044e-06,aws-region=us-east-2
105.51475737868934,3.074628451280691e-06,aws-region=us-east-2
105.59579789894947,2.8731741760865255e-06,aws-region=us-east-2
105.6768384192096,2.6834425896557033e-06,aws-region=us-east-2
105.75787893946973,2.504858833465068e-06,aws-region=us-east-2
105.83891945972987,2.3368689345567376e-06,aws-region=us-east-2
105.91995997998998,2.178939519653118e-06,aws-region=us-east-2
106.00100050025011,2.0305575008181886e-06,aws-region=us-east-2
106.08204102051025,1.8912297350525363e-06,aws-region=us-east-2
106.16308154077038,1.7604826601705074e-06,aws-region=us-east-2
106.24412206103051,1.6378619092613328e-06,aws-region=us-east-2
106.32516258129064,1.522931905984219e-06,aws-region=us-east-2
106.40620310155077,1.4152754428859332e-06,aws-region=us-east-2
106.4872436218109,1.3144932448664121e-06,aws-region=us-east-2
106.56828414207104,1.220203519846072e-06,aws-region=us-east-2
106.64932466233115,1.1320414986152363e-06,aws-region=us-east-2
106.73036518259129,1.049658965767494e-06,aws-region=us-east-2
106.81140570285142,9.727237835373492e-07,aws-region=us-east-2
106.89244622311155,9.009194102783284e-07,aws-region=us-east-2
106.97348674337168,8.339444152325199e-07,aws-region=us-east-2
107.05452726363181,7.7151199115368e-07,aws-region=us-east-2
107.13556778389194,7.13349466258835e-07,aws-region=us-east-2
107.21660830415207,6.591978168930645e-07,aws-region=us-east-2
107.2976488244122,6.088111822037281e-07,aws-region=us-east-2
107.37868934467232,5.61956382031486e-07,aws-region=us-east-2
107.45972986493246,5.184124391369662e-07,aws-region=us-east-2
107.54077038519259,4.779701067956929e-07,aws-region=us-east-2
107.62181090545272,4.404314027079256e-07,aws-region=us-east-2
107.70285142571285,4.056091500864373e-07,aws-region=us-east-2
107.78389194597298,3.733265267039468e-07,aws-region=us-east-2
107.86493246623311,3.4341662260205653e-07,aws-region=us-east-2
107.94597298649325,3.1572200708709436e-07,aws-region=us-east-2
108.02701350675338,2.9009430556404556e-07,aws-region=us-east-2
108.1080540270135,2.663937866882554e-07,aws-region=us-east-2
108.18909454727363,2.4448896024668355e-07,aws-region=us-east-2
108.27013506753376,2.2425618611506935e-07,aws-region=us-east-2
108.35117558779389,2.055792945754443e-07,aws-region=us-east-2
108.43221610805402,1.8834921821994935e-07,aws-region=us-east-2
108.51325662831415,1.7246363561119473e-07,aws-region=us-east-2
108.59429714857428,1.5782662681769855e-07,aws-region=us-east-2
108.67533766883442,1.4434834089390336e-07,aws-region=us-east-2
108.75637818909455,1.3194467532903542e-07,aws-region=us-east-2
108.83741870935467,1.2053696744690443e-07,aws-region=us-east-2
108.9184592296148,1.1005169769969387e-07,aws-region=us-east-2
108.99949974987493,1.0042020476322523e-07,aws-region=us-east-2
109.08054027013506,9.157841230838258e-08,aws-region=us-east-2
109.16158079039519,8.346656729375561e-08,aws-region=us-east-2
109.24262131065532,7.602898959789921e-08,aws-region=us-east-2
109.32366183091546,6.921383278555585e-08,aws-region=us-east-2
109.40470235117559,6.297285578105289e-08,aws-region=us-east-2
109.48574287143572,5.726120520343046e-08,aws-region=us-east-2
109.56678339169584,5.203720810162534e-08,aws-region=us-east-2
109.64782391195597,4.726217481429639e-08,aws-region=us-east-2
109.7288644322161,4.2900211667202755e-08,aws-region=us-east-2
109.80990495247623,3.891804321153948e-08,aws-region=us-east-2
109.89094547273636,3.528484369912512e-08,aws-region=us-east-2
109.9719859929965,3.1972077484557464e-08,aws-region=us-east-2
110.05302651325663,2.895334804049712e-08,aws-region=us-east-2
110.13406703351676,2.6204255269811072e-08,aws-region=us-east-2
110.21510755377689,2.3702260797324236e-08,aws-region=us-east-2
110.296148074037,2.1426560924364007e-08,aws-region=us-east-2
110.37718859429714,1.9357966930844623e-08,aws-region=us-east-2
110.45822911455727,1.747879241241e-08,aws-region=us-east-2
110.5392696348174,1.577274734385653e-08,aws-region=us-east-2
110.62031015507753,1.4224838564692417e-08,aws-region=us-east-2
110.70135067533766,1.282127638813431e-08,aws-region=us-east-2
110.7823911955978,1.1549387040949944e-08,aws-region=us-east-2
110.86343171585793,1.0397530648316272e-08,aws-region=us-east-2
110.94447223611806,9.355024485129155e-09,aws-region=us-east-2
111.02551275637818,8.412071222904683e-09,aws-region=us-east-2
111.10655327663831,7.559691909512133e-09,aws-region=us-east-2
111.18759379689844,6.789663427348942e-09,aws-region=us-east-2
111.26863431715857,6.094460184184679e-09,aws-region=us-east-2
111.3496748374187,5.467199799694293e-09,aws-region=us-east-2
111.43071535767884,4.901592559591512e-09,aws-region=us-east-2
111.51175587793897,4.391894418245722e-09,aws-region=us-east-2
111.5927963981991,3.932863339646292e-09,aws-region=us-east-2
111.67383691845923,3.519718775528495e-09,aws-region=us-east-2
111.75487743871935,3.1481040883743024e-09,aws-region=us-east-2
111.83591795897948,2.8140517357851472e-09,aws-region=us-east-2
111.91695847923961,2.513951041393263e-09,aws-region=us-east-2
111.99799899949974,2.244518385980065e-09,aws-region=us-east-2
112.07903951975987,2.0027696607977138e-09,aws-region=us-east-2
112.16008004002,1.7859948332168222e-09,aws-region=us-east-2
112.24112056028014,1.5917344827324707e-09,aws-region=us-east-2
112.32216108054027,1.4177581730359656e-09,aws-region=us-east-2
112.4032016008004,1.2620445332971757e-09,aws-region=us-east-2
112.48424212106052,1.1227629289801705e-09,aws-region=us-east-2
112.56528264132065,9.982566094395895e-10,aws-region=us-east-2
112.64632316158078,8.870272262003486e-10,aws-region=us-east-2
112.72736368184091,7.877206222131994e-10,aws-region=us-east-2
112.80840420210104,6.991137984991181e-10,aws-region=us-east-2
112.88944472236118,6.201029704467435e-10,aws-region=us-east-2
112.97048524262131,5.496926316099694e-10,aws-region=us-east-2
113.05152576288144,4.869855481731645e-10,aws-region=us-east-2
113.13256628314157,4.311736123080534e-10,aws-region=us-east-2
113.21360680340169,3.815294874494657e-10,aws-region=us-east-2
113.29464732366182,3.3739898306718033e-10,aws-region=us-east-2
113.37568784392195,2.9819410081887515e-10,aws-region=us-east-2
113.45672836418208,2.6338669803785763e-10,aws-region=us-east-2
113.53776888444222,2.3250271834849996e-10,aws-region=us-east-2
113.61880940470235,2.0511694281892557e-10,aws-region=us-east-2
113.69984992496248,1.8084821846256557e-10,aws-region=us-east-2
113.78089044522261,1.5935512409570654e-10,aws-region=us-east-2
113.86193096548274,1.4033203655649158e-10,aws-region=us-east-2
113.94297148574286,1.2350556309883368e-10,aws-region=us-east-2
114.02401200600299,1.086313084026116e-10,aws-region=us-east-2
114.10505252626312,9.5490947096329e-11,aws-region=us-east-2
114.18609304652325,8.388957497946779e-11,aws-region=us-east-2
114.26713356678339,7.365331426697889e-11,aws-region=us-east-2
114.34817408704352,6.462715016588828e-11,aws-region=us-east-2
114.42921460730365,5.667297794173729e-11,aws-region=us-east-2
114.51025512756378,4.966784134865228e-11,aws-region=us-east-2
114.59129564782391,4.3502344888188874e-11,aws-region=us-east-2
114.67233616808403,3.807922383668466e-11,aws-region=us-east-2
114.75337668834416,3.331205734510608e-11,aws-region=us-east-2
114.8344172086043,2.9124111176626086e-11,aws-region=us-east-2
114.91545772886442,2.544729781143761e-11,aws-region=us-east-2
114.99649824912456,2.22212427222643e-11,aws-region=us-east-2
115.07753876938469,1.9392446613244746e-11,aws-region=us-east-2
115.15857928964482,1.691353432534573e-11,aws-region=us-east-2
115.23961980990495,1.4742581948312663e-11,aws-region=us-east-2
115.32066033016508,1.2842514447757677e-11,aws-region=us-east-2
115.4017008504252,1.1180566820953063e-11,aws-region=us-east-2
115.48274137068533,9.727802440987615e-12,aws-region=us-east-2
115.56378189094546,8.4586828403704e-12,aws-region=us-east-2
115.6448224112056,7.350683726039296e-12,aws-region=us-east-2
115.72586293146573,6.383952511870134e-12,aws-region=us-east-2
115.80690345172586,5.541003105782967e-12,aws-region=us-east-2
115.88794397198599,4.806444099723409e-12,aws-region=us-east-2
115.96898449224612,4.166736885366636e-12,aws-region=us-east-2
116.05002501250625,3.6099805592126246e-12,aws-region=us-east-2
116.13106553276637,3.125720790606549e-12,aws-region=us-east-2
116.2121060530265,2.7047801076352924e-12,aws-region=us-east-2
116.29314657328663,2.3391073112008702e-12,aws-region=us-east-2
116.37418709354677,2.0216439590473672e-12,aws-region=us-east-2
116.4552276138069,1.7462060711583962e-12,aws-region=us-east-2
116.53626813406703,1.5073793976163127e-12,aws-region=us-east-2
116.61730865432716,1.3004267614847225e-12,aws-region=us-east-2
116.69834917458729,1.1212061441251997e-12,aws-region=us-east-2
116.77938969484742,9.660983200899772e-13,aws-region=us-east-2
116.86043021510754,8.319429746894914e-13,aws-region=us-east-2
116.94147073536767,7.159823507853159e-13,aws-region=us-east-2
117.0225112556278,6.158115734467658e-13,aws-region=us-east-2
117.10355177588794,5.293348928931079e-13,aws-region=us-east-2
117.18459229614807,4.547271685896501e-13,aws-region=us-east-2
117.2656328164082,3.903999913606134e-13,aws-region=us-east-2
117.34667333666833,3.3497190673071783e-13,aws-region=us-east-2
117.42771385692846,2.8724226215399767e-13,aws-region=us-east-2
117.5087543771886,2.461682540008569e-13,aws-region=us-east-2
117.58979489744871,2.1084479777047378e-13,aws-region=us-east-2
117.67083541770884,1.8048688753077847e-13,aws-region=us-east-2
117.75187593796898,1.544141485709212e-13,aws-region=us-east-2
117.8329164582291,1.3203732114195397e-13,aws-region=us-east-2
117.91395697848924,1.1284644337872316e-13,aws-region=us-east-2
117.99499749874937,9.640052841752681e-14,aws-region=us-east-2
118.0760380190095,8.231855469461701e-14,aws-region=us-east-2
118.15707853926963,7.027160973895532e-14,aws-region=us-east-2
118.23811905952977,5.997604674080786e-14,aws-region=us-east-2
118.31915957978988,5.118753003863752e-14,aws-region=us-east-2
118.40020010005001,4.369586064966629e-14,aws-region=us-east-2
118.48124062031015,3.732048628155196e-14,aws-region=us-east-2
118.56228114057028,3.190661209010038e-14,aws-region=us-east-2
118.64332166083041,2.7321838959779555e-14,aws-region=us-east-2
118.72436218109054,2.3453265432137716e-14,aws-region=us-east-2
118.80540270135067,2.0204997729468437e-14,aws-region=us-east-2
118.8864432216108,1.7496019742017463e-14,aws-region=us-east-2
118.96748374187094,1.5258381479163748e-14,aws-region=us-east-2
119.04852426213105,1.3435670431116887e-14,aws-region=us-east-2
119.12956478239118,1.1981735640988263e-14,aws-region=us-east-2
119.21060530265132,1.0859639133188722e-14,aws-region=us-east-2
119.29164582291145,1.0040813761617718e-14,aws-region=us-east-2
119.37268634317158,9.504410602881404e-15,aws-region=us-east-2
119.45372686343171,9.236822793726915e-15,aws-region=us-east-2
119.53476738369184,9.231376262097908e-15,aws-region=us-east-2
119.61580790395197,9.488181188572859e-15,aws-region=us-east-2
119.6968484242121,1.0014141318216749e-14,aws-region=us-east-2
119.77788894447222,1.0823121479330945e-14,aws-region=us-east-2
119.85892946473236,1.1936276911974401e-14,aws-region=us-east-2
119.93996998499249,1.3382551322365728e-14,aws-region=us-east-2
120.02101050525262,1.5199354017333408e-14,aws-region=us-east-2
120.10205102551275,1.7433430095669146e-14,aws-region=us-east-2
120.18309154577288,2.014194154301418e-14,aws-region=us-east-2
120.26413206603301,2.3393781259889884e-14,aws-region=us-east-2
120.34517258629315,2.7271146619115582e-14,aws-region=us-east-2
120.42621310655328,3.1871404175112127e-14,aws-region=us-east-2
120.5072536268134,3.730928271589286e-14,aws-region=us-east-2
120.58829414707353,4.3719438048639197e-14,aws-region=us-east-2
120.66933466733366,5.125943984034399e-14,aws-region=us-east-2
120.75037518759379,6.011323860444066e-14,aws-region=us-east-2
120.83141570785392,7.04951796521767e-14,aws-region=us-east-2
120.91245622811405,8.265464064633735e-14,aws-region=us-east-2
120.99349674837418,9.688138045097111e-14,aws-region=us-east-2
121.07453726863432,1.1351169942664911e-13,aws-region=us-east-2
121.15557778889445,1.329355253567965e-13,aws-region=us-east-2
121.23661830915457,1.5560455500611033e-13,aws-region=us-east-2
121.3176588294147,1.8204159912958866e-13,aws-region=us-east-2
121.39869934967483,2.1285129881512066e-13,aws-region=us-east-2
121.47973986993496,2.4873240362745443e-13,aws-region=us-east-2
121.56078039019509,2.9049182742826447e-13,aws-region=us-east-2
121.64182091045522,3.390607263099686e-13,aws-region=us-east-2
121.72286143071535,3.955128751712087e-13,aws-region=us-east-2
121.80390195097549,4.610856554869418e-13,aws-region=us-east-2
121.88494247123562,5.37204007238546e-13,aws-region=us-east-2
121.96598299149574,6.255077432684451e-13,aws-region=us-east-2
122.04702351175587,7.278826750567665e-13,aws-region=us-east-2
122.128064032016,8.464960556925841e-13,aws-region=us-east-2
122.20910455227613,9.838369092935547e-13,aws-region=us-east-2
122.29014507253626,1.1427618870458822e-12,aws-region=us-east-2
122.3711855927964,1.3265473691988743e-12,aws-region=us-east-2
122.45222611305653,1.5389486206306341e-12,aws-region=us-east-2
122.53326663331666,1.7842669059714989e-12,aws-region=us-east-2
122.61430715357679,2.0674255797872222e-12,aws-region=us-east-2
122.6953476738369,2.3940562891302303e-12,aws-region=us-east-2
122.77638819409704,2.7705965611363673e-12,aws-region=us-east-2
122.85742871435717,3.2044001986334343e-12,aws-region=us-east-2
122.9384692346173,3.703862073445326e-12,aws-region=us-east-2
123.01950975487743,4.278559091837992e-12,aws-region=us-east-2
123.10055027513756,4.939409311127484e-12,aws-region=us-east-2
123.1815907953977,5.6988514127696085e-12,aws-region=us-east-2
123.26263131565783,6.571046987358626e-12,aws-region=us-east-2
123.34367183591796,7.572108363097423e-12,aws-region=us-east-2
123.42471235617808,8.72035501392555e-12,aws-region=us-east-2
123.50575287643821,1.003660191917253e-11,aws-region=us-east-2
123.58679339669834,1.1544483616201339e-11,aws-region=us-east-2
123.66783391695847,1.3270818094027e-11,aws-region=us-east-2
123.7488744372186,1.524601512257887e-11,aws-region=us-east-2
123.82991495747874,1.750453410266211e-11,aws-region=us-east-2
123.91095547773887,2.0085397059436366e-11,aws-region=us-east-2
123.991995997999,2.3032762991401298e-11,aws-region=us-east-2
124.07303651825913,2.6396570431744993e-11,aws-region=us-east-2
124.15407703851925,3.023325578392104e-11,aws-region=us-east-2
124.23511755877938,3.460655576346037e-11,aws-region=us-east-2
124.31615807903951,3.958840311823692e-11,aws-region=us-east-2
124.39719859929964,4.525992571530773e-11,aws-region=us-east-2
124.47823911955977,5.171256007967796e-11,aws-region=us-east-2
124.5592796398199,5.904929155499659e-11,aws-region=us-east-2
124.64032016008004,6.738603443466188e-11,aws-region=us-east-2
124.72136068034017,7.685316669093088e-11,aws-region=us-east-2
124.8024012006003,8.759723531616905e-11,aws-region=us-east-2
124.88344172086042,9.978284979214874e-11,aws-region=us-east-2
124.96448224112055,1.1359478282750555e-10,aws-region=us-east-2
125.04552276138068,1.2924029925857716e-10,aws-region=us-east-2
125.12656328164081,1.4695173590292817e-10,aws-region=us-east-2
125.20760380190094,1.669893571965714e-10,aws-region=us-east-2
125.28864432216108,1.8964451364413823e-10,aws-region=us-east-2
125.36968484242121,2.1524313247542738e-10,aws-region=us-east-2
125.45072536268134,2.4414957244055595e-10,aws-region=us-east-2
125.53176588294147,2.767708774000522e-10,aws-region=us-east-2
125.61280640320159,3.1356146628395457e-10,aws-region=us-east-2
125.69384692346172,3.550283001168835e-10,aws-region=us-east-2
125.77488744372185,4.0173657014208965e-10,aws-region=us-east-2
125.85592796398198,4.543159546388308e-10,aws-region=us-east-2
125.93696848424212,5.134674958214525e-10,aws-region=us-east-2
126.01800900450225,5.799711522478453e-10,aws-region=us-east-2
126.09904952476238,6.546940864559105e-10,aws-region=us-east-2
126.18009004502251,7.38599752102197e-10,aws-region=us-east-2
126.26113056528264,8.327578497017367e-10,aws-region=us-east-2
126.34217108554276,9.38355225175182e-10,aws-region=us-east-2
126.42321160580289,1.0567077908026723e-09,aws-region=us-east-2
126.50425212606302,1.1892735538716642e-09,aws-region=us-east-2
126.58529264632315,1.3376668442976137e-09,aws-region=us-east-2
126.66633316658329,1.5036738387908106e-09,aws-region=us-east-2
126.74737368684342,1.689269485749375e-09,aws-region=us-east-2
126.82841420710355,1.8966359419797107e-09,aws-region=us-east-2
126.90945472736368,2.128182639577317e-09,aws-region=us-east-2
126.99049524762381,2.3865681088523064e-09,aws-region=us-east-2
127.07153576788393,2.674723691040666e-09,aws-region=us-east-2
127.15257628814406,2.995879282713806e-09,aws-region=us-east-2
127.2336168084042,3.3535912622630636e-09,aws-region=us-east-2
127.31465732866432,3.751772757601209e-09,aws-region=us-east-2
127.39569784892446,4.1947264232575545e-09,aws-region=us-east-2
127.47673836918459,4.6871799043550715e-09,aws-region=us-east-2
127.55777888944472,5.234324174503631e-09,aws-region=us-east-2
127.63881940970485,5.841854944429548e-09,aws-region=us-east-2
127.71985992996498,6.516017348132524e-09,aws-region=us-east-2
127.8009004502251,7.263654123519979e-09,aws-region=us-east-2
127.88194097048523,8.09225751475311e-09,aws-region=us-east-2
127.96298149074536,9.010025133930185e-09,aws-region=us-east-2
128.0440220110055,1.0025920030183312e-08,aws-region=us-east-2
128.12506253126563,1.114973522472857e-08,aws-region=us-east-2
128.20610305152576,1.2392162980821071e-08,aws-region=us-east-2
128.2871435717859,1.3764869087905108e-08,aws-region=us-east-2
128.36818409204602,1.5280572449394163e-08,aws-region=us-east-2
128.44922461230615,1.695313027346709e-08,aws-region=us-east-2
128.53026513256629,1.879762917588772e-08,aws-region=us-east-2
128.61130565282642,2.0830482513099082e-08,aws-region=us-east-2
128.69234617308655,2.306953427264071e-08,aws-region=us-east-2
128.77338669334668,2.553416985612656e-08,aws-region=us-east-2
128.85442721360678,2.824543409761203e-08,aws-region=us-east-2
128.93546773386691,3.122615686694118e-08,aws-region=us-east-2
129.01650825412705,3.4501086613613325e-08,aws-region=us-east-2
129.09754877438718,3.809703221161896e-08,aws-region=us-east-2
129.1785892946473,4.204301346954512e-08,aws-region=us-east-2
129.25962981490744,4.637042067279218e-08,aws-region=us-east-2
129.34067033516757,5.111318352600958e-08,aws-region=us-east-2
129.4217108554277,5.630794986353693e-08,aws-region=us-east-2
129.50275137568784,6.199427449369352e-08,aws-region=us-east-2
129.58379189594797,6.821481853908314e-08,aws-region=us-east-2
129.6648324162081,7.501555962933675e-08,aws-region=us-east-2
129.74587293646823,8.244601329505825e-08,aws-region=us-east-2
129.82691345672836,9.05594659016398e-08,aws-region=us-east-2
129.9079539769885,9.941321944932467e-08,aws-region=us-east-2
129.98899449724863,1.090688485509029e-07,aws-region=us-east-2
130.07003501750876,1.1959246988077806e-07,aws-region=us-east-2
130.1510755377689,1.3105502436875814e-07,aws-region=us-east-2
130.23211605802902,1.435325723883013e-07,aws-region=us-east-2
130.31315657828912,1.571066021625065e-07,aws-region=us-east-2
130.39419709854926,1.718643515810927e-07,aws-region=us-east-2
130.4752376188094,1.8789914358844781e-07,aws-region=us-east-2
130.55627813906952,2.053107352659352e-07,aws-region=us-east-2
130.63731865932965,2.2420568069127843e-07,aws-region=us-east-2
130.71835917958978,2.446977076136235e-07,aws-region=us-east-2
130.79939969984991,2.6690810793484217e-07,aws-region=us-east-2
130.88044022011005,2.909661419359556e-07,aws-region=us-east-2
130.96148074037018,3.1700945613144854e-07,aws-region=us-east-2
131.0425212606303,3.451845145748232e-07,aws-region=us-east-2
131.12356178089044,3.7564704337458304e-07,aws-region=us-east-2
131.20460230115057,4.08562488112467e-07,aws-region=us-east-2
131.2856428214107,4.4410648378384114e-07,aws-region=us-east-2
131.36668334167084,4.824653368045409e-07,aws-region=us-east-2
131.44772386193097,5.238365185494419e-07,aws-region=us-east-2
131.5287643821911,5.684291698044323e-07,aws-region=us-east-2
131.60980490245123,6.164646154275572e-07,aws-region=us-east-2
131.69084542271136,6.68176888424434e-07,aws-region=us-east-2
131.77188594297147,7.238132625506433e-07,aws-region=us-east-2
131.8529264632316,7.836347924574841e-07,aws-region=us-east-2
131.93396698349173,8.4791686029864e-07,aws-region=us-east-2
132.01500750375186,9.169497276150779e-07,aws-region=us-east-2
132.096048024012,9.910390912121876e-07,aws-region=us-east-2
132.17708854427212,1.0705066416389773e-06,aws-region=us-east-2
132.25812906453226,1.1556906227734136e-06,aws-region=us-east-2
132.3391695847924,1.246946390912652e-06,aws-region=us-east-2
132.42021010505252,1.3446469716594448e-06,aws-region=us-east-2
132.50125062531265,1.4491836127916627e-06,aws-region=us-east-2
132.58229114557278,1.5609663311955013e-06,aws-region=us-east-2
132.6633316658329,1.6804244518411538e-06,aws-region=us-east-2
132.74437218609305,1.808007136677975e-06,aws-region=us-east-2
132.82541270635318,1.9441839012279085e-06,aws-region=us-east-2
132.9064532266133,2.0894451165629873e-06,aws-region=us-east-2
132.98749374687344,2.2443024942607114e-06,aws-region=us-east-2
133.06853426713357,2.40928955184863e-06,aws-region=us-east-2
133.1495747873937,2.5849620561682227e-06,aws-region=us-east-2
133.2306153076538,2.7718984420181127e-06,aws-region=us-east-2
133.31165582791394,2.9707002033711607e-06,aws-region=us-east-2
133.39269634817407,3.181992254402612e-06,aws-region=us-east-2
133.4737368684342,3.406423257521764e-06,aws-region=us-east-2
133.55477738869433,3.6446659155606292e-06,aws-region=us-east-2
133.63581790895446,3.897417225247595e-06,aws-region=us-east-2
133.7168584292146,4.1653986890779725e-06,aws-region=us-east-2
133.79789894947473,4.4493564826938585e-06,aws-region=us-east-2
133.87893946973486,4.750061574892067e-06,aws-region=us-east-2
133.959979989995,5.068309797407669e-06,aws-region=us-east-2
134.04102051025512,5.404921861656697e-06,aws-region=us-east-2
134.12206103051525,5.760743319675433e-06,aws-region=us-east-2
134.2031015507754,6.1366444665665126e-06,aws-region=us-east-2
134.28414207103552,6.5335201818423485e-06,aws-region=us-east-2
134.36518259129565,6.952289707165096e-06,aws-region=us-east-2
134.44622311155578,7.393896358095011e-06,aws-region=us-east-2
134.5272636318159,7.859307167601264e-06,aws-region=us-east-2
134.60830415207604,8.349512459239874e-06,aws-region=us-east-2
134.68934467233615,8.86552534807371e-06,aws-region=us-east-2
134.77038519259628,9.408381167604531e-06,aws-region=us-east-2
134.8514257128564,9.979136821182304e-06,aws-region=us-east-2
134.93246623311654,1.0578870056594938e-05,aws-region=us-east-2
135.01350675337667,1.1208678662766369e-05,aws-region=us-east-2
135.0945472736368,1.1869679587761964e-05,aws-region=us-east-2
135.17558779389694,1.2563007977559658e-05,aws-region=us-east-2
135.25662831415707,1.328981613534535e-05,aws-region=us-east-2
135.3376688344172,1.4051272401381059e-05,aws-region=us-east-2
135.41870935467733,1.4848559953819543e-05,aws-region=us-east-2
135.49974987493746,1.568287553116157e-05,aws-region=us-east-2
135.5807903951976,1.6555428077388393e-05,aws-region=us-east-2
135.66183091545773,1.7467437311159863e-05,aws-region=us-east-2
135.74287143571786,1.842013222081154e-05,aws-region=us-east-2
135.823911955978,1.9414749487262916e-05,aws-region=us-east-2
135.90495247623812,2.0452531837302618e-05,aws-region=us-east-2
135.98599299649825,2.1534726330100754e-05,aws-region=us-east-2
136.06703351675839,2.2662582580166096e-05,aws-region=us-east-2
136.1480740370185,2.3837350920334314e-05,aws-region=us-east-2
136.22911455727862,2.5060280508759826e-05,aws-region=us-east-2
136.31015507753875,2.63326173842234e-05,aws-region=us-east-2
136.39119559779888,2.7655602474460012e-05,aws-region=us-east-2
136.47223611805902,2.9030469562526674e-05,aws-region=us-east-2
136.55327663831915,3.045844321660002e-05,aws-region=us-east-2
136.63431715857928,3.1940736688891594e-05,aws-region=us-east-2
136.7153576788394,3.347854978970435e-05,aws-region=us-east-2
136.79639819909954,3.507306674291818e-05,aws-region=us-east-2
136.87743871935967,3.672545402949101e-05,aws-region=us-east-2
136.9584792396198,3.843685822579074e-05,aws-region=us-east-2
137.03951975987994,4.0208403843802236e-05,aws-region=us-east-2
137.12056028014007,4.204119118046548e-05,aws-region=us-east-2
137.2016008004002,4.393629418354333e-05,aws-region=us-east-2
137.28264132066033,4.5894758341589555e-05,aws-region=us-east-2
137.36368184092046,4.7917598605661434e-05,aws-region=us-east-2
137.4447223611806,5.0005797350522644e-05,aws-region=us-east-2
137.52576288144073,5.216030238310529e-05,aws-region=us-east-2
137.60680340170083,5.4382025005997736e-05,aws-region=us-east-2
137.68784392196096,5.66718381437157e-05,aws-region=us-east-2
137.7688844422211,5.903057453939436e-05,aws-region=us-east-2
137.84992496248123,6.145902502948626e-05,aws-region=us-east-2
137.93096548274136,6.39579369038367e-05,aws-region=us-east-2
138.0120060030015,6.652801235837063e-05,aws-region=us-east-2
138.09304652326162,6.916990704734811e-05,aws-region=us-east-2
138.17408704352175,7.188422874191529e-05,aws-region=us-east-2
138.25512756378188,7.467153610134157e-05,aws-region=us-east-2
138.33616808404201,7.753233756299068e-05,aws-region=us-east-2
138.41720860430215,8.046709035671056e-05,aws-region=us-east-2
138.49824912456228,8.34761996488694e-05,aws-region=us-east-2
138.5792896448224,8.656001782085833e-05,aws-region=us-east-2
138.66033016508254,8.971884388634275e-05,aws-region=us-east-2
138.74137068534267,9.295292305107924e-05,aws-region=us-east-2
138.8224112056028,9.626244641853283e-05,aws-region=us-east-2
138.90345172586294,9.964755084396697e-05,aws-region=us-east-2
138.98449224612307,0.00010310831893910916,aws-region=us-east-2
139.06553276638317,0.0001066447792288313,aws-region=us-east-2
139.1465732866433,0.00011025690646072133,aws-region=us-east-2
139.22761380690343,0.00011394462206768902,aws-region=us-east-2
139.30865432716357,0.00011770779478319563,aws-region=us-east-2
139.3896948474237,0.00012154624140792867,aws-region=us-east-2
139.47073536768383,0.000125459727726168,aws-region=us-east-2
139.55177588794396,0.00012944796956934176,aws-region=us-east-2
139.6328164082041,0.00013351063402367212,aws-region=us-east-2
139.71385692846422,0.0001376473407781107,aws-region=us-east-2
139.79489744872436,0.00014185766360811893,aws-region=us-east-2
139.8759379689845,0.0001461411319902508,aws-region=us-east-2
139.95697848924462,0.00015049723284182216,aws-region=us-east-2
140.03801900950475,0.00015492541237942313,aws-region=us-east-2
140.11905952976488,0.0001594250780893897,aws-region=us-east-2
140.20010005002501,0.00016399560080287376,aws-region=us-east-2
140.28114057028515,0.000168636316867603,aws-region=us-east-2
140.36218109054528,0.00017334653040793408,aws-region=us-east-2
140.4432216108054,0.00017812551566441902,aws-region=us-east-2
140.5242621310655,0.00018297251940362132,aws-region=us-east-2
140.60530265132564,0.00018788676338865403,aws-region=us-east-2
140.68634317158578,0.00019286744690048412,aws-region=us-east-2
140.7673836918459,0.0001979137492999048,aws-region=us-east-2
140.84842421210604,0.00020302483261972664,aws-region=us-east-2
140.92946473236617,0.0002081998441766632,aws-region=us-east-2
141.0105052526263,0.00021343791919220472,aws-region=us-east-2
141.09154577288643,0.0002187381834116943,aws-region=us-east-2
141.17258629314657,0.00022409975571084575,aws-region=us-east-2
141.2536268134067,0.00022952175067888068,aws-region=us-east-2
141.33466733366683,0.000235003281167634,aws-region=us-east-2
141.41570785392696,0.00024054346079598982,aws-region=us-east-2
141.4967483741871,0.0002461414063992804,aws-region=us-east-2
141.57778889444722,0.0002517962404134295,aws-region=us-east-2
141.65882941470736,0.0002575070931838869,aws-region=us-east-2
141.7398699349675,0.0002632731051897717,aws-region=us-east-2
141.82091045522762,0.00026909342917387545,aws-region=us-east-2
141.90195097548775,0.00027496723216969556,aws-region=us-east-2
141.98299149574785,0.0002808936974169615,aws-region=us-east-2
142.06403201600799,0.0002868720261577076,aws-region=us-east-2
142.14507253626812,0.00029290143930529823,aws-region=us-east-2
142.22611305652825,0.0002989811789794771,aws-region=us-east-2
142.30715357678838,0.00030511050990093195,aws-region=us-east-2
142.3881940970485,0.0003112887206395246,aws-region=us-east-2
142.46923461730864,0.0003175151247108963,aws-region=us-east-2
142.55027513756878,0.0003237890615167354,aws-region=us-east-2
142.6313156578289,0.00033010989712470534,aws-region=us-east-2
142.71235617808904,0.00033647702488454403,aws-region=us-east-2
142.79339669834917,0.00034288986587761947,aws-region=us-east-2
142.8744372186093,0.0003493478691977466,aws-region=us-east-2
142.95547773886943,0.00035585051206182686,aws-region=us-east-2
143.03651825912956,0.00036239729974945424,aws-region=us-east-2
143.1175587793897,0.0003689877653712896,aws-region=us-east-2
143.19859929964983,0.0003756214694666702,aws-region=us-east-2
143.27963981990996,0.00038229799943151436,aws-region=us-east-2
143.3606803401701,0.00038901696877823987,aws-region=us-east-2
143.4417208604302,0.00039577801622997147,aws-region=us-east-2
143.52276138069033,0.00040258080465198327,aws-region=us-east-2
143.60380190095046,0.00040942501982377944,aws-region=us-east-2
143.6848424212106,0.00041631036905592246,aws-region=us-east-2
143.76588294147072,0.00042323657965612964,aws-region=us-east-2
143.84692346173085,0.0004302033972497299,aws-region=us-east-2
143.92796398199098,0.0004372105839600968,aws-region=us-east-2
144.00900450225112,0.0004442579164550729,aws-region=us-east-2
144.09004502251125,0.00045134518386594875,aws-region=us-east-2
144.17108554277138,0.0004584721855858823,aws-region=us-east-2
144.2521260630315,0.0004656387289551482,aws-region=us-east-2
144.33316658329164,0.0004728446268409259,aws-region=us-east-2
144.41420710355177,0.0004800896951196846,aws-region=us-east-2
144.4952476238119,0.00048737375007063455,aws-region=us-east-2
144.57628814407204,0.0004946966056888971,aws-region=us-east-2
144.65732866433217,0.0005020580709274759,aws-region=us-east-2
144.7383691845923,0.0005094579468772242,aws-region=us-east-2
144.81940970485243,0.0005168960238943784,aws-region=us-east-2
144.90045022511254,0.0005243720786853332,aws-region=us-east-2
144.98149074537267,0.0005318858713586,aws-region=us-east-2
145.0625312656328,0.0005394371424539866,aws-region=us-east-2
145.14357178589293,0.0005470256099592719,aws-region=us-east-2
145.22461230615306,0.0005546509663247023,aws-region=us-east-2
145.3056528264132,0.0005623128754857165,aws-region=us-east-2
145.38669334667333,0.0005700109699044918,aws-region=us-east-2
145.46773386693346,0.0005777448476408085,aws-region=us-east-2
145.5487743871936,0.000585514069462892,aws-region=us-east-2
145.62981490745372,0.0005933181560087982,aws-region=us-east-2
145.71085542771385,0.0006011565850089419,aws-region=us-east-2
145.79189594797398,0.0006090287885803157,aws-region=us-east-2
145.87293646823412,0.0006169341506028139,aws-region=us-east-2
145.95397698849425,0.0006248720041881034,aws-region=us-east-2
146.03501750875438,0.0006328416292511825,aws-region=us-east-2
146.1160580290145,0.0006408422501947902,aws-region=us-east-2
146.19709854927464,0.0006488730337164653,aws-region=us-east-2
146.27813906953477,0.0006569330867479993,aws-region=us-east-2
146.35917958979488,0.0006650214545366233,aws-region=us-east-2
146.440220110055,0.0006731371188771016,aws-region=us-east-2
146.52126063031514,0.0006812789965034603,aws-region=us-east-2
146.60230115057527,0.0006894459376488545,aws-region=us-east-2
146.6833416708354,0.0006976367247815581,aws-region=us-east-2
146.76438219109554,0.0007058500715246632,aws-region=us-east-2
146.84542271135567,0.0007140846217666319,aws-region=us-east-2
146.9264632316158,0.0007223389489692411,aws-region=us-east-2
147.00750375187593,0.000730611555678989,aws-region=us-east-2
147.08854427213606,0.0007389008732473657,aws-region=us-east-2
147.1695847923962,0.0007472052617647325,aws-region=us-east-2
147.25062531265633,0.0007555230102119561,aws-region=us-east-2
147.33166583291646,0.0007638523368330642,aws-region=us-east-2
147.4127063531766,0.0007721913897315872,aws-region=us-east-2
147.49374687343672,0.0007805382476922774,aws-region=us-east-2
147.57478739369685,0.0007888909212291716,aws-region=us-east-2
147.65582791395698,0.0007972473538600067,aws-region=us-east-2
147.73686843421712,0.0008056054236060657,aws-region=us-east-2
147.81790895447722,0.0008139629447156728,aws-region=us-east-2
147.89894947473735,0.0008223176696084248,aws-region=us-east-2
147.97998999499748,0.000830667291036375,aws-region=us-east-2
148.0610305152576,0.0008390094444572627,aws-region=us-east-2
148.14207103551774,0.0008473417106139187,aws-region=us-east-2
148.22311155577788,0.0008556616183127936,aws-region=us-east-2
148.304152076038,0.0008639666473936424,aws-region=us-east-2
148.38519259629814,0.0008722542318811788,aws-region=us-east-2
148.46623311655827,0.0008805217633085723,aws-region=us-east-2
148.5472736368184,0.0008887665942015313,aws-region=us-east-2
148.62831415707853,0.0008969860417106604,aws-region=us-east-2
148.70935467733867,0.0009051773913788688,aws-region=us-east-2
148.7903951975988,0.0009133379010294586,aws-region=us-east-2
148.87143571785893,0.0009214648047597406,aws-region=us-east-2
148.95247623811906,0.0009295553170239753,aws-region=us-east-2
149.0335167583792,0.000937606636788661,aws-region=us-east-2
149.11455727863932,0.000945615951742404,aws-region=us-east-2
149.19559779889946,0.000953580442541759,aws-region=us-east-2
149.27663831915956,0.0009614972870739574,aws-region=us-east-2
149.3576788394197,0.000969363664716657,aws-region=us-east-2
149.43871935967982,0.000977176760574504,aws-region=us-east-2
149.51975987993995,0.000984933769671821,aws-region=us-east-2
149.6008004002001,0.0009926319010804471,aws-region=us-east-2
149.68184092046022,0.001000268381961568,aws-region=us-east-2
149.76288144072035,0.001007840461500273,aws-region=us-east-2
149.84392196098048,0.0010153454147115897,aws-region=us-east-2
149.9249624812406,0.001022780546096933,aws-region=us-east-2
150.00600300150074,0.0010301431931301302,aws-region=us-east-2
150.08704352176088,0.001037430729552558,aws-region=us-east-2
150.168084042021,0.0010446405684575502,aws-region=us-east-2
150.24912456228114,0.0010517701651447124,aws-region=us-east-2
150.33016508254127,0.0010588170197257485,aws-region=us-east-2
150.4112056028014,0.0010657786794641211,aws-region=us-east-2
150.49224612306153,0.001072652740832088,aws-region=us-east-2
150.57328664332167,0.0010794368512696485,aws-region=us-east-2
150.6543271635818,0.0010861287106313387,aws-region=us-east-2
150.7353676838419,0.001092726072308171,aws-region=us-east-2
150.81640820410203,0.0010992267440135277,aws-region=us-east-2
150.89744872436216,0.001105628588223482,aws-region=us-east-2
150.9784892446223,0.0011119295222637088,aws-region=us-east-2
151.05952976488243,0.0011181275180370581,aws-region=us-east-2
151.14057028514256,0.001124220601387662,aws-region=us-east-2
151.2216108054027,0.00113020685109959,aws-region=us-east-2
151.30265132566282,0.0011360843975300344,aws-region=us-east-2
151.38369184592295,0.0011418514208791756,aws-region=us-east-2
151.46473236618309,0.001147506149101088,aws-region=us-east-2
151.54577288644322,0.0011530468554621892,aws-region=us-east-2
151.62681340670335,0.0011584718557561058,aws-region=us-east-2
151.70785392696348,0.0011637795051859324,aws-region=us-east-2
151.7888944472236,0.0011689681949272701,aws-region=us-east-2
151.86993496748374,0.0011740363483875803,aws-region=us-east-2
151.95097548774388,0.0011789824171796245,aws-region=us-east-2
152.032016008004,0.001183804876828998,aws-region=us-east-2
152.11305652826414,0.0011885022222377977,aws-region=us-east-2
152.19409704852424,0.0011930729629286018,aws-region=us-east-2
152.27513756878437,0.0011975156180948773,aws-region=us-east-2
152.3561780890445,0.0012018287114857942,aws-region=us-east-2
152.43721860930464,0.0012060107661552226,aws-region=us-east-2
152.51825912956477,0.0012100602991063428,aws-region=us-east-2
152.5992996498249,0.0012139758158647444,aws-region=us-east-2
152.68034017008503,0.0012177558050143447,aws-region=us-east-2
152.76138069034516,0.001221398732731592,aws-region=us-east-2
152.8424212106053,0.001224903037354471,aws-region=us-east-2
152.92346173086543,0.0012282671240237116,aws-region=us-east-2
153.00450225112556,0.0012314893594342075,aws-region=us-east-2
153.0855427713857,0.0012345680667352132,aws-region=us-east-2
153.16658329164582,0.0012375015206180096,aws-region=us-east-2
153.24762381190595,0.001240287942629956,aws-region=us-east-2
153.32866433216608,0.0012429254967535248,aws-region=us-east-2
153.40970485242622,0.001245412285288633,aws-region=us-east-2
153.49074537268635,0.001247746345075937,aws-region=us-east-2
153.57178589294648,0.0012499256440979478,aws-region=us-east-2
153.65282641320658,0.0012519480784937192,aws-region=us-east-2
153.73386693346671,0.0012538114700217009,aws-region=us-east-2
153.81490745372685,0.0012555135640036925,aws-region=us-east-2
153.89594797398698,0.001257052027781254,aws-region=us-east-2
153.9769884942471,0.0012584244497139485,aws-region=us-east-2
154.05802901450724,0.001259628338746645,aws-region=us-east-2
154.13906953476737,0.0012606611245708284,aws-region=us-east-2
154.2201100550275,0.0012615201584022988,aws-region=us-east-2
154.30115057528764,0.001262202714394996,aws-region=us-east-2
154.38219109554777,0.0012627059917077763,aws-region=us-east-2
154.4632316158079,0.0012630271172380002,aws-region=us-east-2
154.54427213606803,0.001263163149032597,aws-region=us-east-2
154.62531265632816,0.0012631110803840104,aws-region=us-east-2
154.7063531765883,0.0012628678446150495,aws-region=us-east-2
154.78739369684843,0.0012624303205531716,aws-region=us-east-2
154.86843421710856,0.0012617953386911557,aws-region=us-east-2
154.9494747373687,0.0012609596880275437,aws-region=us-east-2
155.03051525762882,0.0012599201235765532,aws-region=us-east-2
155.11155577788892,0.001258673374533471,aws-region=us-east-2
155.19259629814906,0.0012572161530779466,aws-region=us-east-2
155.2736368184092,0.0012555451637937935,aws-region=us-east-2
155.35467733866932,0.0012536571136805242,aws-region=us-east-2
155.43571785892945,0.0012515487227280522,aws-region=us-east-2
155.51675837918958,0.0012492167350227142,aws-region=us-east-2
155.5977988994497,0.001246657930349291,aws-region=us-east-2
155.67883941970985,0.0012438691362504943,aws-region=us-east-2
155.75987993996998,0.0012408472405022926,aws-region=us-east-2
155.8409204602301,0.0012375892039604612,aws-region=us-east-2
155.92196098049024,0.0012340920737310091,aws-region=us-east-2
156.00300150075037,0.0012303529966145354,aws-region=us-east-2
156.0840420210105,0.001226369232772199,aws-region=us-east-2
156.16508254127064,0.0012221381695588871,aws-region=us-east-2
156.24612306153077,0.001217657335467189,aws-region=us-east-2
156.3271635817909,0.0012129244141242301,aws-region=us-east-2
156.40820410205103,0.0012079372582819421,aws-region=us-east-2
156.48924462231116,0.00120269390374037,aws-region=us-east-2
156.57028514257127,0.0011971925831426261,aws-region=us-east-2
156.6513256628314,0.0011914317395797763,aws-region=us-east-2
156.73236618309153,0.0011854100399435613,aws-region=us-east-2
156.81340670335166,0.0011791263879650036,aws-region=us-east-2
156.8944472236118,0.001172579936877359,aws-region=us-east-2
156.97548774387192,0.0011657701016425045,aws-region=us-east-2
157.05652826413206,0.0011586965706809364,aws-region=us-east-2
157.1375687843922,0.0011513593170467827,aws-region=us-east-2
157.21860930465232,0.001143758608990921,aws-region=us-east-2
157.29964982491245,0.001135895019857146,aws-region=us-east-2
157.38069034517258,0.0011277694372585376,aws-region=us-east-2
157.4617308654327,0.0011193830714837268,aws-region=us-east-2
157.54277138569284,0.0011107374630853488,aws-region=us-east-2
157.62381190595298,0.001101834489606187,aws-region=us-east-2
157.7048524262131,0.001092676371401523,aws-region=us-east-2
157.78589294647324,0.0010832656765199125,aws-region=us-east-2
157.86693346673337,0.0010736053246081085,aws-region=us-east-2
157.9479739869935,0.0010636985898098252,aws-region=us-east-2
158.0290145072536,0.0010535491026321118,aws-region=us-east-2
158.11005502751374,0.0010431608507571852,aws-region=us-east-2
158.19109554777387,0.0010325381787821514,aws-region=us-east-2
158.272136068034,0.0010216857868731572,aws-region=us-east-2
158.35317658829413,0.0010106087283254424,aws-region=us-east-2
158.43421710855426,0.0009993124060250413,aws-region=us-east-2
158.5152576288144,0.0009878025678127793,aws-region=us-east-2
158.59629814907453,0.0009760853007556742,aws-region=us-east-2
158.67733866933466,0.0009641670243357409,aws-region=us-east-2
158.7583791895948,0.0009520544825706045,aws-region=us-east-2
158.83941970985492,0.0009397547350850741,aws-region=us-east-2
158.92046023011505,0.0009272751471572964,aws-region=us-east-2
159.0015007503752,0.0009146233787674342,aws-region=us-east-2
159.08254127063532,0.0009018073726812285,aws-region=us-east-2
159.16358179089545,0.0008888353416048077,aws-region=us-east-2
159.24462231115558,0.0008757157544511965,aws-region=us-east-2
159.3256628314157,0.0008624573217626382,aws-region=us-east-2
159.40670335167584,0.0008490689803365411,aws-region=us-east-2
159.48774387193595,0.0008355598771061455,aws-region=us-east-2
159.56878439219608,0.0008219393523300558,aws-region=us-east-2
159.6498249124562,0.0008082169221478703,aws-region=us-east-2
159.73086543271634,0.0007944022605613724,aws-region=us-east-2
159.81190595297647,0.0007805051809034201,aws-region=us-east-2
159.8929464732366,0.0007665356168583637,aws-region=us-east-2
159.97398699349674,0.0007525036030998025,aws-region=us-east-2
160.05502751375687,0.0007384192556126087,aws-region=us-east-2
160.136068034017,0.0007242927517675335,aws-region=us-east-2
160.21710855427713,0.0007101343102171794,aws-region=us-east-2
160.29814907453726,0.0006959541706827665,aws-region=us-east-2
160.3791895947974,0.0006817625737012045,aws-region=us-east-2
160.46023011505753,0.0006675697404016546,aws-region=us-east-2
160.54127063531766,0.0006533858523804683,aws-region=us-east-2
160.6223111555778,0.0006392210317423535,aws-region=us-east-2
160.70335167583792,0.0006250853213746109,aws-region=us-east-2
160.78439219609805,0.0006109886655198774,aws-region=us-east-2
160.86543271635819,0.000596940890710933,aws-region=us-east-2
160.9464732366183,0.00058295168712941,aws-region=us-east-2
161.02751375687842,0.0005690305904476821,aws-region=us-east-2
161.10855427713855,0.0005551869642110676,aws-region=us-east-2
161.18959479739868,0.0005414299828143736,aws-region=us-east-2
161.27063531765882,0.0005277686151242352,aws-region=us-east-2
161.35167583791895,0.000514211608795262,aws-region=us-east-2
161.43271635817908,0.0005007674753249358,aws-region=us-east-2
161.5137568784392,0.00048744447588852175,aws-region=us-east-2
161.59479739869934,0.0004742506079917729,aws-region=us-east-2
161.67583791895947,0.0004611935929754686,aws-region=us-east-2
161.7568784392196,0.00044828086440186894,aws-region=us-east-2
161.83791895947974,0.0004355195573494655,aws-region=us-east-2
161.91895947973987,0.00042291649863819764,aws-region=us-east-2
162.0,0.0004104781980035593,aws-region=us-east-2
0.0,0.006873038968254078,aws-region=eu-central-1
0.08104052026013006,0.006979426299901809,aws-region=eu-central-1
0.16208104052026012,0.007086124209612428,aws-region=eu-central-1
0.24312156078039018,0.007193106126932651,aws-region=eu-central-1
0.32416208104052024,0.007300345416529159,aws-region=eu-central-1
0.40520260130065033,0.007407815404311962,aws-region=eu-central-1
0.48624312156078037,0.007515489403619138,aws-region=eu-central-1
0.5672836418209104,0.007623340741422966,aws-region=eu-central-1
0.6483241620810405,0.007731342784515718,aws-region=eu-central-1
0.7293646823411706,0.007839468965636122,aws-region=eu-central-1
0.8104052026013007,0.007947692809495623,aws-region=eu-central-1
0.8914457228614306,0.008055987958663552,aws-region=eu-central-1
0.9724862431215607,0.008164328199272852,aws-region=eu-central-1
1.0535267633816907,0.008272687486504959,aws-region=eu-central-1
1.1345672836418208,0.00838103996981633,aws-region=eu-central-1
1.215607803901951,0.00848936001786616,aws-region=eu-central-1
1.296648324162081,0.008597622243109055,aws-region=eu-central-1
1.377688844422211,0.008705801526013251,aws-region=eu-central-1
1.4587293646823412,0.008813873038868672,aws-region=eu-central-1
1.5397698849424712,0.0089218122691488,aws-region=eu-central-1
1.6208104052026013,0.009029595042390462,aws-region=eu-central-1
1.7018509254627312,0.009137197544557605,aws-region=eu-central-1
1.7828914457228613,0.00924459634385614,aws-region=eu-central-1
1.8639319659829914,0.009351768411966688,aws-region=eu-central-1
1.9449724862431215,0.00945869114466456,aws-region=eu-central-1
2.0260130065032516,0.009565342381797244,aws-region=eu-central-1
2.1070535267633814,0.009671700426589495,aws-region=eu-central-1
2.1880940470235117,0.009777744064249728,aws-region=eu-central-1
2.2691345672836416,0.009883452579850556,aws-region=eu-central-1
2.350175087543772,0.009988805775458178,aws-region=eu-central-1
2.431215607803902,0.010093783986488454,aws-region=eu-central-1
2.512256128064032,0.01019836809726617,aws-region=eu-central-1
2.593296648324162,0.010302539555767017,aws-region=eu-central-1
2.674337168584292,0.010406280387523793,aws-region=eu-central-1
2.755377688844422,0.010509573208677979,aws-region=eu-central-1
2.836418209104552,0.010612401238161462,aws-region=eu-central-1
2.9174587293646823,0.01071474830899277,aws-region=eu-central-1
2.998499249624812,0.010816598878676087,aws-region=eu-central-1
3.0795397698849425,0.010917938038689965,aws-region=eu-central-1
3.1605802901450724,0.01101875152305632,aws-region=eu-central-1
3.2416208104052027,0.01111902571598192,aws-region=eu-central-1
3.3226613306653325,0.011218747658564952,aws-region=eu-central-1
3.4037018509254624,0.011317905054561326,aws-region=eu-central-1
3.4847423711855927,0.011416486275207794,aws-region=eu-central-1
3.5657828914457226,0.011514480363097681,aws-region=eu-central-1
3.646823411705853,0.011611877035113176,aws-region=eu-central-1
3.7278639319659828,0.011708666684408713,aws-region=eu-central-1
3.808904452226113,0.011804840381454358,aws-region=eu-central-1
3.889944972486243,0.01190038987413847,aws-region=eu-central-1
3.970985492746373,0.01199530758693813,aws-region=eu-central-1
4.052026013006503,0.01208958661916111,aws-region=eu-central-1
4.133066533266633,0.012183220742272391,aws-region=eu-central-1
4.214107053526763,0.01227620439630913,aws-region=eu-central-1
4.295147573786894,0.012368532685400297,aws-region=eu-central-1
4.3761880940470235,0.012460201372399567,aws-region=eu-central-1
4.457228614307153,0.012551206872647365,aws-region=eu-central-1
4.538269134567283,0.012641546246875938,aws-region=eu-central-1
4.619309654827413,0.012731217193273709,aws-region=eu-central-1
4.700350175087544,0.012820218038725694,aws-region=eu-central-1
4.781390695347674,0.012908547729248815,aws-region=eu-central-1
4.862431215607804,0.01299620581964141,aws-region=eu-central-1
4.943471735867933,0.01308319246236639,aws-region=eu-central-1
5.024512256128064,0.01316950839569123,aws-region=eu-central-1
5.105552776388194,0.01325515493110387,aws-region=eu-central-1
5.186593296648324,0.01334013394003132,aws-region=eu-central-1
5.267633816908454,0.01342444783988235,aws-region=eu-central-1
5.348674337168584,0.01350809957943934,aws-region=eu-central-1
5.429714857428714,0.013591092623624148,aws-region=eu-central-1
5.510755377688844,0.013673430937667293,aws-region=eu-central-1
5.591795897948974,0.013755118970701022,aws-region=eu-central-1
5.672836418209104,0.013836161638809873,aws-region=eu-central-1
5.753876938469235,0.01391656430756122,aws-region=eu-central-1
5.834917458729365,0.01399633277404855,aws-region=eu-central-1
5.9159579789894945,0.01407547324847069,aws-region=eu-central-1
5.996998499249624,0.01415399233528201,aws-region=eu-central-1
6.078039019509754,0.01423189701393678,aws-region=eu-central-1
6.159079539769885,0.01430919461926293,aws-region=eu-central-1
6.240120060030015,0.014385892821489976,aws-region=eu-central-1
6.321160580290145,0.014461999605963586,aws-region=eu-central-1
6.402201100550275,0.014537523252577959,aws-region=eu-central-1
6.483241620810405,0.01461247231495231,aws-region=eu-central-1
6.564282141070535,0.014686855599385486,aws-region=eu-central-1
6.645322661330665,0.014760682143616623,aws-region=eu-central-1
6.726363181590795,0.014833961195423344,aws-region=eu-central-1
6.807403701850925,0.01490670219108587,aws-region=eu-central-1
6.888444222111056,0.014978914733749429,aws-region=eu-central-1
6.969484742371185,0.015050608571712207,aws-region=eu-central-1
7.050525262631315,0.01512179357667024,aws-region=eu-central-1
7.131565782891445,0.01519247972194864,aws-region=eu-central-1
7.212606303151575,0.015262677060746762,aws-region=eu-central-1
7.293646823411706,0.015332395704428141,aws-region=eu-central-1
7.374687343671836,0.015401645800883388,aws-region=eu-central-1
7.4557278639319655,0.01547043751299228,aws-region=eu-central-1
7.536768384192095,0.015538780997217064,aws-region=eu-central-1
7.617808904452226,0.015606686382349815,aws-region=eu-central-1
7.698849424712356,0.015674163748444696,aws-region=eu-central-1
7.779889944972486,0.015741223105959993,aws-region=eu-central-1
7.860930465232616,0.015807874375136803,aws-region=eu-central-1
7.941970985492746,0.0158741273656389,aws-region=eu-central-1
8.023011505752876,0.015939991756482235,aws-region=eu-central-1
8.104052026013006,0.016005477076274612,aws-region=eu-central-1
8.185092546273136,0.016070592683792604,aws-region=eu-central-1
8.266133066533266,0.016135347748919684,aws-region=eu-central-1
8.347173586793396,0.016199751233966105,aws-region=eu-central-1
8.428214107053526,0.016263811875395936,aws-region=eu-central-1
8.509254627313656,0.016327538165980926,aws-region=eu-central-1
8.590295147573787,0.016390938337405087,aws-region=eu-central-1
8.671335667833917,0.016454020343337504,aws-region=eu-central-1
8.752376188094047,0.016516791842995794,aws-region=eu-central-1
8.833416708354177,0.0165792601852205,aws-region=eu-central-1
8.914457228614307,0.016641432393075112,aws-region=eu-central-1
8.995497748874437,0.01670331514899446,aws-region=eu-central-1
9.076538269134566,0.016764914780496267,aws-region=eu-central-1
9.157578789394696,0.01682623724647283,aws-region=eu-central-1
9.238619309654826,0.01688728812408027,aws-region=eu-central-1
9.319659829914958,0.01694807259623914,aws-region=eu-central-1
9.400700350175088,0.017008595439760462,aws-region=eu-central-1
9.481740870435218,0.017068861014114096,aws-region=eu-central-1
9.562781390695347,0.017128873250849268,aws-region=eu-central-1
9.643821910955477,0.01718863564368109,aws-region=eu-central-1
9.724862431215607,0.017248151239254307,aws-region=eu-central-1
9.805902951475737,0.01730742262859616,aws-region=eu-central-1
9.886943471735867,0.017366451939266385,aws-region=eu-central-1
9.967983991995997,0.017425240828215588,aws-region=eu-central-1
10.049024512256128,0.017483790475358356,aws-region=eu-central-1
10.130065032516258,0.01754210157787188,aws-region=eu-central-1
10.211105552776388,0.01760017434522338,aws-region=eu-central-1
10.292146073036518,0.017658008494934516,aws-region=eu-central-1
10.373186593296648,0.01771560324908757,aws-region=eu-central-1
10.454227113556778,0.01777295733157639,aws-region=eu-central-1
10.535267633816908,0.01783006896610844,aws-region=eu-central-1
10.616308154077037,0.0178869358749579,aws-region=eu-central-1
10.697348674337167,0.017943555278471798,aws-region=eu-central-1
10.778389194597299,0.017999923895332174,aws-region=eu-central-1
10.859429714857429,0.018056037943570278,aws-region=eu-central-1
10.940470235117559,0.01811189314233805,aws-region=eu-central-1
11.021510755377689,0.018167484714427556,aws-region=eu-central-1
11.102551275637818,0.018222807389542215,aws-region=eu-central-1
11.183591795897948,0.01827785540831191,aws-region=eu-central-1
11.264632316158078,0.01833262252705033,aws-region=eu-central-1
11.345672836418208,0.01838710202324608,aws-region=eu-central-1
11.426713356678338,0.018441286701784444,aws-region=eu-central-1
11.50775387693847,0.018495168901890787,aws-region=eu-central-1
11.5887943971986,0.018548740504786283,aws-region=eu-central-1
11.66983491745873,0.018601992942050397,aws-region=eu-central-1
11.75087543771886,0.018654917204675492,aws-region=eu-central-1
11.831915957978989,0.01870750385280658,aws-region=eu-central-1
11.912956478239119,0.018759743026152537,aws-region=eu-central-1
11.993996998499249,0.018811624455054278,aws-region=eu-central-1
12.075037518759379,0.0188631374722014,aws-region=eu-central-1
12.156078039019508,0.018914271024975973,aws-region=eu-central-1
12.23711855927964,0.01896501368841392,aws-region=eu-central-1
12.31815907953977,0.019015353678763215,aws-region=eu-central-1
12.3991995997999,0.01906527886762382,aws-region=eu-central-1
12.48024012006003,0.01911477679665179,aws-region=eu-central-1
12.56128064032016,0.019163834692806324,aws-region=eu-central-1
12.64232116058029,0.019212439484122004,aws-region=eu-central-1
12.72336168084042,0.0192605778159842,aws-region=eu-central-1
12.80440220110055,0.01930823606788761,aws-region=eu-central-1
12.885442721360679,0.019355400370652975,aws-region=eu-central-1
12.96648324162081,0.019402056624083973,aws-region=eu-central-1
13.04752376188094,0.019448190515034103,aws-region=eu-central-1
13.12856428214107,0.019493787535864626,aws-region=eu-central-1
13.2096048024012,0.019538833003266486,aws-region=eu-central-1
13.29064532266133,0.01958331207741775,aws-region=eu-central-1
13.37168584292146,0.019627209781455535,aws-region=eu-central-1
13.45272636318159,0.019670511021231296,aws-region=eu-central-1
13.53376688344172,0.019713200605322712,aws-region=eu-central-1
13.61480740370185,0.019755263265275727,aws-region=eu-central-1
13.69584792396198,0.01979668367604518,aws-region=eu-central-1
13.776888444222111,0.01983744647660882,aws-region=eu-central-1
13.857928964482241,0.019877536290722284,aws-region=eu-central-1
13.93896948474237,0.019916937747785753,aws-region=eu-central-1
14.0200100050025,0.01995563550379339,aws-region=eu-central-1
14.10105052526263,0.019993614262333866,aws-region=eu-central-1
14.18209104552276,0.020030858795612477,aws-region=eu-central-1
14.26313156578289,0.020067353965462567,aws-region=eu-central-1
14.34417208604302,0.020103084744316286,aws-region=eu-central-1
14.42521260630315,0.020138036236104433,aws-region=eu-central-1
14.506253126563282,0.0201721936970511,aws-region=eu-central-1
14.587293646823412,0.020205542556337337,aws-region=eu-central-1
14.668334167083541,0.020238068436596528,aws-region=eu-central-1
14.749374687343671,0.020269757174215454,aws-region=eu-central-1
14.830415207603801,0.020300594839409235,aws-region=eu-central-1
14.911455727863931,0.020330567756036033,aws-region=eu-central-1
14.992496248124061,0.020359662521128193,aws-region=eu-central-1
15.07353676838419,0.0203878660241028,aws-region=eu-central-1
15.15457728864432,0.02041516546562579,aws-region=eu-central-1
15.235617808904452,0.020441548376101615,aws-region=eu-central-1
15.316658329164582,0.02046700263375686,aws-region=eu-central-1
15.397698849424712,0.020491516482290407,aws-region=eu-central-1
15.478739369684842,0.0205150785480644,aws-region=eu-central-1
15.559779889944972,0.02053767785680946,aws-region=eu-central-1
15.640820410205102,0.020559303849813346,aws-region=eu-central-1
15.721860930465231,0.020579946399574778,aws-region=eu-central-1
15.802901450725361,0.02059959582489103,aws-region=eu-central-1
15.883941970985491,0.02061824290536223,aws-region=eu-central-1
15.964982491245623,0.020635878895281616,aws-region=eu-central-1
16.046023011505753,0.020652495536900004,aws-region=eu-central-1
16.12706353176588,0.020668085073032597,aws-region=eu-central-1
16.208104052026012,0.02068264025899781,aws-region=eu-central-1
16.28914457228614,0.020696154373862533,aws-region=eu-central-1
16.370185092546272,0.020708621230981487,aws-region=eu-central-1
16.451225612806404,0.020720035187808163,aws-region=eu-central-1
16.532266133066532,0.020730391154970173,aws-region=eu-central-1
16.613306653326664,0.020739684604586073,aws-region=eu-central-1
16.69434717358679,0.020747911577817302,aws-region=eu-central-1
16.775387693846923,0.020755068691641756,aws-region=eu-central-1
16.85642821410705,0.02076115314483677,aws-region=eu-central-1
16.937468734367183,0.02076616272316536,aws-region=eu-central-1
17.01850925462731,0.020770095803757584,aws-region=eu-central-1
17.099549774887443,0.020772951358680364,aws-region=eu-central-1
17.180590295147574,0.02077472895768859,aws-region=eu-central-1
17.261630815407702,0.020775428770160375,aws-region=eu-central-1
17.342671335667834,0.02077505156620666,aws-region=eu-central-1
17.423711855927962,0.020773598716962428,aws-region=eu-central-1
17.504752376188094,0.02077107219405231,aws-region=eu-central-1
17.585792896448222,0.02076747456823894,aws-region=eu-central-1
17.666833416708354,0.02076280900725715,aws-region=eu-central-1
17.74787393696848,0.020757079272833948,aws-region=eu-central-1
17.828914457228613,0.02075028971690698,aws-region=eu-central-1
17.909954977488745,0.020742445277045485,aws-region=eu-central-1
17.990995497748873,0.020733551471085524,aws-region=eu-central-1
18.072036018009005,0.020723614390986207,aws-region=eu-central-1
18.153076538269133,0.020712640695922345,aws-region=eu-central-1
18.234117058529264,0.020700637604627925,aws-region=eu-central-1
18.315157578789393,0.020687612886996772,aws-region=eu-central-1
18.396198099049524,0.020673574854969314,aws-region=eu-central-1
18.477238619309652,0.020658532352708387,aws-region=eu-central-1
18.558279139569784,0.02064249474609352,aws-region=eu-central-1
18.639319659829916,0.020625471911545415,aws-region=eu-central-1
18.720360180090044,0.020607474224205172,aws-region=eu-central-1
18.801400700350175,0.02058851254549034,aws-region=eu-central-1
18.882441220610303,0.020568598210043577,aws-region=eu-central-1
18.963481740870435,0.020547743012108672,aws-region=eu-central-1
19.044522261130563,0.02052595919134773,aws-region=eu-central-1
19.125562781390695,0.02050325941813072,aws-region=eu-central-1
19.206603301650823,0.02047965677832168,aws-region=eu-central-1
19.287643821910955,0.02045516475759016,aws-region=eu-central-1
19.368684342171086,0.020429797225272467,aws-region=eu-central-1
19.449724862431214,0.02040356841781397,aws-region=eu-central-1
19.530765382691346,0.020376492921820928,aws-region=eu-central-1
19.611805902951474,0.020348585656750025,aws-region=eu-central-1
19.692846423211606,0.020319861857265364,aws-region=eu-central-1
19.773886943471734,0.020290337055297394,aws-region=eu-central-1
19.854927463731865,0.02026002706182817,aws-region=eu-central-1
19.935967983991993,0.02022894794843987,aws-region=eu-central-1
20.017008504252125,0.02019711602865413,aws-region=eu-central-1
20.098049024512257,0.02016454783909562,aws-region=eu-central-1
20.179089544772385,0.020131260120511283,aws-region=eu-central-1
20.260130065032516,0.02009726979867547,aws-region=eu-central-1
20.341170585292645,0.02006259396521626,aws-region=eu-central-1
20.422211105552776,0.020027249858389374,aws-region=eu-central-1
20.503251625812904,0.0199912548438361,aws-region=eu-central-1
20.584292146073036,0.019954626395353735,aws-region=eu-central-1
20.665332666333164,0.019917382075710977,aws-region=eu-central-1
20.746373186593296,0.019879539517537622,aws-region=eu-central-1
20.827413706853427,0.01984111640432075,aws-region=eu-central-1
20.908454227113555,0.019802130451536143,aws-region=eu-central-1
20.989494747373687,0.0197625993879438,aws-region=eu-central-1
21.070535267633815,0.01972254093707961,aws-region=eu-central-1
21.151575787893947,0.01968197279896781,aws-region=eu-central-1
21.232616308154075,0.01964091263208369,aws-region=eu-central-1
21.313656828414207,0.019599378035593522,aws-region=eu-central-1
21.394697348674335,0.01955738653189828,aws-region=eu-central-1
21.475737868934466,0.0195149555495073,aws-region=eu-central-1
21.556778389194598,0.019472102406263455,aws-region=eu-central-1
21.637818909454726,0.019428844292946463,aws-region=eu-central-1
21.718859429714858,0.019385198257278788,aws-region=eu-central-1
21.799899949974986,0.01934118118835088,aws-region=eu-central-1
21.880940470235117,0.019296809801491833,aws-region=eu-central-1
21.961980990495245,0.019252100623602046,aws-region=eu-central-1
22.043021510755377,0.01920706997896946,aws-region=eu-central-1
22.124062031015505,0.019161733975584523,aws-region=eu-central-1
22.205102551275637,0.01911610849197357,aws-region=eu-central-1
22.28614307153577,0.01907020916456284,aws-region=eu-central-1
22.367183591795897,0.0190240513755911,aws-region=eu-central-1
22.448224112056028,0.01897765024158119,aws-region=eu-central-1
22.529264632316156,0.01893102060238562,aws-region=eu-central-1
22.610305152576288,0.018884177010813494,aws-region=eu-central-1
22.691345672836416,0.01883713372285314,aws-region=eu-central-1
22.772386193096548,0.01878990468849327,aws-region=eu-central-1
22.853426713356676,0.018742503543157367,aws-region=eu-central-1
22.934467233616807,0.018694943599748545,aws-region=eu-central-1
23.01550775387694,0.01864723784131978,aws-region=eu-central-1
23.096548274137067,0.018599398914363154,aws-region=eu-central-1
23.1775887943972,0.018551439122729347,aws-region=eu-central-1
23.258629314657327,0.018503370422172226,aws-region=eu-central-1
23.33966983491746,0.018455204415524087,aws-region=eu-central-1
23.420710355177587,0.018406952348495646,aws-region=eu-central-1
23.50175087543772,0.018358625106101895,aws-region=eu-central-1
23.582791395697846,0.018310233209708787,aws-region=eu-central-1
23.663831915957978,0.01826178681469904,aws-region=eu-central-1
23.74487243621811,0.018213295708746764,aws-region=eu-central-1
23.825912956478238,0.018164769310699557,aws-region=eu-central-1
23.90695347673837,0.018116216670056508,aws-region=eu-central-1
23.987993996998497,0.01806764646703623,aws-region=eu-central-1
24.06903451725863,0.018019067013223707,aws-region=eu-central-1
24.150075037518757,0.017970486252784974,aws-region=eu-central-1
24.23111555777889,0.017921911764240746,aws-region=eu-central-1
24.312156078039017,0.017873350762783125,aws-region=eu-central-1
24.39319659829915,0.017824810103125945,aws-region=eu-central-1
24.47423711855928,0.017776296282870013,aws-region=eu-central-1
24.55527763881941,0.017727815446373776,aws-region=eu-central-1
24.63631815907954,0.01767937338910943,aws-region=eu-central-1
24.717358679339668,0.017630975562491148,aws-region=eu-central-1
24.7983991995998,0.0175826270791562,aws-region=eu-central-1
24.879439719859928,0.017534332718683876,aws-region=eu-central-1
24.96048024012006,0.017486096933732268,aws-region=eu-central-1
25.041520760380187,0.01743792385657511,aws-region=eu-central-1
25.12256128064032,0.01738981730601888,aws-region=eu-central-1
25.20360180090045,0.01734178079468258,aws-region=eu-central-1
25.28464232116058,0.017293817536617684,aws-region=eu-central-1
25.36568284142071,0.017245930455249452,aws-region=eu-central-1
25.44672336168084,0.017198122191620133,aws-region=eu-central-1
25.52776388194097,0.017150395112910166,aws-region=eu-central-1
25.6088044022011,0.017102751321218815,aws-region=eu-central-1
25.68984492246123,0.017055192662583953,aws-region=eu-central-1
25.770885442721358,0.017007720736217098,aws-region=eu-central-1
25.85192596298149,0.016960336903932168,aws-region=eu-central-1
25.93296648324162,0.0169130422997513,aws-region=eu-central-1
26.01400700350175,0.01686583783965983,aws-region=eu-central-1
26.09504752376188,0.016818724231494817,aws-region=eu-central-1
26.17608804402201,0.01677170198494108,aws-region=eu-central-1
26.25712856428214,0.01672477142161866,aws-region=eu-central-1
26.33816908454227,0.016677932685236527,aws-region=eu-central-1
26.4192096048024,0.01663118575179422,aws-region=eu-central-1
26.50025012506253,0.016584530439810254,aws-region=eu-central-1
26.58129064532266,0.01653796642055913,aws-region=eu-central-1
26.66233116558279,0.016491493228292485,aws-region=eu-central-1
26.74337168584292,0.016445110270431388,aws-region=eu-central-1
26.82441220610305,0.016398816837705433,aws-region=eu-central-1
26.90545272636318,0.0163526121142237,aws-region=eu-central-1
26.98649324662331,0.016306495187457803,aws-region=eu-central-1
27.06753376688344,0.016260465058119452,aws-region=eu-central-1
27.14857428714357,0.016214520649916634,aws-region=eu-central-1
27.2296148074037,0.0161686608191722,aws-region=eu-central-1
27.31065532766383,0.016122884364285363,aws-region=eu-central-1
27.39169584792396,0.016077190035028215,aws-region=eu-central-1
27.47273636818409,0.016031576541653957,aws-region=eu-central-1
27.553776888444222,0.01598604256381003,aws-region=eu-central-1
27.63481740870435,0.015940586759238786,aws-region=eu-central-1
27.715857928964482,0.015895207772254866,aws-region=eu-central-1
27.79689844922461,0.01584990424198666,aws-region=eu-central-1
27.87793896948474,0.015804674810371313,aws-region=eu-central-1
27.95897948974487,0.01575951812989223,aws-region=eu-central-1
28.040020010005,0.015714432871049542,aws-region=eu-central-1
28.12106053026513,0.015669417729555223,aws-region=eu-central-1
28.20210105052526,0.015624471433243851,aws-region=eu-central-1
28.283141570785393,0.015579592748691405,aws-region=eu-central-1
28.36418209104552,0.015534780487537222,aws-region=eu-central-1
28.445222611305653,0.015490033512499902,aws-region=eu-central-1
28.52626313156578,0.015445350743085872,aws-region=eu-central-1
28.607303651825912,0.015400731160983411,aws-region=eu-central-1
28.68834417208604,0.015356173815138834,aws-region=eu-central-1
28.769384692346172,0.015311677826513428,aws-region=eu-central-1
28.8504252126063,0.01526724239251799,aws-region=eu-central-1
28.93146573286643,0.01522286679112246,aws-region=eu-central-1
29.012506253126563,0.015178550384642229,aws-region=eu-central-1
29.09354677338669,0.015134292623199284,aws-region=eu-central-1
29.174587293646823,0.01509009304785941,aws-region=eu-central-1
29.25562781390695,0.015045951293447523,aws-region=eu-central-1
29.336668334167083,0.015001867091042195,aws-region=eu-central-1
29.41770885442721,0.014957840270152012,aws-region=eu-central-1
29.498749374687343,0.01491387076057757,aws-region=eu-central-1
29.57978989494747,0.014869958593964203,aws-region=eu-central-1
29.660830415207602,0.014826103905046338,aws-region=eu-central-1
29.741870935467734,0.014782306932593147,aws-region=eu-central-1
29.822911455727862,0.014738568020056693,aws-region=eu-central-1
29.903951975987994,0.014694887615932767,aws-region=eu-central-1
29.984992496248122,0.014651266273837227,aws-region=eu-central-1
30.066033016508253,0.01460770465230808,aws-region=eu-central-1
30.14707353676838,0.014564203514338639,aws-region=eu-central-1
30.228114057028513,0.01452076372665125,aws-region=eu-central-1
30.30915457728864,0.014477386258717905,aws-region=eu-central-1
30.390195097548773,0.014434072181539347,aws-region=eu-central-1
30.471235617808905,0.014390822666188265,aws-region=eu-central-1
30.552276138069033,0.014347638982129084,aws-region=eu-central-1
30.633316658329164,0.01430452249532181,aws-region=eu-central-1
30.714357178589292,0.01426147466611972,aws-region=eu-central-1
30.795397698849424,0.014218497046972398,aws-region=eu-central-1
30.876438219109552,0.014175591279944257,aws-region=eu-central-1
30.957478739369684,0.014132759094056075,aws-region=eu-central-1
31.038519259629812,0.014090002302463706,aws-region=eu-central-1
31.119559779889943,0.014047322799483007,aws-region=eu-central-1
31.200600300150075,0.014004722557470978,aws-region=eu-central-1
31.281640820410203,0.013962203623575201,aws-region=eu-central-1
31.362681340670335,0.013919768116360403,aws-region=eu-central-1
31.443721860930463,0.013877418222326183,aws-region=eu-central-1
31.524762381190595,0.013835156192322213,aws-region=eu-central-1
31.605802901450723,0.013792984337874827,aws-region=eu-central-1
31.686843421710854,0.013750905027435319,aws-region=eu-central-1
31.767883941970982,0.013708920682557833,aws-region=eu-central-1
31.848924462231114,0.013667033774020267,aws-region=eu-central-1
31.929964982491246,0.013625246817895745,aws-region=eu-central-1
32.011005502751374,0.013583562371586975,aws-region=eu-central-1
32.092046023011505,0.01354198302983083,aws-region=eu-central-1
32.17308654327164,0.013500511420684421,aws-region=eu-central-1
32.25412706353176,0.013459150201501638,aws-region=eu-central-1
32.33516758379189,0.013417902054908275,aws-region=eu-central-1
32.416208104052025,0.013376769684786035,aws-region=eu-central-1
32.49724862431216,0.013335755812271448,aws-region=eu-central-1
32.57828914457228,0.013294863171781647,aws-region=eu-central-1
32.65932966483241,0.013254094507070553,aws-region=eu-central-1
32.740370185092544,0.013213452567326492,aws-region=eu-central-1
32.821410705352676,0.01317294010331577,aws-region=eu-central-1
32.90245122561281,0.01313255986358219,aws-region=eu-central-1
32.98349174587293,0.013092314590704732,aws-region=eu-central-1
33.064532266133064,0.013052207017623746,aws-region=eu-central-1
33.145572786393195,0.013012239864039182,aws-region=eu-central-1
33.22661330665333,0.012972415832885805,aws-region=eu-central-1
33.30765382691345,0.012932737606892447,aws-region=eu-central-1
33.38869434717358,0.012893207845228016,aws-region=eu-central-1
33.469734867433715,0.012853829180239522,aws-region=eu-central-1
33.55077538769385,0.012814604214285838,aws-region=eu-central-1
33.63181590795398,0.012775535516669887,aws-region=eu-central-1
33.7128564282141,0.012736625620675098,aws-region=eu-central-1
33.793896948474234,0.012697877020704218,aws-region=eu-central-1
33.874937468734366,0.012659292169527993,aws-region=eu-central-1
33.9559779889945,0.012620873475641885,aws-region=eu-central-1
34.03701850925462,0.012582623300735025,aws-region=eu-central-1
34.118059029514754,0.012544543957270761,aws-region=eu-central-1
34.199099549774886,0.012506637706182145,aws-region=eu-central-1
34.28014007003502,0.012468906754680733,aws-region=eu-central-1
34.36118059029515,0.01243135325417963,aws-region=eu-central-1
34.44222111055527,0.012393979298333054,aws-region=eu-central-1
34.523261630815405,0.012356786921188592,aws-region=eu-central-1
34.60430215107554,0.012319778095454518,aws-region=eu-central-1
34.68534267133567,0.012282954730879885,aws-region=eu-central-1
34.76638319159579,0.012246318672746578,aws-region=eu-central-1
34.847423711855924,0.012209871700473435,aws-region=eu-central-1
34.928464232116056,0.012173615526328181,aws-region=eu-central-1
35.00950475237619,0.01213755179424774,aws-region=eu-central-1
35.09054527263632,0.012101682078764477,aws-region=eu-central-1
35.171585792896444,0.012066007884035402,aws-region=eu-central-1
35.252626313156576,0.012030530642973488,aws-region=eu-central-1
35.33366683341671,0.011995251716476588,aws-region=eu-central-1
35.41470735367684,0.011960172392754124,aws-region=eu-central-1
35.49574787393696,0.011925293886745639,aws-region=eu-central-1
35.576788394197095,0.01189061733963119,aws-region=eu-central-1
35.65782891445723,0.011856143818428876,aws-region=eu-central-1
35.73886943471736,0.011821874315677558,aws-region=eu-central-1
35.81990995497749,0.011787809749200436,aws-region=eu-central-1
35.900950475237615,0.011753950961948093,aws-region=eu-central-1
35.981990995497746,0.011720298721915646,aws-region=eu-central-1
36.06303151575788,0.01168685372213317,aws-region=eu-central-1
36.14407203601801,0.01165361658072368,aws-region=eu-central-1
36.225112556278134,0.01162058784102812,aws-region=eu-central-1
36.306153076538266,0.011587767971791837,aws-region=eu-central-1
36.3871935967984,0.011555157367410305,aws-region=eu-central-1
36.46823411705853,0.011522756348231562,aws-region=eu-central-1
36.54927463731866,0.011490565160910255,aws-region=eu-central-1
36.630315157578785,0.011458583978814019,aws-region=eu-central-1
36.71135567783892,0.011426812902473393,aws-region=eu-central-1
36.79239619809905,0.011395251960078989,aws-region=eu-central-1
36.87343671835918,0.011363901108017471,aws-region=eu-central-1
36.954477238619305,0.011332760231447345,aws-region=eu-central-1
37.035517758879436,0.01130182914490971,aws-region=eu-central-1
37.11655827913957,0.011271107592972864,aws-region=eu-central-1
37.1975987993997,0.011240595250907095,aws-region=eu-central-1
37.27863931965983,0.011210291725388224,aws-region=eu-central-1
37.359679839919956,0.011180196555227688,aws-region=eu-central-1
37.44072036018009,0.011150309212126492,aws-region=eu-central-1
37.52176088044022,0.011120629101451441,aws-region=eu-central-1
37.60280140070035,0.011091155563031955,aws-region=eu-central-1
37.683841920960475,0.011061887871975632,aws-region=eu-central-1
37.76488244122061,0.01103282523950062,aws-region=eu-central-1
37.84592296148074,0.011003966813784662,aws-region=eu-central-1
37.92696348174087,0.010975311680827412,aws-region=eu-central-1
38.008004002001,0.010946858865327072,aws-region=eu-central-1
38.089044522261126,0.010918607331568415,aws-region=eu-central-1
38.17008504252126,0.010890555984323109,aws-region=eu-central-1
38.25112556278139,0.01086270366975958,aws-region=eu-central-1
38.33216608304152,0.010835049176363727,aws-region=eu-central-1
38.413206603301646,0.010807591235868202,aws-region=eu-central-1
38.49424712356178,0.01078032852419109,aws-region=eu-central-1
38.57528764382191,0.010753259662382653,aws-region=eu-central-1
38.65632816408204,0.010726383217581268,aws-region=eu-central-1
38.73736868434217,0.010699697703976876,aws-region=eu-central-1
38.8184092046023,0.010673201583782817,aws-region=eu-central-1
38.89944972486243,0.010646893268215704,aws-region=eu-central-1
38.98049024512256,0.010620771118484635,aws-region=eu-central-1
39.06153076538269,0.010594833446788056,aws-region=eu-central-1
39.142571285642816,0.010569078517319525,aws-region=eu-central-1
39.22361180590295,0.010543504547283518,aws-region=eu-central-1
39.30465232616308,0.010518109707920251,aws-region=eu-central-1
39.38569284642321,0.010492892125540651,aws-region=eu-central-1
39.46673336668334,0.010467849882572359,aws-region=eu-central-1
39.54777388694347,0.010442981018616234,aws-region=eu-central-1
39.6288144072036,0.010418283531515042,aws-region=eu-central-1
39.70985492746373,0.010393755378434419,aws-region=eu-central-1
39.79089544772386,0.010369394476955679,aws-region=eu-central-1
39.87193596798399,0.010345198706184024,aws-region=eu-central-1
39.95297648824412,0.01032116590786848,aws-region=eu-central-1
40.03401700850425,0.01029729388753827,aws-region=eu-central-1
40.11505752876438,0.0102735804156529,aws-region=eu-central-1
40.19609804902451,0.010250023228769469,aws-region=eu-central-1
40.27713856928464,0.010226620030724663,aws-region=eu-central-1
40.35817908954477,0.010203368493834578,aws-region=eu-central-1
40.4392196098049,0.010180266260111436,aws-region=eu-central-1
40.52026013006503,0.010157310942496993,aws-region=eu-central-1
40.60130065032516,0.010134500126115541,aws-region=eu-central-1
40.68234117058529,0.010111831369543458,aws-region=eu-central-1
40.76338169084542,0.010089302206098362,aws-region=eu-central-1
40.84442221110555,0.010066910145146405,aws-region=eu-central-1
40.925462731365684,0.01004465267342789,aws-region=eu-central-1
41.00650325162581,0.010022527256402741,aws-region=eu-central-1
41.08754377188594,0.010000531339613749,aws-region=eu-central-1
41.16858429214607,0.009978662350068751,aws-region=eu-central-1
41.2496248124062,0.009956917697641796,aws-region=eu-central-1
41.33066533266633,0.009935294776490924,aws-region=eu-central-1
41.41170585292646,0.009913790966496121,aws-region=eu-central-1
41.49274637318659,0.009892403634712428,aws-region=eu-central-1
41.57378689344672,0.009871130136841232,aws-region=eu-central-1
41.654827413706855,0.009849967818717078,aws-region=eu-central-1
41.73586793396698,0.009828914017811052,aws-region=eu-central-1
41.81690845422711,0.009807966064747691,aws-region=eu-central-1
41.89794897448724,0.009787121284836896,aws-region=eu-central-1
41.978989494747374,0.009766376999618003,aws-region=eu-central-1
42.0600300150075,0.009745730528416636,aws-region=eu-central-1
42.14107053526763,0.009725179189912014,aws-region=eu-central-1
42.22211105552776,0.00970472030371385,aws-region=eu-central-1
42.30315157578789,0.009684351191948548,aws-region=eu-central-1
42.384192096048025,0.009664069180850802,aws-region=eu-central-1
42.46523261630815,0.00964387160236323,aws-region=eu-central-1
42.54627313656828,0.009623755795738348,aws-region=eu-central-1
42.62731365682841,0.009603719109144778,aws-region=eu-central-1
42.708354177088545,0.009583758901273658,aws-region=eu-central-1
42.78939469734867,0.009563872542945075,aws-region=eu-central-1
42.8704352176088,0.009544057418712738,aws-region=eu-central-1
42.95147573786893,0.009524310928464187,aws-region=eu-central-1
43.032516258129064,0.00950463048901576,aws-region=eu-central-1
43.113556778389196,0.009485013535700752,aws-region=eu-central-1
43.19459729864932,0.009465457523947271,aws-region=eu-central-1
43.27563781890945,0.009445959930846041,aws-region=eu-central-1
43.356678339169584,0.009426518256705109,aws-region=eu-central-1
43.437718859429715,0.009407130026589605,aws-region=eu-central-1
43.51875937968984,0.009387792791844886,aws-region=eu-central-1
43.59979989994997,0.009368504131601714,aws-region=eu-central-1
43.6808404202101,0.009349261654259611,aws-region=eu-central-1
43.761880940470235,0.009330062998950117,aws-region=eu-central-1
43.842921460730366,0.009310905836973776,aws-region=eu-central-1
43.92396198099049,0.009291787873212734,aws-region=eu-central-1
44.00500250125062,0.009272706847513907,aws-region=eu-central-1
44.086043021510754,0.00925366053604483,aws-region=eu-central-1
44.167083541770886,0.009234646752615839,aws-region=eu-central-1
44.24812406203101,0.009215663349970817,aws-region=eu-central-1
44.32916458229114,0.009196708221042404,aws-region=eu-central-1
44.410205102551274,0.009177779300171534,aws-region=eu-central-1
44.491245622811405,0.009158874564288428,aws-region=eu-central-1
44.57228614307154,0.009139992034054687,aws-region=eu-central-1
44.65332666333166,0.009121129774964723,aws-region=eu-central-1
44.73436718359179,0.00910228589840481,aws-region=eu-central-1
44.815407703851925,0.00908345856266847,aws-region=eu-central-1
44.896448224112056,0.00906464597392791,aws-region=eu-central-1
44.97748874437218,0.00904584638715918,aws-region=eu-central-1
45.05852926463231,0.00902705810702063,aws-region=eu-central-1
45.139569784892444,0.009008279488684028,aws-region=eu-central-1
45.220610305152576,0.008989508938616208,aws-region=eu-central-1
45.30165082541271,0.008970744915312611,aws-region=eu-central-1
45.38269134567283,0.008951985929979455,aws-region=eu-central-1
45.463731865932964,0.008933230547165882,aws-region=eu-central-1
45.544772386193095,0.008914477385345421,aws-region=eu-central-1
45.62581290645323,0.008895725117445193,aws-region=eu-central-1
45.70685342671335,0.008876972471323257,aws-region=eu-central-1
45.78789394697348,0.008858218230195246,aws-region=eu-central-1
45.868934467233615,0.008839461233007136,aws-region=eu-central-1
45.949974987493746,0.008820700374757396,aws-region=eu-central-1
46.03101550775388,0.008801934606766678,aws-region=eu-central-1
46.112056028014,0.008783162936895636,aws-region=eu-central-1
46.193096548274134,0.008764384429711539,aws-region=eu-central-1
46.274137068534266,0.008745598206604385,aws-region=eu-central-1
46.3551775887944,0.00872680344585141,aws-region=eu-central-1
46.43621810905452,0.008707999382633037,aws-region=eu-central-1
46.517258629314654,0.008689185308998907,aws-region=eu-central-1
46.598299149574785,0.008670360573785172,aws-region=eu-central-1
46.67933966983492,0.008651524582485921,aws-region=eu-central-1
46.76038019009505,0.008632676797075854,aws-region=eu-central-1
46.84142071035517,0.00861381673578903,aws-region=eu-central-1
46.922461230615305,0.008594943972853071,aws-region=eu-central-1
47.00350175087544,0.008576058138179226,aws-region=eu-central-1
47.08454227113557,0.008557158917011445,aws-region=eu-central-1
47.16558279139569,0.008538246049534542,aws-region=eu-central-1
47.246623311655824,0.008519319330442934,aws-region=eu-central-1
47.327663831915956,0.008500378608471774,aws-region=eu-central-1
47.40870435217609,0.00848142378589161,aws-region=eu-central-1
47.48974487243622,0.008462454817968475,aws-region=eu-central-1
47.570785392696344,0.008443471712390188,aws-region=eu-central-1
47.651825912956475,0.008424474528662141,aws-region=eu-central-1
47.73286643321661,0.008405463377471997,aws-region=eu-central-1
47.81390695347674,0.00838643842002672,aws-region=eu-central-1
47.89494747373686,0.008367399867362686,aws-region=eu-central-1
47.975987993996995,0.008348347979631033,aws-region=eu-central-1
48.05702851425713,0.008329283065359855,aws-region=eu-central-1
48.13806903451726,0.008310205480694645,aws-region=eu-central-1
48.21910955477739,0.008291115628619112,aws-region=eu-central-1
48.300150075037514,0.008272013958157819,aws-region=eu-central-1
48.381190595297646,0.008252900963562643,aws-region=eu-central-1
48.46223111555778,0.00823377718348372,aws-region=eu-central-1
48.54327163581791,0.008214643200128147,aws-region=eu-central-1
48.624312156078034,0.008195499638406888,aws-region=eu-central-1
48.705352676338165,0.008176347165071032,aws-region=eu-central-1
48.7863931965983,0.008157186487840858,aws-region=eu-central-1
48.86743371685843,0.008138018354526606,aws-region=eu-central-1
48.94847423711856,0.008118843552144938,aws-region=eu-central-1
49.029514757378685,0.008099662906030427,aws-region=eu-central-1
49.11055527763882,0.008080477278944532,aws-region=eu-central-1
49.19159579789895,0.008061287570182913,aws-region=eu-central-1
49.27263631815908,0.008042094714682521,aws-region=eu-central-1
49.353676838419204,0.008022899682129138,aws-region=eu-central-1
49.434717358679336,0.008003703476067018,aws-region=eu-central-1
49.51575787893947,0.007984507133010762,aws-region=eu-central-1
49.5967983991996,0.007965311721561499,aws-region=eu-central-1
49.67783891945973,0.007946118341526991,aws-region=eu-central-1
49.758879439719855,0.007926928123046325,aws-region=eu-central-1
49.83991995997999,0.007907742225721973,aws-region=eu-central-1
49.92096048024012,0.00788856183775636,aws-region=eu-central-1
50.00200100050025,0.007869388175096097,aws-region=eu-central-1
50.083041520760375,0.007850222480583174,aws-region=eu-central-1
50.16408204102051,0.007831066023113446,aws-region=eu-central-1
50.24512256128064,0.0078119200968023005,aws-region=eu-central-1
50.32616308154077,0.0077927860201585375,aws-region=eu-central-1
50.4072036018009,0.00777366513526538,aws-region=eu-central-1
50.488244122061026,0.00775455880696879,aws-region=eu-central-1
50.56928464232116,0.007735468422073677,aws-region=eu-central-1
50.65032516258129,0.007716395388546608,aws-region=eu-central-1
50.73136568284142,0.007697341134725022,aws-region=eu-central-1
50.812406203101546,0.0076783071085332584,aws-region=eu-central-1
50.89344672336168,0.007659294776703339,aws-region=eu-central-1
50.97448724362181,0.007640305624001824,aws-region=eu-central-1
51.05552776388194,0.007621341152459856,aws-region=eu-central-1
51.13656828414207,0.007602402880607736,aws-region=eu-central-1
51.2176088044022,0.007583492342711475,aws-region=eu-central-1
51.29864932466233,0.007564611088012167,aws-region=eu-central-1
51.37968984492246,0.007545760679964804,aws-region=eu-central-1
51.46073036518259,0.007526942695478897,aws-region=eu-central-1
51.541770885442716,0.007508158724155811,aws-region=eu-central-1
51.62281140570285,0.007489410367525808,aws-region=eu-central-1
51.70385192596298,0.007470699238280405,aws-region=eu-central-1
51.78489244622311,0.00745202695950026,aws-region=eu-central-1
51.86593296648324,0.007433395163878167,aws-region=eu-central-1
51.94697348674337,0.007414805492933862,aws-region=eu-central-1
52.0280140070035,0.007396259596221441,aws-region=eu-central-1
52.10905452726363,0.007377759130526948,aws-region=eu-central-1
52.19009504752376,0.007359305759055001,aws-region=eu-central-1
52.27113556778389,0.007340901150603712,aws-region=eu-central-1
52.35217608804402,0.007322546978726232,aws-region=eu-central-1
52.43321660830415,0.0073042449208778,aws-region=eu-central-1
52.51425712856428,0.0072859966575470605,aws-region=eu-central-1
52.595297648824406,0.007267803871370326,aws-region=eu-central-1
52.67633816908454,0.007249668246228319,aws-region=eu-central-1
52.75737868934467,0.007231591466322889,aws-region=eu-central-1
52.8384192096048,0.007213575215234539,aws-region=eu-central-1
52.91945972986493,0.007195621174957924,aws-region=eu-central-1
53.00050025012506,0.0071777310249154826,aws-region=eu-central-1
53.08154077038519,0.007159906440948399,aws-region=eu-central-1
53.16258129064532,0.007142149094282862,aws-region=eu-central-1
53.24362181090545,0.007124460650472438,aws-region=eu-central-1
53.32466233116558,0.00710684276831513,aws-region=eu-central-1
53.40570285142571,0.007089297098744071,aws-region=eu-central-1
53.48674337168584,0.007071825283692837,aws-region=eu-central-1
53.56778389194597,0.007054428954933044,aws-region=eu-central-1
53.6488244122061,0.007037109732886107,aws-region=eu-central-1
53.72986493246623,0.007019869225407041,aws-region=eu-central-1
53.81090545272636,0.007002709026541422,aws-region=eu-central-1
53.89194597298649,0.0069856307152551655,aws-region=eu-central-1
53.97298649324662,0.006968635854137668,aws-region=eu-central-1
54.05402701350675,0.006951725988077731,aws-region=eu-central-1
54.13506753376688,0.00693490264291378,aws-region=eu-central-1
54.21610805402701,0.006918167324057556,aws-region=eu-central-1
54.29714857428714,0.006901521515093952,aws-region=eu-central-1
54.378189094547274,0.00688496667635516,aws-region=eu-central-1
54.4592296148074,0.00686850424347255,aws-region=eu-central-1
54.54027013506753,0.006852135625905423,aws-region=eu-central-1
54.62131065532766,0.006835862205448914,aws-region=eu-central-1
54.70235117558779,0.006819685334721834,aws-region=eu-central-1
54.78339169584792,0.0068036063356358405,aws-region=eu-central-1
54.86443221610805,0.006787626497847869,aws-region=eu-central-1
54.94547273636818,0.006771747077197049,aws-region=eu-central-1
55.02651325662831,0.006755969294127965,aws-region=eu-central-1
55.107553776888444,0.006740294332102306,aws-region=eu-central-1
55.18859429714857,0.006724723336000665,aws-region=eu-central-1
55.2696348174087,0.0067092574105170185,aws-region=eu-central-1
55.35067533766883,0.00669389761854759,aws-region=eu-central-1
55.431715857928964,0.006678644979576738,aws-region=eu-central-1
55.51275637818909,0.006663500468062043,aws-region=eu-central-1
55.59379689844922,0.006648465011821607,aws-region=eu-central-1
55.67483741870935,0.006633539490425766,aws-region=eu-central-1
55.75587793896948,0.0066187247335954,aws-region=eu-central-1
55.836918459229615,0.006604021519611094,aws-region=eu-central-1
55.91795897948974,0.0065894305737342965,aws-region=eu-central-1
55.99899949974987,0.0065749525666446524,aws-region=eu-central-1
56.08004002001,0.006560588112895469,aws-region=eu-central-1
56.161080540270135,0.006546337769391409,aws-region=eu-central-1
56.24212106053026,0.006532202033890087,aws-region=eu-central-1
56.32316158079039,0.006518181343532297,aws-region=eu-central-1
56.40420210105052,0.006504276073402499,aws-region=eu-central-1
56.485242621310654,0.006490486535123282,aws-region=eu-central-1
56.566283141570786,0.006476812975487735,aws-region=eu-central-1
56.64732366183091,0.006463255575131049,aws-region=eu-central-1
56.72836418209104,0.006449814447246754,aws-region=eu-central-1
56.80940470235117,0.0064364896363484705,aws-region=eu-central-1
56.890445222611305,0.006423281117082391,aws-region=eu-central-1
56.97148574287143,0.0064101887930919695,aws-region=eu-central-1
57.05252626313156,0.006397212495938737,aws-region=eu-central-1
57.13356678339169,0.0063843519840821586,aws-region=eu-central-1
57.214607303651825,0.006371606941921301,aws-region=eu-central-1
57.295647823911956,0.006358976978901119,aws-region=eu-central-1
57.37668834417208,0.006346461628686723,aws-region=eu-central-1
57.45772886443221,0.006334060348408178,aws-region=eu-central-1
57.538769384692344,0.006321772517977926,aws-region=eu-central-1
57.619809904952476,0.006309597439484175,aws-region=eu-central-1
57.7008504252126,0.006297534336662817,aws-region=eu-central-1
57.78189094547273,0.0062855823544494555,aws-region=eu-central-1
57.86293146573286,0.006273740558614509,aws-region=eu-central-1
57.943971985992995,0.006262007935483661,aws-region=eu-central-1
58.02501250625313,0.0062503833917448666,aws-region=eu-central-1
58.10605302651325,0.006238865754344978,aws-region=eu-central-1
58.18709354677338,0.006227453770476438,aws-region=eu-central-1
58.268134067033515,0.0062161461076572985,aws-region=eu-central-1
58.349174587293646,0.0062049413539043245,aws-region=eu-central-1
58.43021510755377,0.006193838018001584,aws-region=eu-central-1
58.5112556278139,0.006182834529865868,aws-region=eu-central-1
58.592296148074034,0.006171929241008923,aws-region=eu-central-1
58.673336668334166,0.00616112042509824,aws-region=eu-central-1
58.7543771885943,0.006150406278616892,aws-region=eu-central-1
58.83541770885442,0.006139784921622846,aws-region=eu-central-1
58.91645822911455,0.006129254398607818,aws-region=eu-central-1
58.997498749374685,0.006118812679456288,aws-region=eu-central-1
59.07853926963482,0.006108457660504578,aws-region=eu-central-1
59.15957978989494,0.00609818716569952,aws-region=eu-central-1
59.24062031015507,0.006087998947856587,aws-region=eu-central-1
59.321660830415205,0.006077890690016824,aws-region=eu-central-1
59.402701350675336,0.006067860006901882,aws-region=eu-central-1
59.48374187093547,0.0060579044464662635,aws-region=eu-central-1
59.56478239119559,0.006048021491545456,aws-region=eu-central-1
59.645822911455724,0.006038208561599289,aws-region=eu-central-1
59.726863431715856,0.006028463014548021,aws-region=eu-central-1
59.80790395197599,0.006018782148700688,aws-region=eu-central-1
59.88894447223611,0.006009163204772911,aws-region=eu-central-1
59.969984992496244,0.005999603367992851,aws-region=eu-central-1
60.051025512756375,0.0059900997702928595,aws-region=eu-central-1
60.13206603301651,0.005980649492584703,aws-region=eu-central-1
60.21310655327664,0.005971249567115329,aws-region=eu-central-1
60.29414707353676,0.005961896979901501,aws-region=eu-central-1
60.375187593796895,0.005952588673239689,aws-region=eu-central-1
60.456228114057026,0.005943321548288354,aws-region=eu-central-1
60.53726863431716,0.0059340924677202134,aws-region=eu-central-1
60.61830915457728,0.005924898258440508,aws-region=eu-central-1
60.699349674837414,0.00591573571436813,aws-region=eu-central-1
60.780390195097546,0.005906601599276523,aws-region=eu-central-1
60.86143071535768,0.005897492649690015,aws-region=eu-central-1
60.94247123561781,0.005888405577832586,aws-region=eu-central-1
61.023511755877934,0.005879337074624874,aws-region=eu-central-1
61.104552276138065,0.005870283812725341,aws-region=eu-central-1
61.1855927963982,0.005861242449612076,aws-region=eu-central-1
61.26663331665833,0.0058522096307006746,aws-region=eu-central-1
61.34767383691845,0.0058431819924938955,aws-region=eu-central-1
61.428714357178585,0.005834156165759642,aws-region=eu-central-1
61.509754877438716,0.005825128778731768,aws-region=eu-central-1
61.59079539769885,0.005816096460330352,aws-region=eu-central-1
61.67183591795898,0.005807055843396249,aws-region=eu-central-1
61.752876438219104,0.0057980035679358445,aws-region=eu-central-1
61.833916958479236,0.005788936284371635,aws-region=eu-central-1
61.91495747873937,0.005779850656793425,aws-region=eu-central-1
61.9959979989995,0.0057707433662060196,aws-region=eu-central-1
62.077038519259624,0.005761611113769526,aws-region=eu-central-1
62.158079039519755,0.0057524506240257366,aws-region=eu-central-1
62.23911955977989,0.005743258648108432,aws-region=eu-central-1
62.32016008004002,0.005734031966931339,aws-region=eu-central-1
62.40120060030015,0.005724767394349605,aws-region=eu-central-1
62.482241120560275,0.005715461780290808,aws-region=eu-central-1
62.563281640820406,0.005706112013850472,aws-region=eu-central-1
62.64432216108054,0.005696715026347759,aws-region=eu-central-1
62.72536268134067,0.005687267794337292,aws-region=eu-central-1
62.806403201600794,0.005677767342572475,aws-region=eu-central-1
62.887443721860926,0.005668210746916068,aws-region=eu-central-1
62.96848424212106,0.005658595137194223,aws-region=eu-central-1
63.04952476238119,0.005648917699989593,aws-region=eu-central-1
63.13056528264132,0.0056391756813690816,aws-region=eu-central-1
63.211605802901445,0.005629366389543906,aws-region=eu-central-1
63.29264632316158,0.005619487197456111,aws-region=eu-central-1
63.37368684342171,0.005609535545289543,aws-region=eu-central-1
63.45472736368184,0.005599508942900706,aws-region=eu-central-1
63.535767883941965,0.005589404972166682,aws-region=eu-central-1
63.6168084042021,0.005579221289246443,aws-region=eu-central-1
63.69784892446223,0.005568955626752695,aws-region=eu-central-1
63.77888944472236,0.005558605795830649,aws-region=eu-central-1
63.85992996498249,0.0055481696881418225,aws-region=eu-central-1
63.940970485242616,0.0055376452777488915,aws-region=eu-central-1
64.02201100550275,0.00552703062290024,aws-region=eu-central-1
64.10305152576288,0.00551632386771096,aws-region=eu-central-1
64.18409204602301,0.005505523243738226,aws-region=eu-central-1
64.26513256628314,0.00549462707144938,aws-region=eu-central-1
64.34617308654327,0.005483633761579836,aws-region=eu-central-1
64.42721360680339,0.005472541816380506,aws-region=eu-central-1
64.50825412706352,0.005461349830751781,aws-region=eu-central-1
64.58929464732365,0.005450056493263112,aws-region=eu-central-1
64.67033516758379,0.005438660587057978,aws-region=eu-central-1
64.75137568784392,0.005427160990641358,aws-region=eu-central-1
64.83241620810405,0.005415556678550384,aws-region=eu-central-1
64.91345672836418,0.00540384672190695,aws-region=eu-central-1
64.99449724862431,0.005392030288851838,aws-region=eu-central-1
65.07553776888444,0.005380106644860056,aws-region=eu-central-1
65.15657828914456,0.005368075152937139,aws-region=eu-central-1
65.2376188094047,0.0053559352736971535,aws-region=eu-central-1
65.31865932966483,0.005343686565321759,aws-region=eu-central-1
65.39969984992496,0.005331328683401396,aws-region=eu-central-1
65.48074037018509,0.005318861380659309,aws-region=eu-central-1
65.56178089044522,0.005306284506558735,aws-region=eu-central-1
65.64282141070535,0.005293598006794609,aws-region=eu-central-1
65.72386193096548,0.005280801922671069,aws-region=eu-central-1
65.80490245122562,0.005267896390366084,aws-region=eu-central-1
65.88594297148573,0.0052548816400842,aws-region=eu-central-1
65.96698349174586,0.005241757995100114,aws-region=eu-central-1
66.048024012006,0.0052285258706941005,aws-region=eu-central-1
66.12906453226613,0.005215185772981797,aws-region=eu-central-1
66.21010505252626,0.005201738297640467,aws-region=eu-central-1
66.29114557278639,0.005188184128533949,aws-region=eu-central-1
66.37218609304652,0.0051745240362389856,aws-region=eu-central-1
66.45322661330665,0.005160758876475647,aws-region=eu-central-1
66.53426713356679,0.005146889588444413,aws-region=eu-central-1
66.6153076538269,0.005132917193073234,aws-region=eu-central-1
66.69634817408703,0.005118842791177055,aws-region=eu-central-1
66.77738869434717,0.0051046675615339055,aws-region=eu-central-1
66.8584292146073,0.005090392758879919,aws-region=eu-central-1
66.93946973486743,0.005076019711827385,aws-region=eu-central-1
67.02051025512756,0.005061549820709045,aws-region=eu-central-1
67.1015507753877,0.005046984555352706,aws-region=eu-central-1
67.18259129564782,0.005032325452789166,aws-region=eu-central-1
67.26363181590796,0.005017574114898104,aws-region=eu-central-1
67.34467233616807,0.00500273220599551,aws-region=eu-central-1
67.4257128564282,0.004987801450366116,aws-region=eu-central-1
67.50675337668834,0.004972783629746225,aws-region=eu-central-1
67.58779389694847,0.004957680580759326,aws-region=eu-central-1
67.6688344172086,0.004942494192310389,aws-region=eu-central-1
67.74987493746873,0.004927226402941605,aws-region=eu-central-1
67.83091545772886,0.004911879198154799,aws-region=eu-central-1
67.911955977989,0.004896454607704217,aws-region=eu-central-1
67.99299649824913,0.004880954702864446,aws-region=eu-central-1
68.07403701850924,0.004865381593677374,aws-region=eu-central-1
68.15507753876938,0.004849737426182796,aws-region=eu-central-1
68.23611805902951,0.0048340243796366564,aws-region=eu-central-1
68.31715857928964,0.004818244663721914,aws-region=eu-central-1
68.39819909954977,0.004802400515755354,aws-region=eu-central-1
68.4792396198099,0.004786494197895446,aws-region=eu-central-1
68.56028014007003,0.004770527994355335,aws-region=eu-central-1
68.64132066033017,0.004754504208624385,aws-region=eu-central-1
68.7223611805903,0.004738425160703822,aws-region=eu-central-1
68.80340170085042,0.004722293184359404,aws-region=eu-central-1
68.88444222111055,0.0047061106243954254,aws-region=eu-central-1
68.96548274137068,0.004689879833954625,aws-region=eu-central-1
69.04652326163081,0.004673603171847122,aws-region=eu-central-1
69.12756378189094,0.0046572829999125525,aws-region=eu-central-1
69.20860430215107,0.004640921680419163,aws-region=eu-central-1
69.2896448224112,0.004624521573503517,aws-region=eu-central-1
69.37068534267134,0.004608085034654142,aws-region=eu-central-1
69.45172586293147,0.004591614412242691,aws-region=eu-central-1
69.53276638319159,0.004575112045106158,aws-region=eu-central-1
69.61380690345172,0.004558580260182724,aws-region=eu-central-1
69.69484742371185,0.004542021370205249,aws-region=eu-central-1
69.77588794397198,0.004525437671454352,aws-region=eu-central-1
69.85692846423211,0.004508831441574635,aws-region=eu-central-1
69.93796898449224,0.004492204937456632,aws-region=eu-central-1
70.01900950475238,0.004475560393186535,aws-region=eu-central-1
70.10005002501251,0.004458900018066904,aws-region=eu-central-1
70.18109054527264,0.004442225994709913,aws-region=eu-central-1
70.26213106553276,0.004425540477205565,aws-region=eu-central-1
70.34317158579289,0.004408845589367028,aws-region=eu-central-1
70.42421210605302,0.004392143423054301,aws-region=eu-central-1
70.50525262631315,0.004375436036578557,aws-region=eu-central-1
70.58629314657328,0.004358725453188142,aws-region=eu-central-1
70.66733366683341,0.004342013659637831,aws-region=eu-central-1
70.74837418709355,0.00432530260484233,aws-region=eu-central-1
70.82941470735368,0.004308594198615161,aws-region=eu-central-1
70.91045522761381,0.00429189031049366,aws-region=eu-central-1
70.99149574787393,0.004275192768650897,aws-region=eu-central-1
71.07253626813406,0.004258503358894813,aws-region=eu-central-1
71.15357678839419,0.004241823823755165,aws-region=eu-central-1
71.23461730865432,0.0042251558616583605,aws-region=eu-central-1
71.31565782891445,0.004208501126189896,aws-region=eu-central-1
71.39669834917459,0.004191861225445024,aws-region=eu-central-1
71.47773886943472,0.004175237721466348,aws-region=eu-central-1
71.55877938969485,0.004158632129768737,aws-region=eu-central-1
71.63981990995498,0.004142045918950502,aws-region=eu-central-1
71.7208604302151,0.004125480510390086,aws-region=eu-central-1
71.80190095047523,0.004108937278027521,aws-region=eu-central-1
71.88294147073536,0.00409241754822941,aws-region=eu-central-1
71.96398199099549,0.004075922599736375,aws-region=eu-central-1
72.04502251125562,0.004059453663691472,aws-region=eu-central-1
72.12606303151576,0.004043011923748061,aws-region=eu-central-1
72.20710355177589,0.0040265985162558585,aws-region=eu-central-1
72.28814407203602,0.004010214530522896,aws-region=eu-central-1
72.36918459229615,0.0039938610091518325,aws-region=eu-central-1
72.45022511255627,0.0039775389484487085,aws-region=eu-central-1
72.5312656328164,0.0039612492989016,aws-region=eu-central-1
72.61230615307653,0.003944992965727619,aws-region=eu-central-1
72.69334667333666,0.003928770809485112,aws-region=eu-central-1
72.7743871935968,0.003912583646749587,aws-region=eu-central-1
72.85542771385693,0.0038964322508499684,aws-region=eu-central-1
72.93646823411706,0.0038803173526630033,aws-region=eu-central-1
73.01750875437719,0.0038642396414635322,aws-region=eu-central-1
73.09854927463732,0.0038481997658268673,aws-region=eu-central-1
73.17958979489744,0.0038321983345813897,aws-region=eu-central-1
73.26063031515757,0.003816235917808197,aws-region=eu-central-1
73.3416708354177,0.003800313047884532,aws-region=eu-central-1
73.42271135567783,0.003784430220568577,aws-region=eu-central-1
73.50375187593797,0.0037685878961220914,aws-region=eu-central-1
73.5847923961981,0.00375278650046812,aws-region=eu-central-1
73.66583291645823,0.00373702642638077,aws-region=eu-central-1
73.74687343671836,0.0037213080347033535,aws-region=eu-central-1
73.82791395697849,0.003705631655592709,aws-region=eu-central-1
73.90895447723861,0.003689997589785751,aws-region=eu-central-1
73.98999499749874,0.003674406109885496,aws-region=eu-central-1
74.07103551775887,0.0036588574616633,aws-region=eu-central-1
74.152076038019,0.0036433518653744864,aws-region=eu-central-1
74.23311655827914,0.0036278895170837695,aws-region=eu-central-1
74.31415707853927,0.0036124705899977716,aws-region=eu-central-1
74.3951975987994,0.0035970952358014806,aws-region=eu-central-1
74.47623811905953,0.003581763585995797,aws-region=eu-central-1
74.55727863931966,0.0035664757532326624,aws-region=eu-central-1
74.63831915957978,0.003551231832645801,aws-region=eu-central-1
74.71935967983991,0.0035360319031731455,aws-region=eu-central-1
74.80040020010004,0.003520876028869158,aws-region=eu-central-1
74.88144072036017,0.003505764260203399,aws-region=eu-central-1
74.9624812406203,0.003490696635343453,aws-region=eu-central-1
75.04352176088044,0.003475673181419233,aws-region=eu-central-1
75.12456228114057,0.00346069391576623,aws-region=eu-central-1
75.2056028014007,0.0034457588471451853,aws-region=eu-central-1
75.28664332166083,0.003430867976936279,aws-region=eu-central-1
75.36768384192095,0.003416021300305083,aws-region=eu-central-1
75.44872436218108,0.0034012188073385286,aws-region=eu-central-1
75.52976488244121,0.0033864604841487627,aws-region=eu-central-1
75.61080540270135,0.0033717463139428918,aws-region=eu-central-1
75.69184592296148,0.0033570762780569382,aws-region=eu-central-1
75.77288644322161,0.003342450356952294,aws-region=eu-central-1
75.85392696348174,0.0033278685311730143,aws-region=eu-central-1
75.93496748374187,0.0033133307822625913,aws-region=eu-central-1
76.016008004002,0.0032988370936389835,aws-region=eu-central-1
76.09704852426212,0.003284387451426211,aws-region=eu-central-1
76.17808904452225,0.0032699818452422255,aws-region=eu-central-1
76.25912956478238,0.0032556202689412177,aws-region=eu-central-1
76.34017008504252,0.003241302721310274,aws-region=eu-central-1
76.42121060530265,0.0032270292067190847,aws-region=eu-central-1
76.50225112556278,0.0032127997357226604,aws-region=eu-central-1
76.58329164582291,0.003198614325616062,aws-region=eu-central-1
76.66433216608304,0.0031844730009412425,aws-region=eu-central-1
76.74537268634317,0.003170375793945567,aws-region=eu-central-1
76.82641320660329,0.0031563227449919215,aws-region=eu-central-1
76.90745372686342,0.0031423139029208105,aws-region=eu-central-1
76.98849424712355,0.0031283493253638503,aws-region=eu-central-1
77.06953476738369,0.0031144290790099385,aws-region=eu-central-1
77.15057528764382,0.003100553239823515,aws-region=eu-central-1
77.23161580790395,0.0030867218932162242,aws-region=eu-central-1
77.31265632816408,0.003072935134172158,aws-region=eu-central-1
77.39369684842421,0.003059193067327508,aws-region=eu-central-1
77.47473736868434,0.003045495807005586,aws-region=eu-central-1
77.55577788894446,0.003031843477208065,aws-region=eu-central-1
77.6368184092046,0.0030182362115635315,aws-region=eu-central-1
77.71785892946473,0.0030046741532343676,aws-region=eu-central-1
77.79889944972486,0.0029911574547835415,aws-region=eu-central-1
77.87993996998499,0.0029776862780021463,aws-region=eu-central-1
77.96098049024512,0.0029642607936996137,aws-region=eu-central-1
78.04202101050525,0.0029508811814575354,aws-region=eu-central-1
78.12306153076538,0.0029375476293492077,aws-region=eu-central-1
78.20410205102552,0.002924260333626168,aws-region=eu-central-1
78.28514257128563,0.0029110194983734436,aws-region=eu-central-1
78.36618309154576,0.0028978253351353645,aws-region=eu-central-1
78.4472236118059,0.0028846780625139488,aws-region=eu-central-1
78.52826413206603,0.002871577905740949,aws-region=eu-central-1
78.60930465232616,0.002858525096226586,aws-region=eu-central-1
78.69034517258629,0.002845519871085781,aws-region=eu-central-1
78.77138569284642,0.00283256247264471,aws-region=eu-central-1
78.85242621310655,0.002819653147929121,aws-region=eu-central-1
78.93346673336669,0.0028067921481366278,aws-region=eu-central-1
79.0145072536268,0.002793979728095068,aws-region=eu-central-1
79.09554777388693,0.0027812161457088204,aws-region=eu-central-1
79.17658829414707,0.0027685016613950243,aws-region=eu-central-1
79.2576288144072,0.0027558365375121648,aws-region=eu-central-1
79.33866933466733,0.002743221037782384,aws-region=eu-central-1
79.41970985492746,0.0027306554267102112,aws-region=eu-central-1
79.5007503751876,0.00271813996899907,aws-region=eu-central-1
79.58179089544772,0.0027056749289681,aws-region=eu-central-1
79.66283141570786,0.0026932605699707068,aws-region=eu-central-1
79.74387193596797,0.002680897153817232,aws-region=eu-central-1
79.8249124562281,0.0026685849402031305,aws-region=eu-central-1
79.90595297648824,0.002656324186144835,aws-region=eu-central-1
79.98699349674837,0.0026441151454249722,aws-region=eu-central-1
80.0680340170085,0.002631958068048582,aws-region=eu-central-1
80.14907453726863,0.0026198531997119905,aws-region=eu-central-1
80.23011505752876,0.0026078007812861104,aws-region=eu-central-1
80.3111555777889,0.0025958010483155595,aws-region=eu-central-1
80.39219609804903,0.002583854230535063,aws-region=eu-central-1
80.47323661830914,0.0025719605514046757,aws-region=eu-central-1
80.55427713856928,0.002560120227664955,aws-region=eu-central-1
80.63531765882941,0.0025483334689135333,aws-region=eu-central-1
80.71635817908954,0.0025366004772042093,aws-region=eu-central-1
80.79739869934967,0.002524921446669458,aws-region=eu-central-1
80.8784392196098,0.00251329656316777,aws-region=eu-central-1
80.95947973986993,0.002501726003956275,aws-region=eu-central-1
81.04052026013007,0.0024902099373899614,aws-region=eu-central-1
81.1215607803902,0.0024787485226477318,aws-region=eu-central-1
81.20260130065031,0.002467341909486564,aws-region=eu-central-1
81.28364182091045,0.002455990238023678,aws-region=eu-central-1
81.36468234117058,0.0024446936385478374,aws-region=eu-central-1
81.44572286143071,0.0024334522313597027,aws-region=eu-central-1
81.52676338169084,0.002422266126641794,aws-region=eu-central-1
81.60780390195097,0.00241113542435816,aws-region=eu-central-1
81.6888444222111,0.0024000602141839556,aws-region=eu-central-1
81.76988494247124,0.002389040575465009,aws-region=eu-central-1
81.85092546273137,0.0023780765772070654,aws-region=eu-central-1
81.93196598299149,0.002367168278094986,aws-region=eu-central-1
82.01300650325162,0.0023563157265412637,aws-region=eu-central-1
82.09404702351175,0.002345518960763897,aws-region=eu-central-1
82.17508754377188,0.002334778008893022,aws-region=eu-central-1
82.25612806403201,0.0023240928891058946,aws-region=eu-central-1
82.33716858429214,0.002313463609789679,aws-region=eu-central-1
82.41820910455228,0.002302890169731548,aws-region=eu-central-1
82.4992496248124,0.002292372558335158,aws-region=eu-central-1
82.58029014507254,0.0022819107558629714,aws-region=eu-central-1
82.66133066533266,0.0022715047337034736,aws-region=eu-central-1
82.74237118559279,0.002261154454662519,aws-region=eu-central-1
82.82341170585292,0.002250859873277662,aws-region=eu-central-1
82.90445222611305,0.0022406209361547193,aws-region=eu-central-1
82.98549274637318,0.002230437582325349,aws-region=eu-central-1
83.06653326663331,0.0022203097436244656,aws-region=eu-central-1
83.14757378689345,0.002210237345086646,aws-region=eu-central-1
83.22861430715358,0.002200220305359972,aws-region=eu-central-1
83.30965482741371,0.002190258537136366,aws-region=eu-central-1
83.39069534767383,0.0021803519475969346,aws-region=eu-central-1
83.47173586793396,0.002170500438871204,aws-region=eu-central-1
83.55277638819409,0.002160703908508817,aws-region=eu-central-1
83.63381690845422,0.002150962249962276,aws-region=eu-central-1
83.71485742871435,0.002141275353079671,aws-region=eu-central-1
83.79589794897448,0.002131643104605574,aws-region=eu-central-1
83.87693846923462,0.0021220653886890677,aws-region=eu-central-1
83.95797898949475,0.0021125420873972984,aws-region=eu-central-1
84.03901950975488,0.002103073081233314,aws-region=eu-central-1
84.120060030015,0.0020936582496565905,aws-region=eu-central-1
84.20110055027513,0.002084297471604969,aws-region=eu-central-1
84.28214107053526,0.0020749906260166423,aws-region=eu-central-1
84.36318159079539,0.002065737592350678,aws-region=eu-central-1
84.44422211105552,0.002056538251104855,aws-region=eu-central-1
84.52526263131566,0.0020473924843292723,aws-region=eu-central-1
84.60630315157579,0.002038300176134659,aws-region=eu-central-1
84.68734367183592,0.002029261213193839,aws-region=eu-central-1
84.76838419209605,0.0020202754852351895,aws-region=eu-central-1
84.84942471235617,0.002011342885526837,aws-region=eu-central-1
84.9304652326163,0.0020024633113503365,aws-region=eu-central-1
85.01150575287643,0.001993636664462706,aws-region=eu-central-1
85.09254627313656,0.0019848628515456066,aws-region=eu-central-1
85.1735867933967,0.0019761417846406153,aws-region=eu-central-1
85.25462731365683,0.0019674733815695416,aws-region=eu-central-1
85.33566783391696,0.001958857566338698,aws-region=eu-central-1
85.41670835417709,0.0019502942695262242,aws-region=eu-central-1
85.49774887443722,0.0019417834286515375,aws-region=eu-central-1
85.57878939469734,0.0019333249885260086,aws-region=eu-central-1
85.65982991495747,0.0019249189015840779,aws-region=eu-central-1
85.7408704352176,0.0019165651281939768,aws-region=eu-central-1
85.82191095547773,0.0019082636369474478,aws-region=eu-central-1
85.90295147573786,0.001900014404927735,aws-region=eu-central-1
85.983991995998,0.001891817417955225,aws-region=eu-central-1
86.06503251625813,0.0018836726708102679,aws-region=eu-central-1
86.14607303651826,0.0018755801674325973,aws-region=eu-central-1
86.22711355677839,0.0018675399210970145,aws-region=eu-central-1
86.30815407703851,0.001859551954564833,aws-region=eu-central-1
86.38919459729864,0.0018516163002109615,aws-region=eu-central-1
86.47023511755877,0.001843733000126118,aws-region=eu-central-1
86.5512756378189,0.0018359021061941784,aws-region=eu-central-1
86.63231615807904,0.001828123680144417,aws-region=eu-central-1
86.71335667833917,0.0018203977935785218,aws-region=eu-central-1
86.7943971985993,0.0018127245279724795,aws-region=eu-central-1
86.87543771885943,0.0018051039746531565,aws-region=eu-central-1
86.95647823911956,0.001797536234749787,aws-region=eu-central-1
87.03751875937968,0.0017900214191204878,aws-region=eu-central-1
87.11855927963981,0.0017825596482538917,aws-region=eu-central-1
87.19959979989994,0.0017751510521462047,aws-region=eu-central-1
87.28064032016007,0.001767795770153884,aws-region=eu-central-1
87.3616808404202,0.001760493950822403,aws-region=eu-central-1
87.44272136068034,0.0017532457516912369,aws-region=eu-central-1
87.52376188094047,0.0017460513390756978,aws-region=eu-central-1
87.6048024012006,0.0017389108878260219,aws-region=eu-central-1
87.68584292146073,0.001731824581064034,aws-region=eu-central-1
87.76688344172085,0.0017247926098981872,aws-region=eu-central-1
87.84792396198098,0.0017178151731173763,aws-region=eu-central-1
87.92896448224111,0.0017108924768641258,aws-region=eu-central-1
88.01000500250125,0.001704024734287891,aws-region=eu-central-1
88.09104552276138,0.0016972121651790324,aws-region=eu-central-1
88.17208604302151,0.001690454995584227,aws-region=eu-central-1
88.25312656328164,0.0016837534574040587,aws-region=eu-central-1
88.33416708354177,0.0016771077879734054,aws-region=eu-central-1
88.4152076038019,0.0016705182296256078,aws-region=eu-central-1
88.49624812406202,0.0016639850292409772,aws-region=eu-central-1
88.57728864432215,0.001657508437780619,aws-region=eu-central-1
88.65832916458228,0.0016510887098063625,aws-region=eu-central-1
88.73936968484242,0.0016447261029875911,aws-region=eu-central-1
88.82041020510255,0.001638420877595815,aws-region=eu-central-1
88.90145072536268,0.0016321732959879837,aws-region=eu-central-1
88.98249124562281,0.0016259836220792348,aws-region=eu-central-1
89.06353176588294,0.001619852120806092,aws-region=eu-central-1
89.14457228614307,0.001613779057580855,aws-region=eu-central-1
89.22561280640319,0.001607764697738269,aws-region=eu-central-1
89.30665332666332,0.0016018093059751478,aws-region=eu-central-1
89.38769384692345,0.0015959131457839717,aws-region=eu-central-1
89.46873436718359,0.0015900764788813072,aws-region=eu-central-1
89.54977488744372,0.0015842995646318883,aws-region=eu-central-1
89.63081540770385,0.0015785826594693002,aws-region=eu-central-1
89.71185592796398,0.0015729260163140659,aws-region=eu-central-1
89.79289644822411,0.0015673298839900486,aws-region=eu-central-1
89.87393696848424,0.0015617945066399915,aws-region=eu-central-1
89.95497748874436,0.0015563201231410223,aws-region=eu-central-1
90.0360180090045,0.0015509069665208962,aws-region=eu-central-1
90.11705852926463,0.001545555263375995,aws-region=eu-central-1
90.19809904952476,0.0015402652332915756,aws-region=eu-central-1
90.27913956978489,0.0015350370882652828,aws-region=eu-central-1
90.36018009004502,0.0015298710321345953,aws-region=eu-central-1
90.44122061030515,0.0015247672600089213,aws-region=eu-central-1
90.52226113056528,0.0015197259577071972,aws-region=eu-central-1
90.60330165082541,0.0015147473012015588,aws-region=eu-central-1
90.68434217108553,0.001509831456067828,aws-region=eu-central-1
90.76538269134566,0.0015049785769435321,aws-region=eu-central-1
90.8464232116058,0.0015001888069940549,aws-region=eu-central-1
90.92746373186593,0.0014954622773875395,aws-region=eu-central-1
91.00850425212606,0.001490799106779225,aws-region=eu-central-1
91.08954477238619,0.0014861994008056984,aws-region=eu-central-1
91.17058529264632,0.0014816632515897569,aws-region=eu-central-1
91.25162581290645,0.0014771907372563182,aws-region=eu-central-1
91.33266633316659,0.0014727819214599676,aws-region=eu-central-1
91.4137068534267,0.0014684368529246463,aws-region=eu-central-1
91.49474737368683,0.0014641555649959033,aws-region=eu-central-1
91.57578789394697,0.0014599380752063095,aws-region=eu-central-1
91.6568284142071,0.001455784384854282,aws-region=eu-central-1
91.73786893446723,0.001451694478596953,aws-region=eu-central-1
91.81890945472736,0.001447668324057345,aws-region=eu-central-1
91.89994997498749,0.001443705871446259,aws-region=eu-central-1
91.98099049524762,0.0014398070531993247,aws-region=eu-central-1
92.06203101550776,0.0014359717836294305,aws-region=eu-central-1
92.14307153576787,0.0014321999585949628,aws-region=eu-central-1
92.224112056028,0.0014284914551841396,aws-region=eu-central-1
92.30515257628814,0.0014248461314157331,aws-region=eu-central-1
92.38619309654827,0.0014212638259563893,aws-region=eu-central-1
92.4672336168084,0.0014177443578549343,aws-region=eu-central-1
92.54827413706853,0.0014142875262937904,aws-region=eu-central-1
92.62931465732866,0.001410893110357846,aws-region=eu-central-1
92.7103551775888,0.0014075608688208332,aws-region=eu-central-1
92.79139569784893,0.001404290539949609,aws-region=eu-central-1
92.87243621810904,0.0014010818413263688,aws-region=eu-central-1
92.95347673836918,0.001397934469689018,aws-region=eu-central-1
93.03451725862931,0.0013948481007899068,aws-region=eu-central-1
93.11555777888944,0.0013918223892729804,aws-region=eu-central-1
93.19659829914957,0.0013888569685695591,aws-region=eu-central-1
93.2776388194097,0.0013859514508128585,aws-region=eu-central-1
93.35867933966983,0.0013831054267712918,aws-region=eu-central-1
93.43971985992997,0.001380318465800766,aws-region=eu-central-1
93.5207603801901,0.0013775901158159533,aws-region=eu-central-1
93.60180090045021,0.0013749199032806994,aws-region=eu-central-1
93.68284142071035,0.0013723073332175852,aws-region=eu-central-1
93.76388194097048,0.0013697518892367238,aws-region=eu-central-1
93.84492246123061,0.0013672530335838333,aws-region=eu-central-1
93.92596298149074,0.0013648102072076169,aws-region=eu-central-1
94.00700350175087,0.0013624228298464948,aws-region=eu-central-1
94.088044022011,0.0013600903001347148,aws-region=eu-central-1
94.16908454227114,0.0013578119957277908,aws-region=eu-central-1
94.25012506253127,0.0013555872734473656,aws-region=eu-central-1
94.33116558279139,0.0013534154694453653,aws-region=eu-central-1
94.41220610305152,0.0013512958993875724,aws-region=eu-central-1
94.49324662331165,0.0013492278586564337,aws-region=eu-central-1
94.57428714357178,0.0013472106225731668,aws-region=eu-central-1
94.65532766383191,0.001345243446639078,aws-region=eu-central-1
94.73636818409204,0.0013433255667959952,aws-region=eu-central-1
94.81740870435218,0.0013414561997058118,aws-region=eu-central-1
94.8984492246123,0.0013396345430489926,aws-region=eu-central-1
94.97948974487244,0.001337859775841958,aws-region=eu-central-1
95.06053026513256,0.001336131058773236,aws-region=eu-central-1
95.14157078539269,0.001334447534558266,aws-region=eu-central-1
95.22261130565282,0.0013328083283127242,aws-region=eu-central-1
95.30365182591295,0.0013312125479441434,aws-region=eu-central-1
95.38469234617308,0.001329659284561765,aws-region=eu-central-1
95.46573286643321,0.0013281476129043766,aws-region=eu-central-1
95.54677338669335,0.001326676591785936,aws-region=eu-central-1
95.62781390695348,0.0013252452645587524,aws-region=eu-central-1
95.70885442721361,0.0013238526595940837,aws-region=eu-central-1
95.78989494747373,0.001322497790779767,aws-region=eu-central-1
95.87093546773386,0.0013211796580346667,aws-region=eu-central-1
95.95197598799399,0.0013198972478397659,aws-region=eu-central-1
96.03301650825412,0.0013186495337853415,aws-region=eu-central-1
96.11405702851425,0.0013174354771341426,aws-region=eu-central-1
96.19509754877438,0.0013162540274001195,aws-region=eu-central-1
96.27613806903452,0.0013151041229423038,aws-region=eu-central-1
96.35717858929465,0.0013139846915735465,aws-region=eu-central-1
96.43821910955478,0.0013128946511835435,aws-region=eu-central-1
96.5192596298149,0.0013118329103759805,aws-region=eu-central-1
96.60030015007503,0.00131079836911902,aws-region=eu-central-1
96.68134067033516,0.0013097899194088871,aws-region=eu-central-1
96.76238119059529,0.0013088064459460124,aws-region=eu-central-1
96.84342171085542,0.0013078468268231107,aws-region=eu-central-1
96.92446223111556,0.0013069099342247342,aws-region=eu-central-1
97.00550275137569,0.0013059946351377076,aws-region=eu-central-1
97.08654327163582,0.0013050997920718644,aws-region=eu-central-1
97.16758379189595,0.0013042242637904496,aws-region=eu-central-1
97.24862431215607,0.0013033669060495154,aws-region=eu-central-1
97.3296648324162,0.001302526572345739,aws-region=eu-central-1
97.41070535267633,0.00130170211467186,aws-region=eu-central-1
97.49174587293646,0.0013008923842791427,aws-region=eu-central-1
97.5727863931966,0.0013000962324460118,aws-region=eu-central-1
97.65382691345673,0.001299312511252229,aws-region=eu-central-1
97.73486743371686,0.001298540074357745,aws-region=eu-central-1
97.81590795397699,0.0012977777777854402,aws-region=eu-central-1
97.89694847423712,0.0012970244807070344,aws-region=eu-central-1
97.97798899449724,0.0012962790462311584,aws-region=eu-central-1
98.05902951475737,0.0012955403421929317,aws-region=eu-central-1
98.1400700350175,0.0012948072419440028,aws-region=eu-central-1
98.22111055527763,0.0012940786251422634,aws-region=eu-central-1
98.30215107553776,0.0012933533785403513,aws-region=eu-central-1
98.3831915957979,0.0012926303967719208,aws-region=eu-central-1
98.46423211605803,0.0012919085831348573,aws-region=eu-central-1
98.54527263631816,0.001291186850370457,aws-region=eu-central-1
98.62631315657829,0.0012904641214376168,aws-region=eu-central-1
98.70735367683841,0.0012897393302810506,aws-region=eu-central-1
98.78839419709854,0.0012890114225926597,aws-region=eu-central-1
98.86943471735867,0.0012882793565649406,aws-region=eu-central-1
98.9504752376188,0.0012875421036356385,aws-region=eu-central-1
99.03151575787894,0.001286798649222446,aws-region=eu-central-1
99.11255627813907,0.0012860479934470189,aws-region=eu-central-1
99.1935967983992,0.0012852891518470937,aws-region=eu-central-1
99.27463731865933,0.0012845211560759341,aws-region=eu-central-1
99.35567783891946,0.0012837430545880053,aws-region=eu-central-1
99.43671835917958,0.0012829539133099722,aws-region=eu-central-1
99.51775887943971,0.001282152816296065,aws-region=eu-central-1
99.59879939969984,0.0012813388663668805,aws-region=eu-central-1
99.67983991995997,0.0012805111857306893,aws-region=eu-central-1
99.7608804402201,0.0012796689165862655,aws-region=eu-central-1
99.84192096048024,0.0012788112217065259,aws-region=eu-central-1
99.92296148074037,0.0012779372850018828,aws-region=eu-central-1
100.0040020010005,0.0012770463120626331,aws-region=eu-central-1
100.08504252126063,0.0012761375306794493,aws-region=eu-central-1
100.16608304152075,0.0012752101913412197,aws-region=eu-central-1
100.24712356178088,0.001274263567709438,aws-region=eu-central-1
100.32816408204101,0.0012732969570684236,aws-region=eu-central-1
100.40920460230114,0.001272309680750587,aws-region=eu-central-1
100.49024512256128,0.001271301084536165,aws-region=eu-central-1
100.57128564282141,0.0012702705390266506,aws-region=eu-central-1
100.65232616308154,0.001269217439991427,aws-region=eu-central-1
100.73336668334167,0.001268141208686942,aws-region=eu-central-1
100.8144072036018,0.0012670412921479168,aws-region=eu-central-1
100.89544772386192,0.0012659171634501391,aws-region=eu-central-1
100.97648824412205,0.0012647683219443053,aws-region=eu-central-1
101.05752876438218,0.001263594293460583,aws-region=eu-central-1
101.13856928464232,0.0012623946304835126,aws-region=eu-central-1
101.21960980490245,0.0012611689122968772,aws-region=eu-central-1
101.30065032516258,0.0012599167450983964,aws-region=eu-central-1
101.38169084542271,0.0012586377620839061,aws-region=eu-central-1
101.46273136568284,0.0012573316235009104,aws-region=eu-central-1
101.54377188594297,0.0012559980166714424,aws-region=eu-central-1
101.62481240620309,0.0012546366559840307,aws-region=eu-central-1
101.70585292646322,0.0012532472828549366,aws-region=eu-central-1
101.78689344672335,0.0012518296656585225,aws-region=eu-central-1
101.86793396698349,0.0012503835996270204,aws-region=eu-central-1
101.94897448724362,0.001248908906719674,aws-region=eu-central-1
102.03001500750375,0.001247405435461586,aws-region=eu-central-1
102.11105552776388,0.0012458730607524812,aws-region=eu-central-1
102.19209604802401,0.0012443116836456309,aws-region=eu-central-1
102.27313656828414,0.0012427212310973823,aws-region=eu-central-1
102.35417708854426,0.0012411016556876653,aws-region=eu-central-1
102.4352176088044,0.0012394529353118953,aws-region=eu-central-1
102.51625812906452,0.0012377750728448514,aws-region=eu-central-1
102.59729864932466,0.0012360680957770494,aws-region=eu-central-1
102.67833916958479,0.0012343320558242058,aws-region=eu-central-1
102.75937968984492,0.0012325670285104958,aws-region=eu-central-1
102.84042021010505,0.0012307731127262518,aws-region=eu-central-1
102.92146073036518,0.001228950430260869,aws-region=eu-central-1
103.00250125062531,0.0012270991253117464,aws-region=eu-central-1
103.08354177088543,0.0012252193639700096,aws-region=eu-central-1
103.16458229114556,0.0012233113336840085,aws-region=eu-central-1
103.2456228114057,0.0012213752427013193,aws-region=eu-central-1
103.32666333166583,0.0012194113194904526,aws-region=eu-central-1
103.40770385192596,0.0012174198121429763,aws-region=eu-central-1
103.48874437218609,0.001215400987757252,aws-region=eu-central-1
103.56978489244622,0.0012133551318047732,aws-region=eu-central-1
103.65082541270635,0.0012112825474801718,aws-region=eu-central-1
103.73186593296649,0.0012091835550359666,aws-region=eu-central-1
103.8129064532266,0.0012070584911032351,aws-region=eu-central-1
103.89394697348673,0.0012049077079993107,aws-region=eu-central-1
103.97498749374687,0.0012027315730236616,aws-region=eu-central-1
104.056028014007,0.0012005304677431305,aws-region=eu-central-1
104.13706853426713,0.0011983047872677712,aws-region=eu-central-1
104.21810905452726,0.0011960549395183702,aws-region=eu-central-1
104.29914957478739,0.0011937813444870295,aws-region=eu-central-1
104.38019009504752,0.0011914844334918431,aws-region=eu-central-1
104.46123061530764,0.001189164648427023,aws-region=eu-central-1
104.54227113556777,0.0011868224410095981,aws-region=eu-central-1
104.6233116558279,0.0011844582720239765,aws-region=eu-central-1
104.70435217608804,0.0011820726105655204,aws-region=eu-central-1
104.78539269634817,0.0011796659332843655,aws-region=eu-central-1
104.8664332166083,0.0011772387236306623,aws-region=eu-central-1
104.94747373686843,0.0011747914711024365,aws-region=eu-central-1
105.02851425712856,0.0011723246704972035,aws-region=eu-central-1
105.1095547773887,0.0011698388211685222,aws-region=eu-central-1
105.19059529764881,0.0011673344262885677,aws-region=eu-central-1
105.27163581790894,0.0011648119921178499,aws-region=eu-central-1
105.35267633816908,0.00116227202728319,aws-region=eu-central-1
105.43371685842921,0.0011597150420649465,aws-region=eu-central-1
105.51475737868934,0.0011571415476945327,aws-region=eu-central-1
105.59579789894947,0.001154552055663272,aws-region=eu-central-1
105.6768384192096,0.0011519470770434649,aws-region=eu-central-1
105.75787893946973,0.001149327121822697,aws-region=eu-central-1
105.83891945972987,0.0011466926982521312,aws-region=eu-central-1
105.91995997998998,0.001144044312209852,aws-region=eu-central-1
106.00100050025011,0.0011413824665798525,aws-region=eu-central-1
106.08204102051025,0.0011387076606475812,aws-region=eu-central-1
106.16308154077038,0.0011360203895127703,aws-region=eu-central-1
106.24412206103051,0.0011333211435201544,aws-region=eu-central-1
106.32516258129064,0.0011306104077088313,aws-region=eu-central-1
106.40620310155077,0.0011278886612807973,aws-region=eu-central-1
106.4872436218109,0.0011251563770892658,aws-region=eu-central-1
106.56828414207104,0.00112241402114721,aws-region=eu-central-1
106.64932466233115,0.001119662052156721,aws-region=eu-central-1
106.73036518259129,0.0011169009210594582,aws-region=eu-central-1
106.81140570285142,0.0011141310706086977,aws-region=eu-central-1
106.89244622311155,0.00111135293496321,aws-region=eu-central-1
106.97348674337168,0.0011085669393033296,aws-region=eu-central-1
107.05452726363181,0.001105773499469383,aws-region=eu-central-1
107.13556778389194,0.0011029730216227265,aws-region=eu-central-1
107.21660830415207,0.0011001659019295189,aws-region=eu-central-1
107.2976488244122,0.001097352526267295,aws-region=eu-central-1
107.37868934467232,0.0010945332699544774,aws-region=eu-central-1
107.45972986493246,0.0010917084975027632,aws-region=eu-central-1
107.54077038519259,0.0010888785623924073,aws-region=eu-central-1
107.62181090545272,0.0010860438068703076,aws-region=eu-central-1
107.70285142571285,0.0010832045617707876,aws-region=eu-central-1
107.78389194597298,0.0010803611463589572,aws-region=eu-central-1
107.86493246623311,0.0010775138681963993,aws-region=eu-central-1
107.94597298649325,0.0010746630230290307,aws-region=eu-central-1
108.02701350675338,0.0010718088946968254,aws-region=eu-central-1
108.1080540270135,0.001068951755065126,aws-region=eu-central-1
108.18909454727363,0.0010660918639772395,aws-region=eu-central-1
108.27013506753376,0.0010632294692279093,aws-region=eu-central-1
108.35117558779389,0.001060364806557326,aws-region=eu-central-1
108.43221610805402,0.0010574980996652286,aws-region=eu-central-1
108.51325662831415,0.0010546295602446919,aws-region=eu-central-1
108.59429714857428,0.0010517593880350676,aws-region=eu-central-1
108.67533766883442,0.0010488877708936977,aws-region=eu-central-1
108.75637818909455,0.0010460148848857671,aws-region=eu-central-1
108.83741870935467,0.0010431408943918918,aws-region=eu-central-1
108.9184592296148,0.0010402659522327684,aws-region=eu-central-1
108.99949974987493,0.0010373901998104408,aws-region=eu-central-1
109.08054027013506,0.0010345137672655332,aws-region=eu-central-1
109.16158079039519,0.0010316367736498786,aws-region=eu-central-1
109.24262131065532,0.0010287593271139542,aws-region=eu-central-1
109.32366183091546,0.00102588152510851,aws-region=eu-central-1
109.40470235117559,0.0010230034545997567,aws-region=eu-central-1
109.48574287143572,0.0010201251922975078,aws-region=eu-central-1
109.56678339169584,0.0010172468048956604,aws-region=eu-central-1
109.64782391195597,0.0010143683493243354,aws-region=eu-central-1
109.7288644322161,0.0010114898730130871,aws-region=eu-central-1
109.80990495247623,0.0010086114141645616,aws-region=eu-central-1
109.89094547273636,0.0010057330020379028,aws-region=eu-central-1
109.9719859929965,0.0010028546572413467,aws-region=eu-central-1
110.05302651325663,0.0009999763920333356,aws-region=eu-central-1
110.13406703351676,0.0009970982106315717,aws-region=eu-central-1
110.21510755377689,0.0009942201095293228,aws-region=eu-central-1
110.296148074037,0.0009913420778184434,aws-region=eu-central-1
110.37718859429714,0.000988464097518466,aws-region=eu-central-1
110.45822911455727,0.000985586143911174,aws-region=eu-central-1
110.5392696348174,0.0009827081858800805,aws-region=eu-central-1
110.62031015507753,0.000979830186254238,aws-region=eu-central-1
110.70135067533766,0.0009769521021557818,aws-region=eu-central-1
110.7823911955978,0.0009740738853507054,aws-region=eu-central-1
110.86343171585793,0.0009711954826022849,aws-region=eu-central-1
110.94447223611806,0.0009683168360266239,aws-region=eu-central-1
111.02551275637818,0.0009654378834498152,aws-region=eu-central-1
111.10655327663831,0.0009625585587662197,aws-region=eu-central-1
111.18759379689844,0.0009596787922973298,aws-region=eu-central-1
111.26863431715857,0.0009567985111507719,aws-region=eu-central-1
111.3496748374187,0.0009539176395789806,aws-region=eu-central-1
111.43071535767884,0.0009510360993370663,aws-region=eu-central-1
111.51175587793897,0.0009481538100394548,aws-region=eu-central-1
111.5927963981991,0.000945270689514845,aws-region=eu-central-1
111.67383691845923,0.000942386654159143,aws-region=eu-central-1
111.75487743871935,0.000939501619285827,aws-region=eu-central-1
111.83591795897948,0.0009366154994735312,aws-region=eu-central-1
111.91695847923961,0.0009337282089103403,aws-region=eu-central-1
111.99799899949974,0.0009308396617344568,aws-region=eu-central-1
112.07903951975987,0.0009279497723709574,aws-region=eu-central-1
112.16008004002,0.0009250584558642037,aws-region=eu-central-1
112.24112056028014,0.0009221656282056352,aws-region=eu-central-1
112.32216108054027,0.0009192712066566124,aws-region=eu-central-1
112.4032016008004,0.0009163751100660238,aws-region=eu-central-1
112.48424212106052,0.0009134772591823143,aws-region=eu-central-1
112.56528264132065,0.0009105775769597049,aws-region=eu-central-1
112.64632316158078,0.0009076759888582786,aws-region=eu-central-1
112.72736368184091,0.0009047724231377263,aws-region=eu-central-1
112.80840420210104,0.0009018668111444304,aws-region=eu-central-1
112.88944472236118,0.0008989590875916949,aws-region=eu-central-1
112.97048524262131,0.0008960491908328678,aws-region=eu-central-1
113.05152576288144,0.0008931370631270917,aws-region=eu-central-1
113.13256628314157,0.0008902226508975335,aws-region=eu-central-1
113.21360680340169,0.0008873059049818239,aws-region=eu-central-1
113.29464732366182,0.000884386780874516,aws-region=eu-central-1
113.37568784392195,0.0008814652389614041,aws-region=eu-central-1
113.45672836418208,0.0008785412447454306,aws-region=eu-central-1
113.53776888444222,0.0008756147690641237,aws-region=eu-central-1
113.61880940470235,0.0008726857882982559,aws-region=eu-central-1
113.69984992496248,0.0008697542845716922,aws-region=eu-central-1
113.78089044522261,0.0008668202459421495,aws-region=eu-central-1
113.86193096548274,0.000863883666582812,aws-region=eu-central-1
113.94297148574286,0.00086094454695461,aws-region=eu-central-1
114.02401200600299,0.00085800289396903,aws-region=eu-central-1
114.10505252626312,0.0008550587211413635,aws-region=eu-central-1
114.18609304652325,0.0008521120487342262,aws-region=eu-central-1
114.26713356678339,0.0008491629038912734,aws-region=eu-central-1
114.34817408704352,0.0008462113207609957,aws-region=eu-central-1
114.42921460730365,0.0008432573406105162,aws-region=eu-central-1
114.51025512756378,0.0008403010119292688,aws-region=eu-central-1
114.59129564782391,0.0008373423905225134,aws-region=eu-central-1
114.67233616808403,0.0008343815395946176,aws-region=eu-central-1
114.75337668834416,0.0008314185298220354,aws-region=eu-central-1
114.8344172086043,0.0008284534394159366,aws-region=eu-central-1
114.91545772886442,0.0008254863541744625,aws-region=eu-central-1
114.99649824912456,0.0008225173675245678,aws-region=eu-central-1
115.07753876938469,0.0008195465805534521,aws-region=eu-central-1
115.15857928964482,0.0008165741020295309,aws-region=eu-central-1
115.23961980990495,0.000813600048413028,aws-region=eu-central-1
115.32066033016508,0.0008106245438561335,aws-region=eu-central-1
115.4017008504252,0.0008076477201928156,aws-region=eu-central-1
115.48274137068533,0.0008046697169182893,aws-region=eu-central-1
115.56378189094546,0.0008016906811582264,aws-region=eu-central-1
115.6448224112056,0.0007987107676277798,aws-region=eu-central-1
115.72586293146573,0.0007957301385804838,aws-region=eu-central-1
115.80690345172586,0.0007927489637471447,aws-region=eu-central-1
115.88794397198599,0.0007897674202648313,aws-region=eu-central-1
115.96898449224612,0.0007867856925961168,aws-region=eu-central-1
116.05002501250625,0.0007838039724386537,aws-region=eu-central-1
116.13106553276637,0.0007808224586253186,aws-region=eu-central-1
116.2121060530265,0.0007778413570150086,aws-region=eu-central-1
116.29314657328663,0.0007748608803743976,aws-region=eu-central-1
116.37418709354677,0.0007718812482507047,aws-region=eu-central-1
116.4552276138069,0.0007689026868358359,aws-region=eu-central-1
116.53626813406703,0.0007659254288220265,aws-region=eu-central-1
116.61730865432716,0.0007629497132493,aws-region=eu-central-1
116.69834917458729,0.00075997578534496,aws-region=eu-central-1
116.77938969484742,0.000757003896355431,aws-region=eu-central-1
116.86043021510754,0.0007540343033707148,aws-region=eu-central-1
116.94147073536767,0.0007510672691417792,aws-region=eu-central-1
117.0225112556278,0.0007481030618911957,aws-region=eu-central-1
117.10355177588794,0.0007451419551173658,aws-region=eu-central-1
117.18459229614807,0.0007421842273926852,aws-region=eu-central-1
117.2656328164082,0.0007392301621559929,aws-region=eu-central-1
117.34667333666833,0.0007362800474997063,aws-region=eu-central-1
117.42771385692846,0.0007333341759519866,aws-region=eu-central-1
117.5087543771886,0.000730392844254361,aws-region=eu-central-1
117.58979489744871,0.0007274563531352023,aws-region=eu-central-1
117.67083541770884,0.0007245250070794753,aws-region=eu-central-1
117.75187593796898,0.0007215991140951662,aws-region=eu-central-1
117.8329164582291,0.0007186789854768578,aws-region=eu-central-1
117.91395697848924,0.0007157649355668547,aws-region=eu-central-1
117.99499749874937,0.0007128572815143107,aws-region=eu-central-1
118.0760380190095,0.0007099563430328487,aws-region=eu-central-1
118.15707853926963,0.0007070624421570738,aws-region=eu-central-1
118.23811905952977,0.0007041759029984656,aws-region=eu-central-1
118.31915957978988,0.0007012970515011163,aws-region=eu-central-1
118.40020010005001,0.0006984262151977799,aws-region=eu-central-1
118.48124062031015,0.0006955637229666546,aws-region=eu-central-1
118.56228114057028,0.0006927099047894301,aws-region=eu-central-1
118.64332166083041,0.0006898650915109914,aws-region=eu-central-1
118.72436218109054,0.000687029614601288,aws-region=eu-central-1
118.80540270135067,0.0006842038059197862,aws-region=eu-central-1
118.8864432216108,0.0006813879974829841,aws-region=eu-central-1
118.96748374187094,0.0006785825212353889,aws-region=eu-central-1
119.04852426213105,0.0006757877088244545,aws-region=eu-central-1
119.12956478239118,0.0006730038913798123,aws-region=eu-central-1
119.21060530265132,0.0006702313992973197,aws-region=eu-central-1
119.29164582291145,0.0006674705620282351,aws-region=eu-central-1
119.37268634317158,0.0006647217078739686,aws-region=eu-central-1
119.45372686343171,0.0006619851637867885,aws-region=eu-central-1
119.53476738369184,0.0006592612551767918,aws-region=eu-central-1
119.61580790395197,0.0006565503057255875,aws-region=eu-central-1
119.6968484242121,0.0006538526372069145,aws-region=eu-central-1
119.77788894447222,0.0006511685693146262,aws-region=eu-central-1
119.85892946473236,0.0006484984194982522,aws-region=eu-central-1
119.93996998499249,0.0006458425028064657,aws-region=eu-central-1
120.02101050525262,0.000643201131738724,aws-region=eu-central-1
120.10205102551275,0.0006405746161052824,aws-region=eu-central-1
120.18309154577288,0.0006379632628958785,aws-region=eu-central-1
120.26413206603301,0.0006353673761572052,aws-region=eu-central-1
120.34517258629315,0.0006327872568794268,aws-region=eu-central-1
120.42621310655328,0.0006302232028918435,aws-region=eu-central-1
120.5072536268134,0.0006276755087678782,aws-region=eu-central-1
120.58829414707353,0.0006251444657394731,aws-region=eu-central-1
120.66933466733366,0.0006226303616210021,aws-region=eu-central-1
120.75037518759379,0.0006201334807427797,aws-region=eu-central-1
120.83141570785392,0.0006176541038941609,aws-region=eu-central-1
120.91245622811405,0.0006151925082763119,aws-region=eu-central-1
120.99349674837418,0.0006127489674646209,aws-region=eu-central-1
121.07453726863432,0.0006103237513807154,aws-region=eu-central-1
121.15557778889445,0.0006079171262740686,aws-region=eu-central-1
121.23661830915457,0.0006055293547130774,aws-region=eu-central-1
121.3176588294147,0.0006031606955855798,aws-region=eu-central-1
121.39869934967483,0.0006008114041086247,aws-region=eu-central-1
121.47973986993496,0.0005984817318474229,aws-region=eu-central-1
121.56078039019509,0.000596171926743272,aws-region=eu-central-1
121.64182091045522,0.0005938822331503086,aws-region=eu-central-1
121.72286143071535,0.0005916128918808592,aws-region=eu-central-1
121.80390195097549,0.0005893641402592024,aws-region=eu-central-1
121.88494247123562,0.0005871362121834836,aws-region=eu-central-1
121.96598299149574,0.0005849293381955354,aws-region=eu-central-1
122.04702351175587,0.0005827437455583237,aws-region=eu-central-1
122.128064032016,0.0005805796583407525,aws-region=eu-central-1
122.20910455227613,0.0005784372975095027,aws-region=eu-central-1
122.29014507253626,0.0005763168810276015,aws-region=eu-central-1
122.3711855927964,0.0005742186239593902,aws-region=eu-central-1
122.45222611305653,0.0005721427385815506,aws-region=eu-central-1
122.53326663331666,0.0005700894344998347,aws-region=eu-central-1
122.61430715357679,0.0005680589187711412,aws-region=eu-central-1
122.6953476738369,0.0005660513960305675,aws-region=eu-central-1
122.77638819409704,0.0005640670686230634,aws-region=eu-central-1
122.85742871435717,0.000562106136739292,aws-region=eu-central-1
122.9384692346173,0.0005601687985553299,aws-region=eu-central-1
123.01950975487743,0.000558255250375805,aws-region=eu-central-1
123.10055027513756,0.0005563656867800631,aws-region=eu-central-1
123.1815907953977,0.0005545003007710055,aws-region=eu-central-1
123.26263131565783,0.0005526592839261666,aws-region=eu-central-1
123.34367183591796,0.0005508428265506593,aws-region=eu-central-1
123.42471235617808,0.0005490511178315862,aws-region=eu-central-1
123.50575287643821,0.0005472843459935344,aws-region=eu-central-1
123.58679339669834,0.0005455426984547765,aws-region=eu-central-1
123.66783391695847,0.0005438263619837827,aws-region=eu-central-1
123.7488744372186,0.0005421355228556897,aws-region=eu-central-1
123.82991495747874,0.0005404703670083629,aws-region=eu-central-1
123.91095547773887,0.0005388310801976836,aws-region=eu-central-1
123.991995997999,0.0005372178481517312,aws-region=eu-central-1
124.07303651825913,0.0005356308567235315,aws-region=eu-central-1
124.15407703851925,0.000534070292042021,aws-region=eu-central-1
124.23511755877938,0.0005325363406609486,aws-region=eu-central-1
124.31615807903951,0.0005310291897054071,aws-region=eu-central-1
124.39719859929964,0.0005295490270156941,aws-region=eu-central-1
124.47823911955977,0.0005280960412882688,aws-region=eu-central-1
124.5592796398199,0.0005266704222135152,aws-region=eu-central-1
124.64032016008004,0.0005252723606100808,aws-region=eu-central-1
124.72136068034017,0.0005239020485556012,aws-region=eu-central-1
124.8024012006003,0.000522559679513545,aws-region=eu-central-1
124.88344172086042,0.000521245448456038,aws-region=eu-central-1
124.96448224112055,0.0005199595519824659,aws-region=eu-central-1
125.04552276138068,0.0005187021884337041,aws-region=eu-central-1
125.12656328164081,0.0005174735580018513,aws-region=eu-central-1
125.20760380190094,0.0005162738628352911,aws-region=eu-central-1
125.28864432216108,0.0005151033071390502,aws-region=eu-central-1
125.36968484242121,0.0005139620972702976,aws-region=eu-central-1
125.45072536268134,0.0005128504418289365,aws-region=eu-central-1
125.53176588294147,0.0005117685517432392,aws-region=eu-central-1
125.61280640320159,0.00051071664035047,aws-region=eu-central-1
125.69384692346172,0.00050969492347246,aws-region=eu-central-1
125.77488744372185,0.0005087036194861531,aws-region=eu-central-1
125.85592796398198,0.0005077429493890964,aws-region=eu-central-1
125.93696848424212,0.0005068131368599048,aws-region=eu-central-1
126.01800900450225,0.0005059144083137354,aws-region=eu-central-1
126.09904952476238,0.0005050469929527925,aws-region=eu-central-1
126.18009004502251,0.000504211122811956,aws-region=eu-central-1
126.26113056528264,0.0005034070327995596,aws-region=eu-central-1
126.34217108554276,0.0005026349607334231,aws-region=eu-central-1
126.42321160580289,0.0005018951473722194,aws-region=eu-central-1
126.50425212606302,0.0005011878364422637,aws-region=eu-central-1
126.58529264632315,0.0005005132746598431,aws-region=eu-central-1
126.66633316658329,0.0004998717117491858,aws-region=eu-central-1
126.74737368684342,0.0004992634004561971,aws-region=eu-central-1
126.82841420710355,0.0004986885965580789,aws-region=eu-central-1
126.90945472736368,0.0004981475588689591,aws-region=eu-central-1
126.99049524762381,0.0004976405492416808,aws-region=eu-central-1
127.07153576788393,0.0004971678325658518,aws-region=eu-central-1
127.15257628814406,0.0004967296767623238,aws-region=eu-central-1
127.2336168084042,0.0004963263527742156,aws-region=eu-central-1
127.31465732866432,0.0004959581345546353,aws-region=eu-central-1
127.39569784892446,0.00049562529905121,aws-region=eu-central-1
127.47673836918459,0.0004953281261875936,aws-region=eu-central-1
127.55777888944472,0.0004950668988420507,aws-region=eu-central-1
127.63881940970485,0.0004948419028232603,aws-region=eu-central-1
127.71985992996498,0.0004946534268434699,aws-region=eu-central-1
127.8009004502251,0.0004945017624890924,aws-region=eu-central-1
127.88194097048523,0.0004943872041888892,aws-region=eu-central-1
127.96298149074536,0.0004943100491798322,aws-region=eu-central-1
128.0440220110055,0.0004942705974707295,aws-region=eu-central-1
128.12506253126563,0.0004942691518037313,aws-region=eu-central-1
128.20610305152576,0.0004943060176137914,aws-region=eu-central-1
128.2871435717859,0.0004943815029861458,aws-region=eu-central-1
128.36818409204602,0.0004944959186118938,aws-region=eu-central-1
128.44922461230615,0.0004946495777417186,aws-region=eu-central-1
128.53026513256629,0.0004948427961378166,aws-region=eu-central-1
128.61130565282642,0.00049507589202404,aws-region=eu-central-1
128.69234617308655,0.0004953491860343169,aws-region=eu-central-1
128.77338669334668,0.0004956630011593266,aws-region=eu-central-1
128.85442721360678,0.000496017662691466,aws-region=eu-central-1
128.93546773386691,0.0004964134981680732,aws-region=eu-central-1
129.01650825412705,0.0004968508373129253,aws-region=eu-central-1
129.09754877438718,0.0004973300119759485,aws-region=eu-central-1
129.1785892946473,0.000497851356071122,aws-region=eu-central-1
129.25962981490744,0.0004984152055125329,aws-region=eu-central-1
129.34067033516757,0.0004990218981485153,aws-region=eu-central-1
129.4217108554277,0.0004996717736937984,aws-region=eu-central-1
129.50275137568784,0.0005003651736596148,aws-region=eu-central-1
129.58379189594797,0.0005011024412816493,aws-region=eu-central-1
129.6648324162081,0.0005018839214457681,aws-region=eu-central-1
129.74587293646823,0.0005027099606113979,aws-region=eu-central-1
129.82691345672836,0.0005035809067324654,aws-region=eu-central-1
129.9079539769885,0.0005044971091757838,aws-region=eu-central-1
129.98899449724863,0.0005054589186367282,aws-region=eu-central-1
130.07003501750876,0.0005064666870521389,aws-region=eu-central-1
130.1510755377689,0.0005075207675102558,aws-region=eu-central-1
130.23211605802902,0.0005086215141575777,aws-region=eu-central-1
130.31315657828912,0.0005097692821025202,aws-region=eu-central-1
130.39419709854926,0.0005109644273156928,aws-region=eu-central-1
130.4752376188094,0.0005122073065266846,aws-region=eu-central-1
130.55627813906952,0.0005134982771172052,aws-region=eu-central-1
130.63731865932965,0.0005148376970104203,aws-region=eu-central-1
130.71835917958978,0.0005162259245563712,aws-region=eu-central-1
130.79939969984991,0.0005176633184132875,aws-region=eu-central-1
130.88044022011005,0.000519150237424707,aws-region=eu-central-1
130.96148074037018,0.0005206870404922129,aws-region=eu-central-1
131.0425212606303,0.000522274086443714,aws-region=eu-central-1
131.12356178089044,0.000523911733897074,aws-region=eu-central-1
131.20460230115057,0.0005256003411190119,aws-region=eu-central-1
131.2856428214107,0.0005273402658791541,aws-region=eu-central-1
131.36668334167084,0.000529131865299096,aws-region=eu-central-1
131.44772386193097,0.0005309754956964248,aws-region=eu-central-1
131.5287643821911,0.0005328715124235475,aws-region=eu-central-1
131.60980490245123,0.0005348202697012934,aws-region=eu-central-1
131.69084542271136,0.0005368221204471898,aws-region=eu-central-1
131.77188594297147,0.000538877416098346,aws-region=eu-central-1
131.8529264632316,0.0005409865064289103,aws-region=eu-central-1
131.93396698349173,0.0005431497393620394,aws-region=eu-central-1
132.01500750375186,0.0005453674607763525,aws-region=eu-central-1
132.096048024012,0.0005476400143068773,aws-region=eu-central-1
132.17708854427212,0.0005499677411404465,aws-region=eu-central-1
132.25812906453226,0.0005523509798055779,aws-region=eu-central-1
132.3391695847924,0.0005547900659568593,aws-region=eu-central-1
132.42021010505252,0.000557285332153861,aws-region=eu-central-1
132.50125062531265,0.0005598371076346442,aws-region=eu-central-1
132.58229114557278,0.0005624457180839025,aws-region=eu-central-1
132.6633316658329,0.000565111485395847,aws-region=eu-central-1
132.74437218609305,0.0005678347274319,aws-region=eu-central-1
132.82541270635318,0.0005706157577733233,aws-region=eu-central-1
132.9064532266133,0.0005734548854688812,aws-region=eu-central-1
132.98749374687344,0.0005763524147777004,aws-region=eu-central-1
133.06853426713357,0.0005793086449074441,aws-region=eu-central-1
133.1495747873937,0.0005823238697479896,aws-region=eu-central-1
133.2306153076538,0.0005853983776007731,aws-region=eu-central-1
133.31165582791394,0.0005885324509039895,aws-region=eu-central-1
133.39269634817407,0.0005917263659538575,aws-region=eu-central-1
133.4737368684342,0.0005949803926221535,aws-region=eu-central-1
133.55477738869433,0.0005982947940702613,aws-region=eu-central-1
133.63581790895446,0.000601669826459955,aws-region=eu-central-1
133.7168584292146,0.0006051057386611723,aws-region=eu-central-1
133.79789894947473,0.0006086027719570691,aws-region=eu-central-1
133.87893946973486,0.0006121611597465671,aws-region=eu-central-1
133.959979989995,0.0006157811272447314,aws-region=eu-central-1
134.04102051025512,0.0006194628911812592,aws-region=eu-central-1
134.12206103051525,0.0006232066594973551,aws-region=eu-central-1
134.2031015507754,0.0006270126310413193,aws-region=eu-central-1
134.28414207103552,0.0006308809952631794,aws-region=eu-central-1
134.36518259129565,0.0006348119319086593,aws-region=eu-central-1
134.44622311155578,0.0006388056107128383,aws-region=eu-central-1
134.5272636318159,0.000642862191093823,aws-region=eu-central-1
134.60830415207604,0.0006469818218467836,aws-region=eu-central-1
134.68934467233615,0.0006511646408387017,aws-region=eu-central-1
134.77038519259628,0.0006554107747041566,aws-region=eu-central-1
134.8514257128564,0.0006597203385425211,aws-region=eu-central-1
134.93246623311654,0.0006640934356169472,aws-region=eu-central-1
135.01350675337667,0.0006685301570554364,aws-region=eu-central-1
135.0945472736368,0.0006730305815544216,aws-region=eu-central-1
135.17558779389694,0.0006775947750851647,aws-region=eu-central-1
135.25662831415707,0.0006822227906033867,aws-region=eu-central-1
135.3376688344172,0.0006869146677624303,aws-region=eu-central-1
135.41870935467733,0.0006916704326303624,aws-region=eu-central-1
135.49974987493746,0.0006964900974113664,aws-region=eu-central-1
135.5807903951976,0.0007013736601717554,aws-region=eu-central-1
135.66183091545773,0.0007063211045709856,aws-region=eu-central-1
135.74287143571786,0.0007113323995980441,aws-region=eu-central-1
135.823911955978,0.0007164074993134826,aws-region=eu-central-1
135.90495247623812,0.0007215463425975558,aws-region=eu-central-1
135.98599299649825,0.0007267488529046965,aws-region=eu-central-1
136.06703351675839,0.000732014938024751,aws-region=eu-central-1
136.1480740370185,0.0007373444898512552,aws-region=eu-central-1
136.22911455727862,0.0007427373841571261,aws-region=eu-central-1
136.31015507753875,0.0007481934803780286,aws-region=eu-central-1
136.39119559779888,0.0007537126214038259,aws-region=eu-central-1
136.47223611805902,0.0007592946333783557,aws-region=eu-central-1
136.55327663831915,0.0007649393255078567,aws-region=eu-central-1
136.63431715857928,0.0007706464898783941,aws-region=eu-central-1
136.7153576788394,0.0007764159012825128,aws-region=eu-central-1
136.79639819909954,0.000782247317055447,aws-region=eu-central-1
136.87743871935967,0.0007881404769211994,aws-region=eu-central-1
136.9584792396198,0.0007940951028486943,aws-region=eu-central-1
137.03951975987994,0.0008001108989183457,aws-region=eu-central-1
137.12056028014007,0.0008061875511992802,aws-region=eu-central-1
137.2016008004002,0.0008123247276374658,aws-region=eu-central-1
137.28264132066033,0.0008185220779550143,aws-region=eu-central-1
137.36368184092046,0.0008247792335608896,aws-region=eu-central-1
137.4447223611806,0.000831095807473281,aws-region=eu-central-1
137.52576288144073,0.00083747139425384,aws-region=eu-central-1
137.60680340170083,0.0008439055699540505,aws-region=eu-central-1
137.68784392196096,0.0008503978920739119,aws-region=eu-central-1
137.7688844422211,0.0008569478995331347,aws-region=eu-central-1
137.84992496248123,0.0008635551126551222,aws-region=eu-central-1
137.93096548274136,0.0008702190331638513,aws-region=eu-central-1
138.0120060030015,0.000876939144193865,aws-region=eu-central-1
138.09304652326162,0.0008837149103135987,aws-region=eu-central-1
138.17408704352175,0.0008905457775621286,aws-region=eu-central-1
138.25512756378188,0.0008974311734995879,aws-region=eu-central-1
138.33616808404201,0.0009043705072713516,aws-region=eu-central-1
138.41720860430215,0.000911363169686126,aws-region=eu-central-1
138.49824912456228,0.0009184085333081354,aws-region=eu-central-1
138.5792896448224,0.0009255059525634652,aws-region=eu-central-1
138.66033016508254,0.0009326547638607074,aws-region=eu-central-1
138.74137068534267,0.0009398542857260145,aws-region=eu-central-1
138.8224112056028,0.0009471038189526383,aws-region=eu-central-1
138.90345172586294,0.0009544026467650432,aws-region=eu-central-1
138.98449224612307,0.0009617500349976666,aws-region=eu-central-1
139.06553276638317,0.0009691452322883641,aws-region=eu-central-1
139.1465732866433,0.0009765874702866108,aws-region=eu-central-1
139.22761380690343,0.0009840759638764375,aws-region=eu-central-1
139.30865432716357,0.0009916099114141823,aws-region=eu-central-1
139.3896948474237,0.0009991884949809905,aws-region=eu-central-1
139.47073536768383,0.0010068108806500949,aws-region=eu-central-1
139.55177588794396,0.0010144762187688048,aws-region=eu-central-1
139.6328164082041,0.001022183644255162,aws-region=eu-central-1
139.71385692846422,0.0010299322769092125,aws-region=eu-central-1
139.79489744872436,0.0010377212217387774,aws-region=eu-central-1
139.8759379689845,0.0010455495692996057,aws-region=eu-central-1
139.95697848924462,0.0010534163960498283,aws-region=eu-central-1
140.03801900950475,0.0010613207647184814,aws-region=eu-central-1
140.11905952976488,0.0010692617246879912,aws-region=eu-central-1
140.20010005002501,0.0010772383123903886,aws-region=eu-central-1
140.28114057028515,0.0010852495517170305,aws-region=eu-central-1
140.36218109054528,0.0010932944544415678,aws-region=eu-central-1
140.4432216108054,0.0011013720206559203,aws-region=eu-central-1
140.5242621310655,0.0011094812392189117,aws-region=eu-central-1
140.60530265132564,0.0011176210882172482,aws-region=eu-central-1
140.68634317158578,0.0011257905354384956,aws-region=eu-central-1
140.7673836918459,0.0011339885388556368,aws-region=eu-central-1
140.84842421210604,0.0011422140471228147,aws-region=eu-central-1
140.92946473236617,0.0011504660000817863,aws-region=eu-central-1
141.0105052526263,0.0011587433292786203,aws-region=eu-central-1
141.09154577288643,0.0011670449584901149,aws-region=eu-central-1
141.17258629314657,0.0011753698042593695,aws-region=eu-central-1
141.2536268134067,0.0011837167764399959,aws-region=eu-central-1
141.33466733366683,0.0011920847787482167,aws-region=eu-central-1
141.41570785392696,0.0012004727093223781,aws-region=eu-central-1
141.4967483741871,0.001208879461289031,aws-region=eu-central-1
141.57778889444722,0.001217303923334928,aws-region=eu-central-1
141.65882941470736,0.0012257449802842314,aws-region=eu-central-1
141.7398699349675,0.001234201513680042,aws-region=eu-central-1
141.82091045522762,0.001242672402369468,aws-region=eu-central-1
141.90195097548775,0.0012511565230914046,aws-region=eu-central-1
141.98299149574785,0.001259652751066096,aws-region=eu-central-1
142.06403201600799,0.0012681599605855272,aws-region=eu-central-1
142.14507253626812,0.0012766770256037521,aws-region=eu-central-1
142.22611305652825,0.001285202820326106,aws-region=eu-central-1
142.30715357678838,0.0012937362197962834,aws-region=eu-central-1
142.3881940970485,0.0013022761004802814,aws-region=eu-central-1
142.46923461730864,0.0013108213408459962,aws-region=eu-central-1
142.55027513756878,0.0013193708219375205,aws-region=eu-central-1
142.6313156578289,0.0013279234279428424,aws-region=eu-central-1
142.71235617808904,0.0013364780467538958,aws-region=eu-central-1
142.79339669834917,0.0013450335705176683,aws-region=eu-central-1
142.8744372186093,0.0013535888961772357,aws-region=eu-central-1
142.95547773886943,0.001362142926001424,aws-region=eu-central-1
143.03651825912956,0.0013706945681018483,aws-region=eu-central-1
143.1175587793897,0.0013792427369361054,aws-region=eu-central-1
143.19859929964983,0.0013877863537957536,aws-region=eu-central-1
143.27963981990996,0.001396324347277825,aws-region=eu-central-1
143.3606803401701,0.001404855653738562,aws-region=eu-central-1
143.4417208604302,0.0014133792177280175,aws-region=eu-central-1
143.52276138069033,0.00142189399240427,aws-region=eu-central-1
143.60380190095046,0.0014303989399258273,aws-region=eu-central-1
143.6848424212106,0.0014388930318209848,aws-region=eu-central-1
143.76588294147072,0.001447375249332789,aws-region=eu-central-1
143.84692346173085,0.00145584458373826,aws-region=eu-central-1
143.92796398199098,0.0014643000366406807,aws-region=eu-central-1
144.00900450225112,0.00147274062023349,aws-region=eu-central-1
144.09004502251125,0.0014811653575347381,aws-region=eu-central-1
144.17108554277138,0.0014895732825906426,aws-region=eu-central-1
144.2521260630315,0.0014979634406472018,aws-region=eu-central-1
144.33316658329164,0.0015063348882885675,aws-region=eu-central-1
144.41420710355177,0.0015146866935410728,aws-region=eu-central-1
144.4952476238119,0.001523017935941778,aws-region=eu-central-1
144.57628814407204,0.0015313277065704728,aws-region=eu-central-1
144.65732866433217,0.0015396151080440971,aws-region=eu-central-1
144.7383691845923,0.0015478792544725978,aws-region=eu-central-1
144.81940970485243,0.0015561192713752746,aws-region=eu-central-1
144.90045022511254,0.0015643342955567999,aws-region=eu-central-1
144.98149074537267,0.0015725234749420214,aws-region=eu-central-1
145.0625312656328,0.0015806859683688728,aws-region=eu-central-1
145.14357178589293,0.0015888209453386792,aws-region=eu-central-1
145.22461230615306,0.0015969275857232535,aws-region=eu-central-1
145.3056528264132,0.001605005079428269,aws-region=eu-central-1
145.38669334667333,0.0016130526260124682,aws-region=eu-central-1
145.46773386693346,0.001621069434262302,aws-region=eu-central-1
145.5487743871936,0.0016290547217217898,aws-region=eu-central-1
145.62981490745372,0.0016370077141773462,aws-region=eu-central-1
145.71085542771385,0.0016449276450975394,aws-region=eu-central-1
145.79189594797398,0.001652813755027761,aws-region=eu-central-1
145.87293646823412,0.0016606652909399162,aws-region=eu-central-1
145.95397698849425,0.0016684815055373423,aws-region=eu-central-1
146.03501750875438,0.0016762616565153033,aws-region=eu-central-1
146.1160580290145,0.0016840050057774448,aws-region=eu-central-1
146.19709854927464,0.0016917108186087352,aws-region=eu-central-1
146.27813906953477,0.0016993783628056745,aws-region=eu-central-1
146.35917958979488,0.0017070069077642733,aws-region=eu-central-1
146.440220110055,0.0017145957235270323,aws-region=eu-central-1
146.52126063031514,0.0017221440797895585,aws-region=eu-central-1
146.60230115057527,0.0017296512448682609,aws-region=eu-central-1
146.6833416708354,0.0017371164846301064,aws-region=eu-central-1
146.76438219109554,0.0017445390613860245,aws-region=eu-central-1
146.84542271135567,0.0017519182327492449,aws-region=eu-central-1
146.9264632316158,0.001759253250460296,aws-region=eu-central-1
147.00750375187593,0.0017665433591804005,aws-region=eu-central-1
147.08854427213606,0.0017737877952550014,aws-region=eu-central-1
147.1695847923962,0.0017809857854495345,aws-region=eu-central-1
147.25062531265633,0.0017881365456594335,aws-region=eu-central-1
147.33166583291646,0.0017952392795966194,aws-region=eu-central-1
147.4127063531766,0.001802293177454789,aws-region=eu-central-1
147.49374687343672,0.0018092974145559422,aws-region=eu-central-1
147.57478739369685,0.0018162511499807263,aws-region=eu-central-1
147.65582791395698,0.0018231535251851953,aws-region=eu-central-1
147.73686843421712,0.0018300036626068255,aws-region=eu-central-1
147.81790895447722,0.001836800664262602,aws-region=eu-central-1
147.89894947473735,0.001843543610342207,aws-region=eu-central-1
147.97998999499748,0.0018502315577992976,aws-region=eu-central-1
148.0610305152576,0.00185686353894414,aws-region=eu-central-1
148.14207103551774,0.0018634385600407176,aws-region=eu-central-1
148.22311155577788,0.001869955599911768,aws-region=eu-central-1
148.304152076038,0.0018764136085550817,aws-region=eu-central-1
148.38519259629814,0.001882811505774524,aws-region=eu-central-1
148.46623311655827,0.0018891481798294068,aws-region=eu-central-1
148.5472736368184,0.0018954224861057276,aws-region=eu-central-1
148.62831415707853,0.0019016332458129525,aws-region=eu-central-1
148.70935467733867,0.0019077792447101099,aws-region=eu-central-1
148.7903951975988,0.001913859231864796,aws-region=eu-central-1
148.87143571785893,0.0019198719184490344,aws-region=eu-central-1
148.95247623811906,0.0019258159765756292,aws-region=eu-central-1
149.0335167583792,0.0019316900381789576,aws-region=eu-central-1
149.11455727863932,0.001937492693943892,aws-region=eu-central-1
149.19559779889946,0.0019432224922868193,aws-region=eu-central-1
149.27663831915956,0.0019488779383924242,aws-region=eu-central-1
149.3576788394197,0.0019544574933101646,aws-region=eu-central-1
149.43871935967982,0.0019599595731140977,aws-region=eu-central-1
149.51975987993995,0.001965382548129892,aws-region=eu-central-1
149.6008004002001,0.0019707247422326643,aws-region=eu-central-1
149.68184092046022,0.001975984432219244,aws-region=eu-central-1
149.76288144072035,0.0019811598472586306,aws-region=eu-central-1
149.84392196098048,0.0019862491684238563,aws-region=eu-central-1
149.9249624812406,0.0019912505283089695,aws-region=eu-central-1
150.00600300150074,0.0019961620107343055,aws-region=eu-central-1
150.08704352176088,0.0020009816505433607,aws-region=eu-central-1
150.168084042021,0.002005707433494381,aws-region=eu-central-1
150.24912456228114,0.002010337296249668,aws-region=eu-central-1
150.33016508254127,0.0020148691264655076,aws-region=eu-central-1
150.4112056028014,0.0020193007629854963,aws-region=eu-central-1
150.49224612306153,0.002023629996139837,aws-region=eu-central-1
150.57328664332167,0.002027854568153022,aws-region=eu-central-1
150.6543271635818,0.002031972173662329,aws-region=eu-central-1
150.7353676838419,0.002035980460349115,aws-region=eu-central-1
150.81640820410203,0.002039877029684864,aws-region=eu-central-1
150.89744872436216,0.0020436594377938443,aws-region=eu-central-1
150.9784892446223,0.0020473251964337907,aws-region=eu-central-1
151.05952976488243,0.0020508717740960786,aws-region=eu-central-1
151.14057028514256,0.0020542965972264763,aws-region=eu-central-1
151.2216108054027,0.0020575970515673662,aws-region=eu-central-1
151.30265132566282,0.0020607704836222525,aws-region=eu-central-1
151.38369184592295,0.0020638142022428815,aws-region=eu-central-1
151.46473236618309,0.002066725480339307,aws-region=eu-central-1
151.54577288644322,0.0020695015567128473,aws-region=eu-central-1
151.62681340670335,0.002072139638011696,aws-region=eu-central-1
151.70785392696348,0.0020746369008086485,aws-region=eu-central-1
151.7888944472236,0.0020769904938002562,aws-region=eu-central-1
151.86993496748374,0.0020791975401262394,aws-region=eu-central-1
151.95097548774388,0.002081255139808079,aws-region=eu-central-1
152.032016008004,0.002083160372305019,aws-region=eu-central-1
152.11305652826414,0.0020849102991858494,aws-region=eu-central-1
152.19409704852424,0.0020865019669142498,aws-region=eu-central-1
152.27513756878437,0.0020879324097454544,aws-region=eu-central-1
152.3561780890445,0.00208919865273151,aws-region=eu-central-1
152.43721860930464,0.002090297714832289,aws-region=eu-central-1
152.51825912956477,0.002091226612129156,aws-region=eu-central-1
152.5992996498249,0.002091982361137751,aws-region=eu-central-1
152.68034017008503,0.0020925619822162803,aws-region=eu-central-1
152.76138069034516,0.00209296250306536,aws-region=eu-central-1
152.8424212106053,0.0020931809623152115,aws-region=eu-central-1
152.92346173086543,0.0020932144131957267,aws-region=eu-central-1
153.00450225112556,0.00209305992728471,aws-region=eu-central-1
153.0855427713857,0.002092714598329424,aws-region=eu-central-1
153.16658329164582,0.0020921755461361254,aws-region=eu-central-1
153.24762381190595,0.002091439920522332,aws-region=eu-central-1
153.32866433216608,0.002090504905326071,aws-region=eu-central-1
153.40970485242622,0.00208936772246638,aws-region=eu-central-1
153.49074537268635,0.0020880256360488974,aws-region=eu-central-1
153.57178589294648,0.0020864759565104225,aws-region=eu-central-1
153.65282641320658,0.0020847160447959555,aws-region=eu-central-1
153.73386693346671,0.002082743316561598,aws-region=eu-central-1
153.81490745372685,0.002080555246396695,aws-region=eu-central-1
153.89594797398698,0.0020781493720580975,aws-region=eu-central-1
153.9769884942471,0.0020755232987097133,aws-region=eu-central-1
154.05802901450724,0.0020726747031600138,aws-region=eu-central-1
154.13906953476737,0.002069601338090331,aws-region=eu-central-1
154.2201100550275,0.0020663010362664672,aws-region=eu-central-1
154.30115057528764,0.0020627717147262614,aws-region=eu-central-1
154.38219109554777,0.0020590113789354437,aws-region=eu-central-1
154.4632316158079,0.0020550181269043287,aws-region=eu-central-1
154.54427213606803,0.00205079015325761,aws-region=eu-central-1
154.62531265632816,0.002046325753249688,aws-region=eu-central-1
154.7063531765883,0.0020416233267178258,aws-region=eu-central-1
154.78739369684843,0.0020366813819654613,aws-region=eu-central-1
154.86843421710856,0.0020314985395681593,aws-region=eu-central-1
154.9494747373687,0.002026073536094481,aws-region=eu-central-1
155.03051525762882,0.0020204052277343525,aws-region=eu-central-1
155.11155577788892,0.002014492593827448,aws-region=eu-central-1
155.19259629814906,0.002008334740284186,aws-region=eu-central-1
155.2736368184092,0.002001930902892208,aws-region=eu-central-1
155.35467733866932,0.001995280450501077,aws-region=eu-central-1
155.43571785892945,0.0019883828880783,aws-region=eu-central-1
155.51675837918958,0.001981237859629832,aws-region=eu-central-1
155.5977988994497,0.0019738451509784425,aws-region=eu-central-1
155.67883941970985,0.00196620469239338,aws-region=eu-central-1
155.75987993996998,0.0019583165610652102,aws-region=eu-central-1
155.8409204602301,0.001950180983419783,aws-region=eu-central-1
155.92196098049024,0.0019417983372653767,aws-region=eu-central-1
156.00300150075037,0.0019331691537677468,aws-region=eu-central-1
156.0840420210105,0.001924294119247543,aws-region=eu-central-1
156.16508254127064,0.0019151740767952802,aws-region=eu-central-1
156.24612306153077,0.0019058100276990644,aws-region=eu-central-1
156.3271635817909,0.001896203132680747,aws-region=eu-central-1
156.40820410205103,0.0018863547129363573,aws-region=eu-central-1
156.48924462231116,0.00187626625097711,aws-region=eu-central-1
156.57028514257127,0.0018659393912676188,aws-region=eu-central-1
156.6513256628314,0.001855375940658148,aws-region=eu-central-1
156.73236618309153,0.0018445778686083337,aws-region=eu-central-1
156.81340670335166,0.00183354730719997,aws-region=eu-central-1
156.8944472236118,0.0018222865509369003,aws-region=eu-central-1
156.97548774387192,0.0018107980563305535,aws-region=eu-central-1
157.05652826413206,0.0017990844412697623,aws-region=eu-central-1
157.1375687843922,0.0017871484841743123,aws-region=eu-central-1
157.21860930465232,0.001774993122931624,aws-region=eu-central-1
157.29964982491245,0.0017626214536167369,aws-region=eu-central-1
157.38069034517258,0.0017500367289959345,aws-region=eu-central-1
157.4617308654327,0.0017372423568149298,aws-region=eu-central-1
157.54277138569284,0.0017242418978727543,aws-region=eu-central-1
157.62381190595298,0.0017110390638830353,aws-region=eu-central-1
157.7048524262131,0.0016976377151248089,aws-region=eu-central-1
157.78589294647324,0.0016840418578851245,aws-region=eu-central-1
157.86693346673337,0.0016702556416965705,aws-region=eu-central-1
157.9479739869935,0.0016562833563726366,aws-region=eu-central-1
158.0290145072536,0.0016421294288449886,aws-region=eu-central-1
158.11005502751374,0.0016277984198062058,aws-region=eu-central-1
158.19109554777387,0.001613295020162811,aws-region=eu-central-1
158.272136068034,0.0015986240473031528,aws-region=eu-central-1
158.35317658829413,0.0015837904411852785,aws-region=eu-central-1
158.43421710855426,0.001568799260250431,aws-region=eu-central-1
158.5152576288144,0.00155365567716781,aws-region=eu-central-1
158.59629814907453,0.0015383649744169835,aws-region=eu-central-1
158.67733866933466,0.0015229325397142185,aws-region=eu-central-1
158.7583791895948,0.0015073638612896842,aws-region=eu-central-1
158.83941970985492,0.0014916645230224916,aws-region=eu-central-1
158.92046023011505,0.001475840199440974,aws-region=eu-central-1
159.0015007503752,0.0014598966505958342,aws-region=eu-central-1
159.08254127063532,0.0014438397168139595,aws-region=eu-central-1
159.16358179089545,0.0014276753133410694,aws-region=eu-central-1
159.24462231115558,0.0014114094248813814,aws-region=eu-central-1
159.3256628314157,0.00139504810004294,aws-region=eu-central-1
159.40670335167584,0.0013785974456971164,aws-region=eu-central-1
159.48774387193595,0.001362063621261221,aws-region=eu-central-1
159.56878439219608,0.0013454528329131204,aws-region=eu-central-1
159.6498249124562,0.0013287713277469822,aws-region=eu-central-1
159.73086543271634,0.0013120253878793496,aws-region=eu-central-1
159.81190595297647,0.0012952213245146801,aws-region=eu-central-1
159.8929464732366,0.001278365471979888,aws-region=eu-central-1
159.97398699349674,0.0012614641817370363,aws-region=eu-central-1
160.05502751375687,0.001244523816383746,aws-region=eu-central-1
160.136068034017,0.0012275507436505613,aws-region=eu-central-1
160.21710855427713,0.0012105513304047127,aws-region=eu-central-1
160.29814907453726,0.0011935319366696612,aws-region=eu-central-1
160.3791895947974,0.0011764989096695367,aws-region=eu-central-1
160.46023011505753,0.001159458577907852,aws-region=eu-central-1
160.54127063531766,0.0011424172452893892,aws-region=eu-central-1
160.6223111555778,0.001125381185294467,aws-region=eu-central-1
160.70335167583792,0.0011083566352141734,aws-region=eu-central-1
160.78439219609805,0.001091349790455519,aws-region=eu-central-1
160.86543271635819,0.0010743667989248202,aws-region=eu-central-1
160.9464732366183,0.0010574137554977367,aws-region=eu-central-1
161.02751375687842,0.0010404966965841364,aws-region=eu-central-1
161.10855427713855,0.0010236215947955975,aws-region=eu-central-1
161.18959479739868,0.0010067943537233138,aws-region=eu-central-1
161.27063531765882,0.000990020802833746,aws-region=eu-central-1
161.35167583791895,0.0009733066924892021,aws-region=eu-central-1
161.43271635817908,0.0009566576891003076,aws-region=eu-central-1
161.5137568784392,0.0009400793704167757,aws-region=eu-central-1
161.59479739869934,0.0009235772209629927,aws-region=eu-central-1
161.67583791895947,0.0009071566276241293,aws-region=eu-central-1
161.7568784392196,0.0008908228753886978,aws-region=eu-central-1
161.83791895947974,0.000874581143252595,aws-region=eu-central-1
161.91895947973987,0.0008584365002898724,aws-region=eu-central-1
162.0,0.0008423939018946166,aws-region=eu-central-1
0.0,0.006266102221196249,aws-region=ap-southeast-2
0.08104052026013006,0.006701502741260801,aws-region=ap-southeast-2
0.16208104052026012,0.007148146127395231,aws-region=ap-southeast-2
0.24312156078039018,0.007604836903660116,aws-region=ap-southeast-2
0.32416208104052024,0.008070324742578922,aws-region=ap-southeast-2
0.40520260130065033,0.008543320042183373,aws-region=ap-southeast-2
0.48624312156078037,0.009022509937274445,aws-region=ap-southeast-2
0.5672836418209104,0.00950657440831995,aws-region=ap-southeast-2
0.6483241620810405,0.00999420215301133,aws-region=ap-southeast-2
0.7293646823411706,0.010484105896283458,aws-region=ap-southeast-2
0.8104052026013007,0.010975036834055062,aws-region=ap-southeast-2
0.8914457228614306,0.011465797933303015,aws-region=ap-southeast-2
0.9724862431215607,0.01195525584533552,aws-region=ap-southeast-2
1.0535267633816907,0.012442351229123787,aws-region=ap-southeast-2
1.1345672836418208,0.012926107325976481,aws-region=ap-southeast-2
1.215607803901951,0.01340563667433954,aws-region=ap-southeast-2
1.296648324162081,0.013880145902650796,aws-region=ap-southeast-2
1.377688844422211,0.014348938587594867,aws-region=ap-southeast-2
1.4587293646823412,0.014811416213415817,aws-region=ap-southeast-2
1.5397698849424712,0.01526707731389727,aws-region=ap-southeast-2
1.6208104052026013,0.015715514921016197,aws-region=ap-southeast-2
1.7018509254627312,0.016156412482077276,aws-region=ap-southeast-2
1.7828914457228613,0.01658953843942923,aws-region=ap-southeast-2
1.8639319659829914,0.01701473969288365,aws-region=ap-southeast-2
1.9449724862431215,0.017431934184129718,aws-region=ap-southeast-2
2.0260130065032516,0.017841102854345522,aws-region=ap-southeast-2
2.1070535267633814,0.018242281230634875,aws-region=ap-southeast-2
2.1880940470235117,0.018635550893849547,aws-region=ap-southeast-2
2.2691345672836416,0.01902103106998308,aws-region=ap-southeast-2
2.350175087543772,0.019398870570018364,aws-region=ap-southeast-2
2.431215607803902,0.019769240279514322,aws-region=ap-southeast-2
2.512256128064032,0.020132326370086766,aws-region=ap-southeast-2
2.593296648324162,0.02048832437129013,aws-region=ap-southeast-2
2.674337168584292,0.02083743420437287,aws-region=ap-southeast-2
2.755377688844422,0.021179856240231217,aws-region=ap-southeast-2
2.836418209104552,0.021515788403991813,aws-region=ap-southeast-2
2.9174587293646823,0.02184542430943432,aws-region=ap-southeast-2
2.998499249624812,0.022168952369279897,aws-region=ap-southeast-2
3.0795397698849425,0.022486555793611016,aws-region=ap-southeast-2
3.1605802901450724,0.022798413359510994,aws-region=ap-southeast-2
3.2416208104052027,0.023104700811489725,aws-region=ap-southeast-2
3.3226613306653325,0.02340559273520777,aws-region=ap-southeast-2
3.4037018509254624,0.023701264736973905,aws-region=ap-southeast-2
3.4847423711855927,0.023991895758752338,aws-region=ap-southeast-2
3.5657828914457226,0.024277670362935422,aws-region=ap-southeast-2
3.646823411705853,0.02455878083260604,aws-region=ap-southeast-2
3.7278639319659828,0.024835428950779184,aws-region=ap-southeast-2
3.808904452226113,0.02510782734535586,aws-region=ap-southeast-2
3.889944972486243,0.02537620031409766,aws-region=ap-southeast-2
3.970985492746373,0.025640784074639683,aws-region=ap-southeast-2
4.052026013006503,0.025901826417019023,aws-region=ap-southeast-2
4.133066533266633,0.026159585768997958,aws-region=ap-southeast-2
4.214107053526763,0.026414329716253338,aws-region=ap-southeast-2
4.295147573786894,0.026666333048932376,aws-region=ap-southeast-2
4.3761880940470235,0.02691587543199498,aws-region=ap-southeast-2
4.457228614307153,0.027163238818122718,aws-region=ap-southeast-2
4.538269134567283,0.02740870473799717,aws-region=ap-southeast-2
4.619309654827413,0.027652551612805092,aws-region=ap-southeast-2
4.700350175087544,0.02789505223759338,aws-region=ap-southeast-2
4.781390695347674,0.028136471581433696,aws-region=ap-southeast-2
4.862431215607804,0.028377065041382918,aws-region=ap-southeast-2
4.943471735867933,0.028617077272246497,aws-region=ap-southeast-2
5.024512256128064,0.028856741693703072,aws-region=ap-southeast-2
5.105552776388194,0.029096280751088985,aws-region=ap-southeast-2
5.186593296648324,0.029335906976895847,aws-region=ap-southeast-2
5.267633816908454,0.029575824867760617,aws-region=ap-southeast-2
5.348674337168584,0.02981623355744099,aws-region=ap-southeast-2
5.429714857428714,0.030057330231065677,aws-region=ap-southeast-2
5.510755377688844,0.030299314191006014,aws-region=ap-southeast-2
5.591795897948974,0.03054239145117518,aws-region=ap-southeast-2
5.672836418209104,0.03078677970560258,aws-region=ap-southeast-2
5.753876938469235,0.03103271348992717,aws-region=ap-southeast-2
5.834917458729365,0.031280449332054365,aws-region=ap-southeast-2
5.9159579789894945,0.03153027067170361,aws-region=ap-southeast-2
5.996998499249624,0.031782492318776376,aws-region=ap-southeast-2
6.078039019509754,0.03203746421819991,aws-region=ap-southeast-2
6.159079539769885,0.03229557429467084,aws-region=ap-southeast-2
6.240120060030015,0.032557250164874395,aws-region=ap-southeast-2
6.321160580290145,0.032822959527363756,aws-region=ap-southeast-2
6.402201100550275,0.03309320907107569,aws-region=ap-southeast-2
6.483241620810405,0.033368541781922376,aws-region=ap-southeast-2
6.564282141070535,0.0336495325720942,aws-region=ap-southeast-2
6.645322661330665,0.033936782207463996,aws-region=ap-southeast-2
6.726363181590795,0.03423090956322324,aws-region=ap-southeast-2
6.807403701850925,0.03453254229484952,aws-region=ap-southeast-2
6.888444222111056,0.03484230606866816,aws-region=ap-southeast-2
6.969484742371185,0.03516081255148354,aws-region=ap-southeast-2
7.050525262631315,0.03548864640983348,aws-region=ap-southeast-2
7.131565782891445,0.035826351614186826,aws-region=ap-southeast-2
7.212606303151575,0.03617441737991114,aws-region=ap-southeast-2
7.293646823411706,0.03653326410329473,aws-region=ap-southeast-2
7.374687343671836,0.03690322966600925,aws-region=ap-southeast-2
7.4557278639319655,0.037284556484155996,aws-region=ap-southeast-2
7.536768384192095,0.037677379668088706,aws-region=ap-southeast-2
7.617808904452226,0.03808171663663261,aws-region=ap-southeast-2
7.698849424712356,0.03849745849487189,aws-region=ap-southeast-2
7.779889944972486,0.03892436343955979,aws-region=ap-southeast-2
7.860930465232616,0.03936205240216682,aws-region=ap-southeast-2
7.941970985492746,0.039810007078789074,aws-region=ap-southeast-2
8.023011505752876,0.04026757043100995,aws-region=ap-southeast-2
8.104052026013006,0.04073394967503419,aws-region=ap-southeast-2
8.185092546273136,0.041208221710611996,aws-region=ap-southeast-2
8.266133066533266,0.04168934087909416,aws-region=ap-southeast-2
8.347173586793396,0.04217614888367284,aws-region=ap-southeast-2
8.428214107053526,0.04266738665650917,aws-region=ap-southeast-2
8.509254627313656,0.04316170791850556,aws-region=ap-southeast-2
8.590295147573787,0.043657694148924446,aws-region=ap-southeast-2
8.671335667833917,0.044153870664297996,aws-region=ap-southeast-2
8.752376188094047,0.04464872349890479,aws-region=ap-southeast-2
8.833416708354177,0.04514071678181425,aws-region=ap-southeast-2
8.914457228614307,0.0456283103168365,aws-region=ap-southeast-2
8.995497748874437,0.046109977090156795,aws-region=ap-southeast-2
9.076538269134566,0.04658422045404481,aws-region=ap-southeast-2
9.157578789394696,0.04704959076187001,aws-region=ap-southeast-2
9.238619309654826,0.04750470125774599,aws-region=ap-southeast-2
9.319659829914958,0.04794824305166432,aws-region=ap-southeast-2
9.400700350175088,0.048378999036367484,aws-region=ap-southeast-2
9.481740870435218,0.04879585662437758,aws-region=ap-southeast-2
9.562781390695347,0.049197819201675166,aws-region=ap-southeast-2
9.643821910955477,0.04958401620838143,aws-region=ap-southeast-2
9.724862431215607,0.04995371176655408,aws-region=ap-southeast-2
9.805902951475737,0.05030631178158651,aws-region=ap-southeast-2
9.886943471735867,0.05064136944768718,aws-region=ap-southeast-2
9.967983991995997,0.05095858909083983,aws-region=ap-southeast-2
10.049024512256128,0.05125782828594175,aws-region=ap-southeast-2
10.130065032516258,0.05153909819001109,aws-region=ap-southeast-2
10.211105552776388,0.05180256204181272,aws-region=ap-southeast-2
10.292146073036518,0.05204853179114649,aws-region=ap-southeast-2
10.373186593296648,0.05227746283927287,aws-region=ap-southeast-2
10.454227113556778,0.05248994689583765,aws-region=ap-southeast-2
10.535267633816908,0.05268670298732842,aws-region=ap-southeast-2
10.616308154077037,0.05286856668687151,aws-region=ap-southeast-2
10.697348674337167,0.053036477674177594,aws-region=ap-southeast-2
10.778389194597299,0.05319146577620173,aws-region=ap-southeast-2
10.859429714857429,0.05333463568180107,aws-region=ap-southeast-2
10.940470235117559,0.05346715056540315,aws-region=ap-southeast-2
11.021510755377689,0.05359021489315571,aws-region=ap-southeast-2
11.102551275637818,0.053705056718207154,aws-region=ap-southeast-2
11.183591795897948,0.053812909797487624,aws-region=ap-southeast-2
11.264632316158078,0.05391499587897855,aws-region=ap-southeast-2
11.345672836418208,0.05401250751448291,aws-region=ap-southeast-2
11.426713356678338,0.05410659174748256,aws-region=ap-southeast-2
11.50775387693847,0.05419833500831738,aws-region=ap-southeast-2
11.5887943971986,0.054288749519878145,aws-region=ap-southeast-2
11.66983491745873,0.054378761476958325,aws-region=ap-southeast-2
11.75087543771886,0.054469201212673936,aws-region=ap-southeast-2
11.831915957978989,0.054560795507698594,aws-region=ap-southeast-2
11.912956478239119,0.05465416213465946,aws-region=ap-southeast-2
11.993996998499249,0.05474980666339279,aws-region=ap-southeast-2
12.075037518759379,0.054848121485495095,aws-region=ap-southeast-2
12.156078039019508,0.054949386951496204,aws-region=ap-southeast-2
12.23711855927964,0.05505377445361326,aws-region=ap-southeast-2
12.31815907953977,0.05516135123386916,aws-region=ap-southeast-2
12.3991995997999,0.055272086653459805,aws-region=ap-southeast-2
12.48024012006003,0.055385859626315086,aws-region=ap-southeast-2
12.56128064032016,0.0555024668990018,aws-region=ap-southeast-2
12.64232116058029,0.05562163185103957,aws-region=ap-southeast-2
12.72336168084042,0.055743013494441766,aws-region=ap-southeast-2
12.80440220110055,0.05586621536827159,aws-region=ap-southeast-2
12.885442721360679,0.05599079405217882,aws-region=ap-southeast-2
12.96648324162081,0.05611626706068454,aws-region=ap-southeast-2
13.04752376188094,0.056242119925485806,aws-region=ap-southeast-2
13.12856428214107,0.056367812323984176,aws-region=ap-southeast-2
13.2096048024012,0.05649278316619279,aws-region=ap-southeast-2
13.29064532266133,0.05661645460665779,aws-region=ap-southeast-2
13.37168584292146,0.056738235000565955,aws-region=ap-southeast-2
13.45272636318159,0.05685752087159833,aws-region=ap-southeast-2
13.53376688344172,0.056973698001292934,aws-region=ap-southeast-2
13.61480740370185,0.057086141784085866,aws-region=ap-southeast-2
13.69584792396198,0.057194217017666645,aws-region=ap-southeast-2
13.776888444222111,0.05729727731402419,aws-region=ap-southeast-2
13.857928964482241,0.05739466432245443,aws-region=ap-southeast-2
13.93896948474237,0.05748570695202258,aws-region=ap-southeast-2
14.0200100050025,0.05756972076838283,aws-region=ap-southeast-2
14.10105052526263,0.0576460077194254,aws-region=ap-southeast-2
14.18209104552276,0.05771385631760277,aws-region=ap-southeast-2
14.26313156578289,0.057772542375481226,aws-region=ap-southeast-2
14.34417208604302,0.05782133035709592,aws-region=ap-southeast-2
14.42521260630315,0.057859475372771425,aws-region=ap-southeast-2
14.506253126563282,0.05788622581113607,aws-region=ap-southeast-2
14.587293646823412,0.05790082657069701,aws-region=ap-southeast-2
14.668334167083541,0.05790252282597787,aws-region=ap-southeast-2
14.749374687343671,0.0578905642409802,aws-region=ap-southeast-2
14.830415207603801,0.05786420952636408,aws-region=ap-southeast-2
14.911455727863931,0.05782273122661983,aws-region=ap-southeast-2
14.992496248124061,0.05776542061968922,aws-region=ap-southeast-2
15.07353676838419,0.05769159261361695,aws-region=ap-southeast-2
15.15457728864432,0.057600590532198535,aws-region=ap-southeast-2
15.235617808904452,0.05749179069342248,aws-region=ap-southeast-2
15.316658329164582,0.05736460669958823,aws-region=ap-southeast-2
15.397698849424712,0.05721849337519328,aws-region=ap-southeast-2
15.478739369684842,0.057052950306766305,aws-region=ap-southeast-2
15.559779889944972,0.056867524956618024,aws-region=ap-southeast-2
15.640820410205102,0.05666181533892532,aws-region=ap-southeast-2
15.721860930465231,0.05643547226084116,aws-region=ap-southeast-2
15.802901450725361,0.05618820114271446,aws-region=ap-southeast-2
15.883941970985491,0.05591976343978228,aws-region=ap-southeast-2
15.964982491245623,0.055629977692588636,aws-region=ap-southeast-2
16.046023011505753,0.055318720235233126,aws-region=ap-southeast-2
16.12706353176588,0.0549859255896273,aws-region=ap-southeast-2
16.208104052026012,0.05463158657086393,aws-region=ap-southeast-2
16.28914457228614,0.05425575412437501,aws-region=ap-southeast-2
16.370185092546272,0.05385853691044982,aws-region=ap-southeast-2
16.451225612806404,0.05344010064681499,aws-region=ap-southeast-2
16.532266133066532,0.05300066721603956,aws-region=ap-southeast-2
16.613306653326664,0.05254051354215549,aws-region=ap-southeast-2
16.69434717358679,0.052059970240519074,aws-region=ap-southeast-2
16.775387693846923,0.051559420046853335,aws-region=ap-southeast-2
16.85642821410705,0.0510392960356013,aws-region=ap-southeast-2
16.937468734367183,0.05050007964398123,aws-region=ap-southeast-2
17.01850925462731,0.049942298526035156,aws-region=ap-southeast-2
17.099549774887443,0.04936652426987013,aws-region=ap-southeast-2
17.180590295147574,0.04877337002050366,aws-region=ap-southeast-2
17.261630815407702,0.04816348805929375,aws-region=ap-southeast-2
17.342671335667834,0.047537567398127964,aws-region=ap-southeast-2
17.423711855927962,0.046896331451407515,aws-region=ap-southeast-2
17.504752376188094,0.04624053585078466,aws-region=ap-southeast-2
17.585792896448222,0.04557096646594608,aws-region=ap-southeast-2
17.666833416708354,0.04488843768921431,aws-region=ap-southeast-2
17.74787393696848,0.0441937910321707,aws-region=ap-southeast-2
17.828914457228613,0.04348789406910338,aws-region=ap-southeast-2
17.909954977488745,0.04277163974522311,aws-region=ap-southeast-2
17.990995497748873,0.04204594604787829,aws-region=ap-southeast-2
18.072036018009005,0.04131175601738801,aws-region=ap-southeast-2
18.153076538269133,0.0405700380514779,aws-region=ap-southeast-2
18.234117058529264,0.03982178643491528,aws-region=ap-southeast-2
18.315157578789393,0.03906802200483676,aws-region=ap-southeast-2
18.396198099049524,0.03830979284372004,aws-region=ap-southeast-2
18.477238619309652,0.037548174876956844,aws-region=ap-southeast-2
18.558279139569784,0.03678427224150752,aws-region=ap-southeast-2
18.639319659829916,0.036019217286956236,aws-region=ap-southeast-2
18.720360180090044,0.03525417007084882,aws-region=ap-southeast-2
18.801400700350175,0.03449031721686867,aws-region=ap-southeast-2
18.882441220610303,0.033728870017084384,aws-region=ap-southeast-2
18.963481740870435,0.03297106167796868,aws-region=ap-southeast-2
19.044522261130563,0.03221814363354366,aws-region=ap-southeast-2
19.125562781390695,0.03147138087712396,aws-region=ap-southeast-2
19.206603301650823,0.03073204629467165,aws-region=ap-southeast-2
19.287643821910955,0.030001414016670176,aws-region=ap-southeast-2
19.368684342171086,0.029280751840336433,aws-region=ap-southeast-2
19.449724862431214,0.028571312808713563,aws-region=ap-southeast-2
19.530765382691346,0.027874326066332056,aws-region=ap-southeast-2
19.611805902951474,0.027190987141507857,aws-region=ap-southeast-2
19.692846423211606,0.02652244783177083,aws-region=ap-southeast-2
19.773886943471734,0.025869805890424244,aws-region=ap-southeast-2
19.854927463731865,0.02523409472796383,aws-region=ap-southeast-2
19.935967983991993,0.024616273351491847,aws-region=ap-southeast-2
20.017008504252125,0.02401721676791342,aws-region=ap-southeast-2
20.098049024512257,0.023437707072533343,aws-region=ap-southeast-2
20.179089544772385,0.022878425433766128,aws-region=ap-southeast-2
20.260130065032516,0.02233994516741118,aws-region=ap-southeast-2
20.341170585292645,0.021822726070882602,aws-region=ap-southeast-2
20.422211105552776,0.02132711015971285,aws-region=ap-southeast-2
20.503251625812904,0.020853318916488218,aws-region=ap-southeast-2
20.584292146073036,0.020401452127168294,aws-region=ap-southeast-2
20.665332666333164,0.019971488342643957,aws-region=ap-southeast-2
20.746373186593296,0.01956328696555675,aws-region=ap-southeast-2
20.827413706853427,0.019176591925009603,aws-region=ap-southeast-2
20.908454227113555,0.01881103686596827,aws-region=ap-southeast-2
20.989494747373687,0.018466151746915318,aws-region=ap-southeast-2
21.070535267633815,0.01814137070958912,aws-region=ap-southeast-2
21.151575787893947,0.01783604105918735,aws-region=ap-southeast-2
21.232616308154075,0.01754943317283755,aws-region=ap-southeast-2
21.313656828414207,0.01728075113883,aws-region=ap-southeast-2
21.394697348674335,0.017029143919322677,aws-region=ap-southeast-2
21.475737868934466,0.016793716824966564,aws-region=ap-southeast-2
21.556778389194598,0.016573543091028965,aws-region=ap-southeast-2
21.637818909454726,0.016367675350801216,aws-region=ap-southeast-2
21.718859429714858,0.016175156812898193,aws-region=ap-southeast-2
21.799899949974986,0.015995031963923146,aws-region=ap-southeast-2
21.880940470235117,0.015826356636224944,aws-region=ap-southeast-2
21.961980990495245,0.015668207301373,aws-region=ap-southeast-2
22.043021510755377,0.01551968947280409,aws-region=ap-southeast-2
22.124062031015505,0.015379945125073659,aws-region=ap-southeast-2
22.205102551275637,0.01524815906159166,aws-region=ap-southeast-2
22.28614307153577,0.015123564186954463,aws-region=ap-southeast-2
22.367183591795897,0.01500544566343507,aws-region=ap-southeast-2
22.448224112056028,0.014893143953353455,aws-region=ap-southeast-2
22.529264632316156,0.014786056769527899,aws-region=ap-southeast-2
22.610305152576288,0.014683639974496043,aws-region=ap-southeast-2
22.691345672836416,0.014585407485498587,aws-region=ap-southeast-2
22.772386193096548,0.014490930256221156,aws-region=ap-southeast-2
22.853426713356676,0.01439983441794644,aws-region=ap-southeast-2
22.934467233616807,0.014311798672131304,aws-region=ap-southeast-2
23.01550775387694,0.01422655103354775,aws-region=ap-southeast-2
23.096548274137067,0.014143865028133364,aws-region=ap-southeast-2
23.1775887943972,0.014063555452720347,aws-region=ap-southeast-2
23.258629314657327,0.013985473804975248,aws-region=ap-southeast-2
23.33966983491746,0.013909503491308596,aws-region=ap-southeast-2
23.420710355177587,0.013835554918337895,aws-region=ap-southeast-2
23.50175087543772,0.013763560569772142,aws-region=ap-southeast-2
23.582791395697846,0.013693470165445932,aws-region=ap-southeast-2
23.663831915957978,0.013625245992715532,aws-region=ap-southeast-2
23.74487243621811,0.013558858492615351,aws-region=ap-southeast-2
23.825912956478238,0.013494282174129846,aws-region=ap-southeast-2
23.90695347673837,0.013431491919772375,aws-region=ap-southeast-2
23.987993996998497,0.013370459734469025,aws-region=ap-southeast-2
24.06903451725863,0.01331115197771815,aws-region=ap-southeast-2
24.150075037518757,0.013253527106302792,aws-region=ap-southeast-2
24.23111555777889,0.013197533941744973,aws-region=ap-southeast-2
24.312156078039017,0.013143110463483945,aws-region=ap-southeast-2
24.39319659829915,0.013090183115776572,aws-region=ap-southeast-2
24.47423711855928,0.013038666603904769,aws-region=ap-southeast-2
24.55527763881941,0.012988464143811006,aws-region=ap-southeast-2
24.63631815907954,0.012939468119126954,aws-region=ap-southeast-2
24.717358679339668,0.0128915610910603,aws-region=ap-southeast-2
24.7983991995998,0.012844617100046364,aws-region=ap-southeast-2
24.879439719859928,0.012798503193694251,aws-region=ap-southeast-2
24.96048024012006,0.01275308111350785,aws-region=ap-southeast-2
25.041520760380187,0.012708209073186432,aws-region=ap-southeast-2
25.12256128064032,0.012663743563974539,aws-region=ap-southeast-2
25.20360180090045,0.012619541127362282,aws-region=ap-southeast-2
25.28464232116058,0.01257546004219382,aws-region=ap-southeast-2
25.36568284142071,0.012531361881569178,aws-region=ap-southeast-2
25.44672336168084,0.012487112904400289,aws-region=ap-southeast-2
25.52776388194097,0.012442585256634792,aws-region=ap-southeast-2
25.6088044022011,0.01239765796748551,aws-region=ap-southeast-2
25.68984492246123,0.012352217735997621,aws-region=ap-southeast-2
25.770885442721358,0.0123061595124754,aws-region=ap-southeast-2
25.85192596298149,0.012259386887262252,aws-region=ap-southeast-2
25.93296648324162,0.01221181230577295,aws-region=ap-southeast-2
26.01400700350175,0.012163357133295126,aws-region=ap-southeast-2
26.09504752376188,0.012113951595761624,aws-region=ap-southeast-2
26.17608804402201,0.01206353462346578,aws-region=ap-southeast-2
26.25712856428214,0.012012053623638677,aws-region=ap-southeast-2
26.33816908454227,0.011959464205181526,aws-region=ap-southeast-2
26.4192096048024,0.011905729874946591,aws-region=ap-southeast-2
26.50025012506253,0.011850821720196802,aws-region=ap-southeast-2
26.58129064532266,0.011794718086688475,aws-region=ap-southeast-2
26.66233116558279,0.011737404256655395,aws-region=ap-southeast-2
26.74337168584292,0.011678872126297826,aws-region=ap-southeast-2
26.82441220610305,0.011619119878560165,aws-region=ap-southeast-2
26.90545272636318,0.01155815164437021,aws-region=ap-southeast-2
26.98649324662331,0.011495977144306547,aws-region=ap-southeast-2
27.06753376688344,0.01143261130299082,aws-region=ap-southeast-2
27.14857428714357,0.011368073830334056,aws-region=ap-southeast-2
27.2296148074037,0.011302388766966614,aws-region=ap-southeast-2
27.31065532766383,0.011235583995486893,aws-region=ap-southeast-2
27.39169584792396,0.011167690724209938,aws-region=ap-southeast-2
27.47273636818409,0.011098742955439935,aws-region=ap-southeast-2
27.553776888444222,0.011028776955451505,aws-region=ap-southeast-2
27.63481740870435,0.010957830747830223,aws-region=ap-southeast-2
27.715857928964482,0.010885943655129756,aws-region=ap-southeast-2
27.79689844922461,0.010813155915534764,aws-region=ap-southeast-2
27.87793896948474,0.010739508401054037,aws-region=ap-southeast-2
27.95897948974487,0.01066504246152491,aws-region=ap-southeast-2
28.040020010005,0.010589799914334267,aws-region=ap-southeast-2
28.12106053026513,0.010513823193363976,aws-region=ap-southeast-2
28.20210105052526,0.01043715566252317,aws-region=ap-southeast-2
28.283141570785393,0.010359842089744139,aws-region=ap-southeast-2
28.36418209104552,0.010281929267036999,aws-region=ap-southeast-2
28.445222611305653,0.010203466751756386,aws-region=ap-southeast-2
28.52626313156578,0.010124507694316949,aws-region=ap-southeast-2
28.607303651825912,0.010045109708906702,aws-region=ap-southeast-2
28.68834417208604,0.009965335736949705,aws-region=ap-southeast-2
28.769384692346172,0.009885254848733042,aws-region=ap-southeast-2
28.8504252126063,0.009804942927192091,aws-region=ap-southeast-2
28.93146573286643,0.009724483179617504,aws-region=ap-southeast-2
29.012506253126563,0.009643966428095762,aws-region=ap-southeast-2
29.09354677338669,0.00956349113770574,aws-region=ap-southeast-2
29.174587293646823,0.009483163152532245,aws-region=ap-southeast-2
29.25562781390695,0.009403095122898573,aws-region=ap-southeast-2
29.336668334167083,0.0093234056221698,aws-region=ap-southeast-2
29.41770885442721,0.009244217967201774,aws-region=ap-southeast-2
29.498749374687343,0.009165658772099843,aws-region=ap-southeast-2
29.57978989494747,0.009087856279467791,aws-region=ap-southeast-2
29.660830415207602,0.009010938525863979,aws-region=ap-southeast-2
29.741870935467734,0.008935031407925698,aws-region=ap-southeast-2
29.822911455727862,0.008860256721913267,aws-region=ap-southeast-2
29.903951975987994,0.008786730251789766,aws-region=ap-southeast-2
29.984992496248122,0.008714559979150879,aws-region=ap-southeast-2
30.066033016508253,0.008643844482372631,aws-region=ap-southeast-2
30.14707353676838,0.008574671582513321,aws-region=ap-southeast-2
30.228114057028513,0.008507117280321863,aws-region=ap-southeast-2
30.30915457728864,0.008441245012891783,aws-region=ap-southeast-2
30.390195097548773,0.008377105240986131,aws-region=ap-southeast-2
30.471235617808905,0.008314735359875505,aws-region=ap-southeast-2
30.552276138069033,0.008254159908781587,aws-region=ap-southeast-2
30.633316658329164,0.008195391037794807,aws-region=ap-southeast-2
30.714357178589292,0.008138429177452063,aws-region=ap-southeast-2
30.795397698849424,0.008083263845894135,aws-region=ap-southeast-2
30.876438219109552,0.00802987452235283,aws-region=ap-southeast-2
30.957478739369684,0.007978231514080048,aws-region=ap-southeast-2
31.038519259629812,0.007928296746887775,aws-region=ap-southeast-2
31.119559779889943,0.007880024417103542,aws-region=ap-southeast-2
31.200600300150075,0.007833361454554195,aws-region=ap-southeast-2
31.281640820410203,0.007788247761514184,aws-region=ap-southeast-2
31.362681340670335,0.007744616210512343,aws-region=ap-southeast-2
31.443721860930463,0.007702392403432074,aws-region=ap-southeast-2
31.524762381190595,0.0076614942143063735,aws-region=ap-southeast-2
31.605802901450723,0.007621831157405188,aws-region=ap-southeast-2
31.686843421710854,0.007583303639472769,aws-region=ap-southeast-2
31.767883941970982,0.0075458021692305565,aws-region=ap-southeast-2
31.848924462231114,0.007509206607614671,aws-region=ap-southeast-2
31.929964982491246,0.007473385547975134,aws-region=ap-southeast-2
32.011005502751374,0.007438195916190658,aws-region=ap-southeast-2
32.092046023011505,0.007403482876186326,aws-region=ap-southeast-2
32.17308654327164,0.007369080116803657,aws-region=ap-southeast-2
32.25412706353176,0.007334810581765386,aws-region=ap-southeast-2
32.33516758379189,0.007300487686243283,aws-region=ap-southeast-2
32.416208104052025,0.007265917042143571,aws-region=ap-southeast-2
32.49724862431216,0.007230898690692875,aws-region=ap-southeast-2
32.57828914457228,0.00719522981637719,aws-region=ap-southeast-2
32.65932966483241,0.00715870789193321,aws-region=ap-southeast-2
32.740370185092544,0.007121134181093252,aws-region=ap-southeast-2
32.821410705352676,0.007082317505232845,aws-region=ap-southeast-2
32.90245122561281,0.007042078162946762,aws-region=ap-southeast-2
32.98349174587293,0.007000251878688724,aws-region=ap-southeast-2
33.064532266133064,0.006956693648565403,aws-region=ap-southeast-2
33.145572786393195,0.006911281348561742,aws-region=ap-southeast-2
33.22661330665333,0.006863918973045944,aws-region=ap-southeast-2
33.30765382691345,0.006814539379284305,aws-region=ap-southeast-2
33.38869434717358,0.006763106426586588,aws-region=ap-southeast-2
33.469734867433715,0.006709616416108309,aws-region=ap-southeast-2
33.55077538769385,0.006654098758584506,aws-region=ap-southeast-2
33.63181590795398,0.006596615821552141,aws-region=ap-southeast-2
33.7128564282141,0.00653726193402437,aws-region=ap-southeast-2
33.793896948474234,0.006476161554130291,aws-region=ap-southeast-2
33.874937468734366,0.0064134666329272,aws-region=ap-southeast-2
33.9559779889945,0.00634935323443289,aws-region=ap-southeast-2
34.03701850925462,0.006284017496964773,aws-region=ap-southeast-2
34.118059029514754,0.006217671043232016,aws-region=ap-southeast-2
34.199099549774886,0.006150535965533552,aws-region=ap-southeast-2
34.28014007003502,0.0060828395272194795,aws-region=ap-southeast-2
34.36118059029515,0.0060148087317643375,aws-region=ap-southeast-2
34.44222111055527,0.0059466649160329925,aws-region=ap-southeast-2
34.523261630815405,0.005878618524405798,aws-region=ap-southeast-2
34.60430215107554,0.005810864215360501,aws-region=ap-southeast-2
34.68534267133567,0.005743576442044498,aws-region=ap-southeast-2
34.76638319159579,0.005676905633643816,aws-region=ap-southeast-2
34.847423711855924,0.005610975085453904,aws-region=ap-southeast-2
34.928464232116056,0.005545878643118241,aws-region=ap-southeast-2
35.00950475237619,0.005481679241284793,aws-region=ap-southeast-2
35.09054527263632,0.005418408329801295,aws-region=ap-southeast-2
35.171585792896444,0.00535606619246647,aws-region=ap-southeast-2
35.252626313156576,0.005294623135251539,aws-region=ap-southeast-2
35.33366683341671,0.0052340214937918175,aws-region=ap-southeast-2
35.41470735367684,0.005174178384771832,aws-region=ap-southeast-2
35.49574787393696,0.005114989103476379,aws-region=ap-southeast-2
35.576788394197095,0.005056331051034552,aws-region=ap-southeast-2
35.65782891445723,0.004998068060389548,aws-region=ap-southeast-2
35.73886943471736,0.004940054980266488,aws-region=ap-southeast-2
35.81990995497749,0.004882142371679617,aws-region=ap-southeast-2
35.900950475237615,0.00482418117192195,aws-region=ap-southeast-2
35.981990995497746,0.004766027186407656,aws-region=ap-southeast-2
36.06303151575788,0.004707545278894202,aws-region=ap-southeast-2
36.14407203601801,0.004648613145008101,aws-region=ap-southeast-2
36.225112556278134,0.004589124571990137,aws-region=ap-southeast-2
36.306153076538266,0.004528992108381319,aws-region=ap-southeast-2
36.3871935967984,0.004468149090111142,aws-region=ap-southeast-2
36.46823411705853,0.004406550993191337,aws-region=ap-southeast-2
36.54927463731866,0.004344176107010446,aws-region=ap-southeast-2
36.630315157578785,0.004281025545144096,aws-region=ap-southeast-2
36.71135567783892,0.004217122631789744,aws-region=ap-southeast-2
36.79239619809905,0.004152511720648753,aws-region=ap-southeast-2
36.87343671835918,0.00408725651869761,aws-region=ap-southeast-2
36.954477238619305,0.004021437999351813,aws-region=ap-southeast-2
37.035517758879436,0.003955151997739976,aws-region=ap-southeast-2
37.11655827913957,0.00388850658506155,aws-region=ap-southeast-2
37.1975987993997,0.0038216193193572096,aws-region=ap-southeast-2
37.27863931965983,0.0037546144667054194,aws-region=ap-southeast-2
37.359679839919956,0.0036876202802380584,aws-region=ap-southeast-2
37.44072036018009,0.0036207664149335936,aws-region=ap-southeast-2
37.52176088044022,0.0035541815444796645,aws-region=ap-southeast-2
37.60280140070035,0.003487991233237267,aws-region=ap-southeast-2
37.683841920960475,0.003422316102154042,aws-region=ap-southeast-2
37.76488244122061,0.003357270313025356,aws-region=ap-southeast-2
37.84592296148074,0.0032929603814134826,aws-region=ap-southeast-2
37.92696348174087,0.0032294843153711267,aws-region=ap-southeast-2
38.008004002001,0.0031669310653538903,aws-region=ap-southeast-2
38.089044522261126,0.0031053802607263928,aws-region=ap-southeast-2
38.17008504252126,0.003044902200336167,aws-region=ap-southeast-2
38.25112556278139,0.0029855580589031048,aws-region=ap-southeast-2
38.33216608304152,0.002927400267489977,aws-region=ap-southeast-2
38.413206603301646,0.002870473025018135,aws-region=ap-southeast-2
38.49424712356178,0.0028148128985122796,aws-region=ap-southeast-2
38.57528764382191,0.0027604494722632813,aws-region=ap-southeast-2
38.65632816408204,0.002707406010089785,aws-region=ap-southeast-2
38.73736868434217,0.00265570010002032,aws-region=ap-southeast-2
38.8184092046023,0.002605344256647146,aws-region=ap-southeast-2
38.89944972486243,0.002556346462759927,aws-region=ap-southeast-2
38.98049024512256,0.0025087106383061006,aws-region=ap-southeast-2
39.06153076538269,0.0024624370309291213,aws-region=ap-southeast-2
39.142571285642816,0.0024175225280363348,aws-region=ap-southeast-2
39.22361180590295,0.002373960895324391,aws-region=ap-southeast-2
39.30465232616308,0.002331742950781148,aws-region=ap-southeast-2
39.38569284642321,0.0022908566862888564,aws-region=ap-southeast-2
39.46673336668334,0.0022512873510304792,aws-region=ap-southeast-2
39.54777388694347,0.00221301751196263,aws-region=ap-southeast-2
39.6288144072036,0.0021760271067245017,aws-region=ap-southeast-2
39.70985492746373,0.0021402935036027803,aws-region=ap-southeast-2
39.79089544772386,0.0021057915816969242,aws-region=ap-southeast-2
39.87193596798399,0.002072493842378503,aws-region=ap-southeast-2
39.95297648824412,0.0020403705606695985,aws-region=ap-southeast-2
40.03401700850425,0.0020093899824406066,aws-region=ap-southeast-2
40.11505752876438,0.001979518570496372,aws-region=ap-southeast-2
40.19609804902451,0.001950721299819163,aws-region=ap-southeast-2
40.27713856928464,0.0019229619995832683,aws-region=ap-southeast-2
40.35817908954477,0.0018962037371421494,aws-region=ap-southeast-2
40.4392196098049,0.0018704092370833867,aws-region=ap-southeast-2
40.52026013006503,0.001845541326693578,aws-region=ap-southeast-2
40.60130065032516,0.0018215633977962879,aws-region=ap-southeast-2
40.68234117058529,0.0017984398739244868,aws-region=ap-southeast-2
40.76338169084542,0.0017761366711517336,aws-region=ap-southeast-2
40.84442221110555,0.001754621640610964,aws-region=ap-southeast-2
40.925462731365684,0.0017338649807472552,aws-region=ap-southeast-2
41.00650325162581,0.0017138396076497237,aws-region=ap-southeast-2
41.08754377188594,0.0016945214723590961,aws-region=ap-southeast-2
41.16858429214607,0.0016758898148266934,aws-region=ap-southeast-2
41.2496248124062,0.001657927345188042,aws-region=ap-southeast-2
41.33066533266633,0.0016406203441995048,aws-region=ap-southeast-2
41.41170585292646,0.0016239586760616054,aws-region=ap-southeast-2
41.49274637318659,0.0016079357084183331,aws-region=ap-southeast-2
41.57378689344672,0.0015925481360774005,aws-region=ap-southeast-2
41.654827413706855,0.0015777957069424444,aws-region=ap-southeast-2
41.73586793396698,0.0015636808507806825,aws-region=ap-southeast-2
41.81690845422711,0.0015502082137563884,aws-region=ap-southeast-2
41.89794897448724,0.0015373841041199613,aws-region=ap-southeast-2
41.978989494747374,0.0015252158570194395,aws-region=ap-southeast-2
42.0600300150075,0.0015137111290462516,aws-region=ap-southeast-2
42.14107053526763,0.001502877135775755,aws-region=ap-southeast-2
42.22211105552776,0.001492719848136281,aws-region=ap-southeast-2
42.30315157578789,0.0014832431658465591,aws-region=ap-southeast-2
42.384192096048025,0.0014744480882990059,aws-region=ap-southeast-2
42.46523261630815,0.001466331905028222,aws-region=ap-southeast-2
42.54627313656828,0.0014588874291821328,aws-region=ap-southeast-2
42.62731365682841,0.0014521022981046068,aws-region=ap-southeast-2
42.708354177088545,0.0014459583651502748,aws-region=ap-southeast-2
42.78939469734867,0.0014404312061096487,aws-region=ap-southeast-2
42.8704352176088,0.001435489762072324,aws-region=ap-southeast-2
42.95147573786893,0.0014310961381730999,aws-region=ap-southeast-2
43.032516258129064,0.0014272055744571576,aws-region=ap-southeast-2
43.113556778389196,0.0014237666011082434,aws-region=ap-southeast-2
43.19459729864932,0.0014207213855857864,aws-region=ap-southeast-2
43.27563781890945,0.00141800627392833,aws-region=ap-southeast-2
43.356678339169584,0.0014155525227492053,aws-region=ap-southeast-2
43.437718859429715,0.001413287212455263,aws-region=ap-southeast-2
43.51875937968984,0.001411134326163257,aws-region=ap-southeast-2
43.59979989994997,0.0014090159728914013,aws-region=ap-southeast-2
43.6808404202101,0.0014068537280940566,aws-region=ap-southeast-2
43.761880940470235,0.001404570059712676,aws-region=ap-southeast-2
43.842921460730366,0.0014020898038520435,aws-region=ap-southeast-2
43.92396198099049,0.0013993416511508758,aws-region=ap-southeast-2
44.00500250125062,0.001396259603063195,aws-region=ap-southeast-2
44.086043021510754,0.001392784356722567,aws-region=ap-southeast-2
44.167083541770886,0.00138886457789951,aws-region=ap-southeast-2
44.24812406203101,0.0013844580238034094,aws-region=ap-southeast-2
44.32916458229114,0.0013795324810876178,aws-region=ap-southeast-2
44.410205102551274,0.001374066489296379,aws-region=ap-southeast-2
44.491245622811405,0.0013680498259961654,aws-region=ap-southeast-2
44.57228614307154,0.001361483736762367,aws-region=ap-southeast-2
44.65332666333166,0.001354380900803235,aws-region=ap-southeast-2
44.73436718359179,0.0013467651310212292,aws-region=ap-southeast-2
44.815407703851925,0.0013386708154404536,aws-region=ap-southeast-2
44.896448224112056,0.0013301421148622717,aws-region=ap-southeast-2
44.97748874437218,0.0013212319390489638,aws-region=ap-southeast-2
45.05852926463231,0.0013120007303949032,aws-region=ap-southeast-2
45.139569784892444,0.0013025150896757488,aws-region=ap-southeast-2
45.220610305152576,0.0012928462828599553,aws-region=ap-southeast-2
45.30165082541271,0.0012830686709681387,aws-region=ap-southeast-2
45.38269134567283,0.001273258106477006,aws-region=ap-southeast-2
45.463731865932964,0.0012634903397524787,aws-region=ap-southeast-2
45.544772386193095,0.0012538394774915,aws-region=ap-southeast-2
45.62581290645323,0.001244376532246079,aws-region=ap-southeast-2
45.70685342671335,0.0012351680979456985,aws-region=ap-southeast-2
45.78789394697348,0.0012262751811228177,aws-region=ap-southeast-2
45.868934467233615,0.0012177522115182093,aws-region=ap-southeast-2
45.949974987493746,0.001209646249160996,aws-region=ap-southeast-2
46.03101550775388,0.0012019963981611417,aws-region=ap-southeast-2
46.112056028014,0.0011948334305977814,aws-region=ap-southeast-2
46.193096548274134,0.0011881796173021642,aws-region=ap-southeast-2
46.274137068534266,0.0011820487562618888,aws-region=ap-southeast-2
46.3551775887944,0.0011764463840224896,aws-region=ap-southeast-2
46.43621810905452,0.0011713701509997903,aws-region=ap-southeast-2
46.517258629314654,0.0011668103381604813,aws-region=ap-southeast-2
46.598299149574785,0.001162750490146463,aws-region=ap-southeast-2
46.67933966983492,0.0011591681386263712,aws-region=ap-southeast-2
46.76038019009505,0.0011560355894215954,aws-region=ap-southeast-2
46.84142071035517,0.0011533207476951337,aws-region=ap-southeast-2
46.922461230615305,0.0011509879570921757,aws-region=ap-southeast-2
47.00350175087544,0.0011489988310335493,aws-region=ap-southeast-2
47.08454227113557,0.0011473130572176278,aws-region=ap-southeast-2
47.16558279139569,0.0011458891596022715,aws-region=ap-southeast-2
47.246623311655824,0.0011446852055330876,aws-region=ap-southeast-2
47.327663831915956,0.0011436594490831027,aws-region=ap-southeast-2
47.40870435217609,0.0011427709049126231,aws-region=ap-southeast-2
47.48974487243622,0.0011419798499111172,aws-region=ap-southeast-2
47.570785392696344,0.0011412482524380645,aws-region=ap-southeast-2
47.651825912956475,0.0011405401310622502,aws-region=ap-southeast-2
47.73286643321661,0.0011398218462678178,aws-region=ap-southeast-2
47.81390695347674,0.0011390623296436443,aws-region=ap-southeast-2
47.89494747373686,0.0011382332556248158,aws-region=ap-southeast-2
47.975987993996995,0.0011373091609636848,aws-region=ap-southeast-2
48.05702851425713,0.0011362675168488873,aws-region=ap-southeast-2
48.13806903451726,0.0011350887580560867,aws-region=ap-southeast-2
48.21910955477739,0.0011337562728063928,aws-region=ap-southeast-2
48.300150075037514,0.0011322563562327164,aws-region=ap-southeast-2
48.381190595297646,0.0011305781296121792,aws-region=ap-southeast-2
48.46223111555778,0.0011287134269045453,aws-region=ap-southeast-2
48.54327163581791,0.0011266566497176206,aws-region=ap-southeast-2
48.624312156078034,0.0011244045916545815,aws-region=ap-southeast-2
48.705352676338165,0.0011219562331160424,aws-region=ap-southeast-2
48.7863931965983,0.0011193125080368297,aws-region=ap-southeast-2
48.86743371685843,0.0011164760447142995,aws-region=ap-southeast-2
48.94847423711856,0.0011134508837886473,aws-region=ap-southeast-2
49.029514757378685,0.0011102421775024116,aws-region=ap-southeast-2
49.11055527763882,0.0011068558755168868,aws-region=ap-southeast-2
49.19159579789895,0.0011032984037069695,aws-region=ap-southeast-2
49.27263631815908,0.0010995763433979692,aws-region=ap-southeast-2
49.353676838419204,0.0010956961193546411,aws-region=ap-southeast-2
49.434717358679336,0.0010916637053984368,aws-region=ap-southeast-2
49.51575787893947,0.0010874843567416064,aws-region=ap-southeast-2
49.5967983991996,0.0010831623779332725,aws-region=ap-southeast-2
49.67783891945973,0.0010787009346824566,aws-region=ap-southeast-2
49.758879439719855,0.0010741019167513797,aws-region=ap-southeast-2
49.83991995997999,0.0010693658576207792,aws-region=ap-southeast-2
49.92096048024012,0.0010644919147656414,aws-region=ap-southeast-2
50.00200100050025,0.00105947791221654,aws-region=ap-southeast-2
50.083041520760375,0.0010543204447117137,aws-region=ap-southeast-2
50.16408204102051,0.00104901504027674,aws-region=ap-southeast-2
50.24512256128064,0.001043556375621208,aws-region=ap-southeast-2
50.32616308154077,0.0010379385364373888,aws-region=ap-southeast-2
50.4072036018009,0.0010321553126440598,aws-region=ap-southeast-2
50.488244122061026,0.0010262005169483514,aws-region=ap-southeast-2
50.56928464232116,0.0010200683138931437,aws-region=ap-southeast-2
50.65032516258129,0.0010137535458884233,aws-region=ap-southeast-2
50.73136568284142,0.0010072520426380577,aws-region=ap-southeast-2
50.812406203101546,0.0010005609008857971,aws-region=ap-southeast-2
50.89344672336168,0.0009936787225035136,aws-region=ap-southeast-2
50.97448724362181,0.0009866058005890135,aws-region=ap-southeast-2
51.05552776388194,0.0009793442453611815,aws-region=ap-southeast-2
51.13656828414207,0.0009718980441443365,aws-region=ap-southeast-2
51.2176088044022,0.0009642730525096733,aws-region=ap-southeast-2
51.29864932466233,0.0009564769165652531,aws-region=ap-southeast-2
51.37968984492246,0.000948518929325211,aws-region=ap-southeast-2
51.46073036518259,0.0009404098269118653,aws-region=ap-southeast-2
51.541770885442716,0.0009321615329253,aws-region=ap-southeast-2
51.62281140570285,0.0009237868615393056,aws-region=ap-southeast-2
51.70385192596298,0.0009152991916534825,aws-region=ap-southeast-2
51.78489244622311,0.0009067121256722312,aws-region=ap-southeast-2
51.86593296648324,0.0008980391471404911,aws-region=ap-southeast-2
51.94697348674337,0.0008892932915166438,aws-region=ap-southeast-2
52.0280140070035,0.0008804868438048284,aws-region=ap-southeast-2
52.10905452726363,0.0008716310756270972,aws-region=ap-southeast-2
52.19009504752376,0.0008627360326395479,aws-region=ap-southeast-2
52.27113556778389,0.0008538103810560655,aws-region=ap-southeast-2
52.35217608804402,0.0008448613195270744,aws-region=ap-southeast-2
52.43321660830415,0.0008358945598317296,aws-region=ap-southeast-2
52.51425712856428,0.0008269143768931401,aws-region=ap-southeast-2
52.595297648824406,0.0008179237256374776,aws-region=ap-southeast-2
52.67633816908454,0.0008089244193097677,aws-region=ap-southeast-2
52.75737868934467,0.0007999173611512116,aws-region=ap-southeast-2
52.8384192096048,0.0007909028189471874,aws-region=ap-southeast-2
52.91945972986493,0.0007818807299735176,aws-region=ap-southeast-2
53.00050025012506,0.0007728510223890017,aws-region=ap-southeast-2
53.08154077038519,0.0007638139382143606,aws-region=ap-southeast-2
53.16258129064532,0.0007547703427509393,aws-region=ap-southeast-2
53.24362181090545,0.0007457220056524036,aws-region=ap-southeast-2
53.32466233116558,0.0007366718398696013,aws-region=ap-southeast-2
53.40570285142571,0.0007276240863165208,aws-region=ap-southeast-2
53.48674337168584,0.0007185844343004187,aws-region=ap-southeast-2
53.56778389194597,0.0007095600704424249,aws-region=ap-southeast-2
53.6488244122061,0.000700559651882537,aws-region=ap-southeast-2
53.72986493246623,0.0006915932028899169,aws-region=ap-southeast-2
53.81090545272636,0.0006826719374445366,aws-region=ap-southeast-2
53.89194597298649,0.0006738080137669056,aws-region=ap-southeast-2
53.97298649324662,0.0006650142299916004,aws-region=ap-southeast-2
54.05402701350675,0.0006563036730536924,aws-region=ap-southeast-2
54.13506753376688,0.000647689335240822,aws-region=ap-southeast-2
54.21610805402701,0.0006391837146320108,aws-region=ap-southeast-2
54.29714857428714,0.000630798416696983,aws-region=ap-southeast-2
54.378189094547274,0.0006225437745975956,aws-region=ap-southeast-2
54.4592296148074,0.0006144285051835356,aws-region=ap-southeast-2
54.54027013506753,0.0006064594163142597,aws-region=ap-southeast-2
54.62131065532766,0.0005986411790155231,aws-region=ap-southeast-2
54.70235117558779,0.0005909761751782257,aws-region=ap-southeast-2
54.78339169584792,0.000583464428152061,aws-region=ap-southeast-2
54.86443221610805,0.000576103619829477,aws-region=ap-southeast-2
54.94547273636818,0.0005688891938328161,aws-region=ap-southeast-2
55.02651325662831,0.0005618145403994115,aws-region=ap-southeast-2
55.107553776888444,0.0005548712547011894,aws-region=ap-southeast-2
55.18859429714857,0.0005480494568263651,aws-region=ap-southeast-2
55.2696348174087,0.0005413381586655303,aws-region=ap-southeast-2
55.35067533766883,0.0005347256606325045,aws-region=ap-southeast-2
55.431715857928964,0.00052819995962941,aws-region=ap-southeast-2
55.51275637818909,0.0005217491490145156,aws-region=ap-southeast-2
55.59379689844922,0.0005153617915875625,aws-region=ap-southeast-2
55.67483741870935,0.0005090272477632756,aws-region=ap-southeast-2
55.75587793896948,0.0005027359431092991,aws-region=ap-southeast-2
55.836918459229615,0.0004964795621889898,aws-region=ap-southeast-2
55.91795897948974,0.0004902511590459856,aws-region=ap-southeast-2
55.99899949974987,0.00048404517854102393,aws-region=ap-southeast-2
56.08004002001,0.0004778573869255622,aws-region=ap-southeast-2
56.161080540270135,0.0004716847143225234,aws-region=ap-southeast-2
56.24212106053026,0.00046552501598950274,aws-region=ap-southeast-2
56.32316158079039,0.0004593767631767403,aws-region=ap-southeast-2
56.40420210105052,0.000453238677887452,aws-region=ap-southeast-2
56.485242621310654,0.00044710932874875056,aws-region=ap-southeast-2
56.566283141570786,0.0004409867073812637,aws-region=ap-southeast-2
56.64732366183091,0.000434867806020372,aws-region=ap-southeast-2
56.72836418209104,0.0004287482176318351,aws-region=ap-southeast-2
56.80940470235117,0.00042262177935652753,aws-region=ap-southeast-2
56.890445222611305,0.00041648027882634574,aws-region=ap-southeast-2
56.97148574287143,0.0004103132407651648,aws-region=ap-southeast-2
57.05252626313156,0.00040410780840683844,aws-region=ap-southeast-2
57.13356678339169,0.00039784873073821036,aws-region=ap-southeast-2
57.214607303651825,0.0003915184625449326,aws-region=ap-southeast-2
57.295647823911956,0.0003850973798578155,aws-region=ap-southeast-2
57.37668834417208,0.00037856410883684445,aws-region=ap-southeast-2
57.45772886443221,0.0003718959615661826,aws-region=ap-southeast-2
57.538769384692344,0.00036506946784457903,aws-region=ap-southeast-2
57.619809904952476,0.0003580609880139227,aws-region=ap-southeast-2
57.7008504252126,0.0003508473883347973,aws-region=ap-southeast-2
57.78189094547273,0.0003434067575338682,aws-region=ap-southeast-2
57.86293146573286,0.0003357191410320608,aws-region=ap-southeast-2
57.943971985992995,0.0003277672681044956,aws-region=ap-southeast-2
58.02501250625313,0.0003195372468799558,aws-region=ap-southeast-2
58.10605302651325,0.00031101920268090683,aws-region=ap-southeast-2
58.18709354677338,0.0003022078367196055,aws-region=ap-southeast-2
58.268134067033515,0.0002931028845495259,aws-region=ap-southeast-2
58.349174587293646,0.00028370945683701694,aws-region=ap-southeast-2
58.43021510755377,0.0002740382488463634,aws-region=ap-southeast-2
58.5112556278139,0.0002641056093753057,aws-region=ap-southeast-2
58.592296148074034,0.0002539334645692398,aws-region=ap-southeast-2
58.673336668334166,0.00024354909689757725,aws-region=ap-southeast-2
58.7543771885943,0.0002329847844056622,aws-region=ap-southeast-2
58.83541770885442,0.00022227730997210855,aws-region=ap-southeast-2
58.91645822911455,0.00021146735452642242,aws-region=ap-southeast-2
58.997498749374685,0.0002005987918552107,aws-region=ap-southeast-2
59.07853926963482,0.00018971790561198002,aws-region=ap-southeast-2
59.15957978989494,0.00017887255134110613,aws-region=ap-southeast-2
59.24062031015507,0.00016811128766208423,aws-region=ap-southeast-2
59.321660830415205,0.00015748250120417543,aws-region=ap-southeast-2
59.402701350675336,0.0001470335494413431,aws-region=ap-southeast-2
59.48374187093547,0.0001368099442974884,aws-region=ap-southeast-2
59.56478239119559,0.00012685459735092881,aws-region=ap-southeast-2
59.645822911455724,0.0001172071447731859,aws-region=ap-southeast-2
59.726863431715856,0.00010790336692216645,aws-region=ap-southeast-2
59.80790395197599,9.897471392167857e-05,aws-region=ap-southeast-2
59.88894447223611,9.044794475537888e-05,aws-region=ap-southeast-2
59.969984992496244,8.234488354162616e-05,aws-region=ap-southeast-2
60.051025512756375,7.468229288872726e-05,aws-region=ap-southeast-2
60.13206603301651,6.74718606967939e-05,aws-region=ap-southeast-2
60.21310655327664,6.072029359361721e-05,aws-region=ap-southeast-2
60.29414707353676,5.4429507465240494e-05,aws-region=ap-southeast-2
60.375187593796895,4.859690333906287e-05,aws-region=ap-southeast-2
60.456228114057026,4.3215715242533086e-05,aws-region=ap-southeast-2
60.53726863431716,3.8275415610781584e-05,aws-region=ap-southeast-2
60.61830915457728,3.3762163342735184e-05,aws-region=ap-southeast-2
60.699349674837414,2.9659279674845323e-05,aws-region=ap-southeast-2
60.780390195097546,2.5947737602233568e-05,aws-region=ap-southeast-2
60.86143071535768,2.2606651560691922e-05,aws-region=ap-southeast-2
60.94247123561781,1.9613755410721284e-05,aws-region=ap-southeast-2
61.023511755877934,1.6945858351186943e-05,aws-region=ap-southeast-2
61.104552276138065,1.4579270148271444e-05,aws-region=ap-southeast-2
61.1855927963982,1.2490188910568563e-05,aws-region=ap-southeast-2
61.26663331665833,1.0655046494738873e-05,aws-region=ap-southeast-2
61.34767383691845,9.050808418482028e-06,aws-region=ap-southeast-2
61.428714357178585,7.655226829902607e-06,aws-region=ap-southeast-2
61.509754877438716,6.447046588235458e-06,aws-region=ap-southeast-2
61.59079539769885,5.406165816761615e-06,aws-region=ap-southeast-2
61.67183591795898,4.513753373626096e-06,aws-region=ap-southeast-2
61.752876438219104,3.7523265411089662e-06,aws-region=ap-southeast-2
61.833916958479236,3.1057928602851332e-06,aws-region=ap-southeast-2
61.91495747873937,2.5594604465519026e-06,aws-region=ap-southeast-2
61.9959979989995,2.1000213300774873e-06,aws-region=ap-southeast-2
62.077038519259624,1.715512397052848e-06,aws-region=ap-southeast-2
62.158079039519755,1.3952583894093076e-06,aws-region=ap-southeast-2
62.23911955977989,1.1298011808722703e-06,aws-region=ap-southeast-2
62.32016008004002,9.108192145186875e-07,aws-region=ap-southeast-2
62.40120060030015,7.310405889718392e-07,aws-region=ap-southeast-2
62.482241120560275,5.841528424567633e-07,aws-region=ap-southeast-2
62.563281640820406,4.647120287301037e-07,aws-region=ap-southeast-2
62.64432216108054,3.6805322561934564e-07,aws-region=ap-southeast-2
62.72536268134067,2.9020418119452463e-07,aws-region=ap-southeast-2
62.806403201600794,2.2780339648374292e-07,aws-region=ap-southeast-2
62.887443721860926,1.7802357571296605e-07,aws-region=ap-southeast-2
62.96848424212106,1.385010507230973e-07,aws-region=ap-southeast-2
63.04952476238119,1.0727150813765809e-07,aws-region=ap-southeast-2
63.13056528264132,8.271211633482018e-08,aws-region=ap-southeast-2
63.211605802901445,6.348996275144561e-08,aws-region=ap-southeast-2
63.29264632316158,4.851656753152114e-08,aws-region=ap-southeast-2
63.37368684342171,3.690813304948002e-08,aws-region=ap-southeast-2
63.45472736368184,2.7951115802850604e-08,aws-region=ap-southeast-2
63.535767883941965,2.107266271003345e-08,aws-region=ap-southeast-2
63.6168084042021,1.5815433085688337e-08,aws-region=ap-southeast-2
63.69784892446223,1.1816325814794244e-08,aws-region=ap-southeast-2
63.77888944472236,8.788644173457118e-09,aws-region=ap-southeast-2
63.85992996498249,6.507254469085288e-09,aws-region=ap-southeast-2
63.940970485242616,4.796325822815326e-09,aws-region=ap-southeast-2
64.02201100550275,3.519274150438069e-09,aws-region=ap-southeast-2
64.10305152576288,2.5705713918251433e-09,aws-region=ap-southeast-2
64.18409204602301,1.8691194595134895e-09,aws-region=ap-southeast-2
64.26513256628314,1.3529258347443836e-09,aws-region=ap-southeast-2
64.34617308654327,9.748532332508086e-10,aws-region=ap-southeast-2
64.42721360680339,6.992486238438583e-10,aws-region=ap-southeast-2
64.50825412706352,4.992867135446286e-10,aws-region=ap-southeast-2
64.58929464732365,3.5488963426268065e-10,aws-region=ap-southeast-2
64.67033516758379,2.511079653268963e-10,aws-region=ap-southeast-2
64.75137568784392,1.7686851342760985e-10,aws-region=ap-southeast-2
64.83241620810405,1.2401164109414218e-10,aws-region=ap-southeast-2
64.91345672836418,8.655563427168073e-11,aws-region=ap-southeast-2
64.99449724862431,6.013790467575249e-11,aws-region=ap-southeast-2
65.07553776888444,4.159301823829481e-11,aws-region=ap-southeast-2
65.15657828914456,2.8635906886686082e-11,aws-region=ap-southeast-2
65.2376188094047,1.9625421979732054e-11,aws-region=ap-southeast-2
65.31865932966483,1.3388867613874762e-11,aws-region=ap-southeast-2
65.39969984992496,9.092529639004581e-12,aws-region=ap-southeast-2
65.48074037018509,6.146684421925044e-12,aws-region=ap-southeast-2
65.56178089044522,4.136297092830052e-12,aws-region=ap-southeast-2
65.64282141070535,2.7707444911622874e-12,aws-region=ap-southeast-2
65.72386193096548,1.847542889221864e-12,aws-region=ap-southeast-2
65.80490245122562,1.2263240627302921e-12,aws-region=ap-southeast-2
65.88594297148573,8.10266784985283e-13,aws-region=ap-southeast-2
65.96698349174586,5.329203486462961e-13,aws-region=ap-southeast-2
66.048024012006,3.4890523501368284e-13,aws-region=ap-southeast-2
66.12906453226613,2.273856413486578e-13,aws-region=ap-southeast-2
66.21010505252626,1.4751236591169376e-13,aws-region=ap-southeast-2
66.29114557278639,9.525837076374349e-14,aws-region=ap-southeast-2
66.37218609304652,6.123316454862796e-14,aws-region=ap-southeast-2
66.45322661330665,3.918127958877022e-14,aws-region=ap-southeast-2
66.53426713356679,2.4956197719852444e-14,aws-region=ap-southeast-2
66.6153076538269,1.5822884695741745e-14,aws-region=ap-southeast-2
66.69634817408703,9.986192118842097e-15,aws-region=ap-southeast-2
66.77738869434717,6.273656804759181e-15,aws-region=ap-southeast-2
66.8584292146073,3.923266192873943e-15,aws-region=ap-southeast-2
66.93946973486743,2.4421963451010294e-15,aws-region=ap-southeast-2
67.02051025512756,1.5132782024744566e-15,aws-region=ap-southeast-2
67.1015507753877,9.333875464142556e-16,aws-region=ap-southeast-2
67.18259129564782,5.730729275722201e-16,aws-region=ap-southeast-2
67.26363181590796,3.502370588389612e-16,aws-region=ap-southeast-2
67.34467233616807,2.130680227940371e-16,aws-region=ap-southeast-2
67.4257128564282,1.2902625672592014e-16,aws-region=ap-southeast-2
67.50675337668834,7.777521895473406e-17,aws-region=ap-southeast-2
67.58779389694847,4.666673294859606e-17,aws-region=ap-southeast-2
67.6688344172086,2.787252162148514e-17,aws-region=ap-southeast-2
67.74987493746873,1.657095498918993e-17,aws-region=ap-southeast-2
67.83091545772886,9.806656003824802e-18,aws-region=ap-southeast-2
67.911955977989,5.7769178806451795e-18,aws-region=ap-southeast-2
67.99299649824913,3.3874510225650757e-18,aws-region=ap-southeast-2
68.07403701850924,1.977202586521862e-18,aws-region=ap-southeast-2
68.15507753876938,1.1487628261514729e-18,aws-region=ap-southeast-2
68.23611805902951,6.643705693198334e-19,aws-region=ap-southeast-2
68.31715857928964,3.824643528507034e-19,aws-region=ap-southeast-2
68.39819909954977,2.1916533842427126e-19,aws-region=ap-southeast-2
68.4792396198099,1.2501233755733467e-19,aws-region=ap-southeast-2
68.56028014007003,7.097963397113655e-20,aws-region=ap-southeast-2
68.64132066033017,4.011569216053057e-20,aws-region=ap-southeast-2
68.7223611805903,2.2568061993251457e-20,aws-region=ap-southeast-2
68.80340170085042,1.2637858132704283e-20,aws-region=ap-southeast-2
68.88444222111055,7.044525023432214e-21,aws-region=ap-southeast-2
68.96548274137068,3.908668052216477e-21,aws-region=ap-southeast-2
69.04652326163081,2.1587606911782478e-21,aws-region=ap-southeast-2
69.12756378189094,1.1868030796040336e-21,aws-region=ap-southeast-2
69.20860430215107,6.494580355015842e-22,aws-region=ap-southeast-2
69.2896448224112,3.537704968270557e-22,aws-region=ap-southeast-2
69.37068534267134,1.9181830098346194e-22,aws-region=ap-southeast-2
69.45172586293147,1.035276148103985e-22,aws-region=ap-southeast-2
69.53276638319159,5.561858671809162e-23,aws-region=ap-southeast-2
69.61380690345172,2.974274848294083e-23,aws-region=ap-southeast-2
69.69484742371185,1.583213543862801e-23,aws-region=ap-southeast-2
69.77588794397198,8.388706240428885e-24,aws-region=ap-southeast-2
69.85692846423211,4.424329007952659e-24,aws-region=ap-southeast-2
69.93796898449224,2.3227187885214394e-24,aws-region=ap-southeast-2
70.01900950475238,1.2137870326418781e-24,aws-region=ap-southeast-2
70.10005002501251,6.313713242708588e-25,aws-region=ap-southeast-2
70.18109054527264,3.269065119180005e-25,aws-region=ap-southeast-2
70.26213106553276,1.684839407284179e-25,aws-region=ap-southeast-2
70.34317158579289,8.64349806053633e-26,aws-region=ap-southeast-2
70.42421210605302,4.413839340020897e-26,aws-region=ap-southeast-2
70.50525262631315,2.2435684782042973e-26,aws-region=ap-southeast-2
70.58629314657328,1.1351619823749977e-26,aws-region=ap-southeast-2
70.66733366683341,5.7170490952088415e-27,aws-region=ap-southeast-2
70.74837418709355,2.866034804513109e-27,aws-region=ap-southeast-2
70.82941470735368,1.4301656199120334e-27,aws-region=ap-southeast-2
70.91045522761381,7.1037296668556195e-28,aws-region=ap-southeast-2
70.99149574787393,3.51221927794846e-28,aws-region=ap-southeast-2
71.07253626813406,1.7285096582685543e-28,aws-region=ap-southeast-2
71.15357678839419,8.467532661628132e-29,aws-region=ap-southeast-2
71.23461730865432,4.128922432568819e-29,aws-region=ap-southeast-2
71.31565782891445,2.00406237909297e-29,aws-region=ap-southeast-2
71.39669834917459,9.682339580572793e-30,aws-region=ap-southeast-2
71.47773886943472,4.656331015490555e-30,aws-region=ap-southeast-2
71.55877938969485,2.228957274231887e-30,aws-region=ap-southeast-2
71.63981990995498,1.0620718638162043e-30,aws-region=ap-southeast-2
71.7208604302151,5.037327991332581e-31,aws-region=ap-southeast-2
71.80190095047523,2.378157570346765e-31,aws-region=ap-southeast-2
71.88294147073536,1.117570683796338e-31,aws-region=ap-southeast-2
71.96398199099549,5.227610975378591e-32,aws-region=ap-southeast-2
72.04502251125562,2.4340265838920523e-32,aws-region=ap-southeast-2
72.12606303151576,1.1280830675444223e-32,aws-region=ap-southeast-2
72.20710355177589,5.2041578886573296e-33,aws-region=ap-southeast-2
72.28814407203602,2.389755018973974e-33,aws-region=ap-southeast-2
72.36918459229615,1.0923196622249249e-33,aws-region=ap-southeast-2
72.45022511255627,4.969806593117384e-34,aws-region=ap-southeast-2
72.5312656328164,2.2507253948658733e-34,aws-region=ap-southeast-2
72.61230615307653,1.014609071153066e-34,aws-region=ap-southeast-2
72.69334667333666,4.5526901980671963e-35,aws-region=ap-southeast-2
72.7743871935968,2.0334359922996246e-35,aws-region=ap-southeast-2
72.85542771385693,9.040363406435799e-36,aws-region=ap-southeast-2
72.93646823411706,4.000683272019883e-36,aws-region=ap-southeast-2
73.01750875437719,1.762281481316453e-36,aws-region=ap-southeast-2
73.09854927463732,7.726968428279331e-37,aws-region=ap-southeast-2
73.17958979489744,3.3723735900762233e-37,aws-region=ap-southeast-2
73.26063031515757,1.465058048505806e-37,aws-region=ap-southeast-2
73.3416708354177,6.335290409706108e-38,aws-region=ap-southeast-2
73.42271135567783,2.726909322738855e-38,aws-region=ap-southeast-2
73.50375187593797,1.168334691367657e-38,aws-region=ap-southeast-2
73.5847923961981,4.982601893725292e-39,aws-region=ap-southeast-2
73.66583291645823,2.115131536733914e-39,aws-region=ap-southeast-2
73.74687343671836,8.937391530663027e-40,aws-region=ap-southeast-2
73.82791395697849,3.759034707611201e-40,aws-region=ap-southeast-2
73.90895447723861,1.5737435868509653e-40,aws-region=ap-southeast-2
73.98999499749874,6.558184581514887e-41,aws-region=ap-southeast-2
74.07103551775887,2.720352998983415e-41,aws-region=ap-southeast-2
74.152076038019,1.1232043958331149e-41,aws-region=ap-southeast-2
74.23311655827914,4.616195278856487e-42,aws-region=ap-southeast-2
74.31415707853927,1.8884319474776395e-42,aws-region=ap-southeast-2
74.3951975987994,7.689714874745049e-43,aws-region=ap-southeast-2
74.47623811905953,3.1168134576403425e-43,aws-region=ap-southeast-2
74.55727863931966,1.257485551805534e-43,aws-region=ap-southeast-2
74.63831915957978,5.049946332758977e-44,aws-region=ap-southeast-2
74.71935967983991,2.018654682282794e-44,aws-region=ap-southeast-2
74.80040020010004,8.03209363853689e-45,aws-region=ap-southeast-2
74.88144072036017,3.1811701503143825e-45,aws-region=ap-southeast-2
74.9624812406203,1.2541121907292825e-45,aws-region=ap-southeast-2
75.04352176088044,4.921269904267351e-46,aws-region=ap-southeast-2
75.12456228114057,1.9222471830386607e-46,aws-region=ap-southeast-2
75.2056028014007,7.473645371448141e-47,aws-region=ap-southeast-2
75.28664332166083,2.8923236959036477e-47,aws-region=ap-southeast-2
75.36768384192095,1.1141724422251645e-47,aws-region=ap-southeast-2
75.44872436218108,4.2721745605627786e-48,aws-region=ap-southeast-2
75.52976488244121,1.6305592339971302e-48,aws-region=ap-southeast-2
75.61080540270135,6.194626672802958e-49,aws-region=ap-southeast-2
75.69184592296148,2.3425270683798636e-49,aws-region=ap-southeast-2
75.77288644322161,8.81748997580288e-50,aws-region=ap-southeast-2
75.85392696348174,3.3036662286926167e-50,aws-region=ap-southeast-2
75.93496748374187,1.23207782706488e-50,aws-region=ap-southeast-2
76.016008004002,4.573733604582234e-51,aws-region=ap-southeast-2
76.09704852426212,1.6900295278022272e-51,aws-region=ap-southeast-2
76.17808904452225,6.2159624254593266e-52,aws-region=ap-southeast-2
76.25912956478238,2.275689932249198e-52,aws-region=ap-southeast-2
76.34017008504252,8.292937159905347e-53,aws-region=ap-southeast-2
76.42121060530265,3.0081133645627255e-53,aws-region=ap-southeast-2
76.50225112556278,1.0861017720639016e-53,aws-region=ap-southeast-2
76.58329164582291,3.903348290448678e-54,aws-region=ap-southeast-2
76.66433216608304,1.3963506998369296e-54,aws-region=ap-southeast-2
76.74537268634317,4.9721256083054414e-55,aws-region=ap-southeast-2
76.82641320660329,1.7623007254943952e-55,aws-region=ap-southeast-2
76.90745372686342,6.217392075086507e-56,aws-region=ap-southeast-2
76.98849424712355,2.1833670926575085e-56,aws-region=ap-southeast-2
77.06953476738369,7.631949692356378e-57,aws-region=ap-southeast-2
77.15057528764382,2.655427417046563e-57,aws-region=ap-southeast-2
77.23161580790395,9.196520282695734e-58,aws-region=ap-southeast-2
77.31265632816408,3.1703174997682458e-58,aws-region=ap-southeast-2
77.39369684842421,1.0878576627896796e-58,aws-region=ap-southeast-2
77.47473736868434,3.7156213582549045e-59,aws-region=ap-southeast-2
77.55577788894446,1.263225402592632e-59,aws-region=ap-southeast-2
77.6368184092046,4.274843709583566e-60,aws-region=ap-southeast-2
77.71785892946473,1.4399572220900316e-60,aws-region=ap-southeast-2
77.79889944972486,4.828017827410748e-61,aws-region=ap-southeast-2
77.87993996998499,1.611306033453981e-61,aws-region=ap-southeast-2
77.96098049024512,5.3527512721894e-62,aws-region=ap-southeast-2
78.04202101050525,1.7699700757619632e-62,aws-region=ap-southeast-2
78.12306153076538,5.825652617259223e-63,aws-region=ap-southeast-2
78.20410205102552,1.9085916231781704e-63,aws-region=ap-southeast-2
78.28514257128563,6.224022893767428e-64,aws-region=ap-southeast-2
78.36618309154576,2.0203148615963334e-64,aws-region=ap-southeast-2
78.4472236118059,6.527646316144622e-65,aws-region=ap-southeast-2
78.52826413206603,2.0993450354502107e-65,aws-region=ap-southeast-2
78.60930465232616,6.720485545367656e-66,aws-region=ap-southeast-2
78.69034517258629,2.1414457344822242e-66,aws-region=ap-southeast-2
78.77138569284642,6.792084199978723e-67,aws-region=ap-southeast-2
78.85242621310655,2.1443150129352124e-67,aws-region=ap-southeast-2
78.93346673336669,6.738506032004286e-68,aws-region=ap-southeast-2
79.0145072536268,2.1077938829888897e-68,aws-region=ap-southeast-2
79.09554777388693,6.562693391343387e-69,aws-region=ap-southeast-2
79.17658829414707,2.0338809057608902e-69,aws-region=ap-southeast-2
79.2576288144072,6.274199554712657e-70,aws-region=ap-southeast-2
79.33866933466733,1.9265510168301365e-70,aws-region=ap-southeast-2
79.41970985492746,5.888328803412841e-71,aws-region=ap-southeast-2
79.5007503751876,1.7914014407594988e-71,aws-region=ap-southeast-2
79.58179089544772,5.424791960678261e-72,aws-region=ap-southeast-2
79.66283141570786,1.6351685823013054e-72,aws-region=ap-southeast-2
79.74387193596797,4.906041684396503e-73,aws-region=ap-southeast-2
79.8249124562281,1.4651738639305317e-73,aws-region=ap-southeast-2
79.90595297648824,4.355482747154737e-74,aws-region=ap-southeast-2
79.98699349674837,1.2887616808304024e-74,aws-region=ap-southeast-2
80.0680340170085,3.7957542788383213e-75,aws-region=ap-southeast-2
80.14907453726863,1.1127886870773713e-75,aws-region=ap-southeast-2
80.23011505752876,3.247255242522214e-76,aws-region=ap-southeast-2
80.3111555777889,9.432118364907825e-77,aws-region=ap-southeast-2
80.39219609804903,2.7270376015768185e-77,aws-region=ap-southeast-2
80.47323661830914,7.848055342745764e-78,aws-region=ap-southeast-2
80.55427713856928,2.2481330619535573e-78,aws-region=ap-southeast-2
80.63531765882941,6.410191023998353e-79,aws-region=ap-southeast-2
80.71635817908954,1.8193192431773428e-79,aws-region=ap-southeast-2
80.79739869934967,5.139676869838268e-80,aws-region=ap-southeast-2
80.8784392196098,1.4452788895340233e-80,aws-region=ap-southeast-2
80.95947973986993,4.045352983378712e-81,aws-region=ap-southeast-2
81.04052026013007,1.1270679130538806e-81,aws-region=ap-southeast-2
81.1215607803902,3.125594462945683e-82,aws-region=ap-southeast-2
81.20260130065031,8.627878721835112e-83,aws-region=ap-southeast-2
81.28364182091045,2.3706327239496196e-83,aws-region=ap-southeast-2
81.36468234117058,6.483557089172848e-84,aws-region=ap-southeast-2
81.44572286143071,1.7650263982533793e-84,aws-region=ap-southeast-2
81.52676338169084,4.782751911327947e-85,aws-region=ap-southeast-2
81.60780390195097,1.290010563664939e-85,aws-region=ap-southeast-2
81.6888444222111,3.463358310086092e-86,aws-region=ap-southeast-2
81.76988494247124,9.25529594331336e-87,aws-region=ap-southeast-2
81.85092546273137,2.4619084802846495e-87,aws-region=ap-southeast-2
81.93196598299149,6.518417742507549e-88,aws-region=ap-southeast-2
82.01300650325162,1.717912927121576e-88,aws-region=ap-southeast-2
82.09404702351175,4.506597397727326e-89,aws-region=ap-southeast-2
82.17508754377188,1.1767521856624989e-89,aws-region=ap-southeast-2
82.25612806403201,3.0585098719977603e-90,aws-region=ap-southeast-2
82.33716858429214,7.912675644099884e-91,aws-region=ap-southeast-2
82.41820910455228,2.0376304755989272e-91,aws-region=ap-southeast-2
82.4992496248124,5.222952327339099e-92,aws-region=ap-southeast-2
82.58029014507254,1.3325860113967447e-92,aws-region=ap-southeast-2
82.66133066533266,3.384254193686476e-93,aws-region=ap-southeast-2
82.74237118559279,8.554984417810115e-94,aws-region=ap-southeast-2
82.82341170585292,2.1526031690319552e-94,aws-region=ap-southeast-2
82.90445222611305,5.391346159849466e-95,aws-region=ap-southeast-2
82.98549274637318,1.3440608562866456e-95,aws-region=ap-southeast-2
83.06653326663331,3.335255486729511e-96,aws-region=ap-southeast-2
83.14757378689345,8.238112614454258e-97,aws-region=ap-southeast-2
83.22861430715358,2.0254184855412318e-97,aws-region=ap-southeast-2
83.30965482741371,4.9566725242737486e-98,aws-region=ap-southeast-2
83.39069534767383,1.2074080930738961e-98,aws-region=ap-southeast-2
83.47173586793396,2.927563481561675e-99,aws-region=ap-southeast-2
83.55277638819409,7.065565523041276e-100,aws-region=ap-southeast-2
83.63381690845422,1.6973675272393347e-100,aws-region=ap-southeast-2
83.71485742871435,4.058758303835263e-101,aws-region=ap-southeast-2
83.79589794897448,9.660482465021688e-102,aws-region=ap-southeast-2
83.87693846923462,2.288720472884836e-102,aws-region=ap-southeast-2
83.95797898949475,5.397280509576618e-103,aws-region=ap-southeast-2
84.03901950975488,1.2669092567666494e-103,aws-region=ap-southeast-2
84.120060030015,2.960085796142053e-104,aws-region=ap-southeast-2
84.20110055027513,6.8841661788452414e-105,aws-region=ap-southeast-2
84.28214107053526,1.5936268381802261e-105,aws-region=ap-southeast-2
84.36318159079539,3.6720632649631594e-106,aws-region=ap-southeast-2
84.44422211105552,8.422129052033261e-107,aws-region=ap-southeast-2
84.52526263131566,1.9227456289571263e-107,aws-region=ap-southeast-2
84.60630315157579,4.369280885102895e-108,aws-region=ap-southeast-2
84.68734367183592,9.882942652737644e-109,aws-region=ap-southeast-2
84.76838419209605,2.2251062397757023e-109,aws-region=ap-southeast-2
84.84942471235617,4.986586778333424e-110,aws-region=ap-southeast-2
84.9304652326163,1.1123568963012896e-110,aws-region=ap-southeast-2
85.01150575287643,2.4698640609153478e-111,aws-region=ap-southeast-2
85.09254627313656,5.458710549612023e-112,aws-region=ap-southeast-2
85.1735867933967,1.2008677622799126e-112,aws-region=ap-southeast-2
85.25462731365683,2.629592173982603e-113,aws-region=ap-southeast-2
85.33566783391696,5.731518407373146e-114,aws-region=ap-southeast-2
85.41670835417709,1.2434807125379151e-114,aws-region=ap-southeast-2
85.49774887443722,2.6853226341976747e-115,aws-region=ap-southeast-2
85.57878939469734,5.772207533445087e-116,aws-region=ap-southeast-2
85.65982991495747,1.2350241113767509e-116,aws-region=ap-southeast-2
85.7408704352176,2.630249571460176e-117,aws-region=ap-southeast-2
85.82191095547773,5.575791075108942e-118,aws-region=ap-southeast-2
85.90295147573786,1.1765327667146338e-118,aws-region=ap-southeast-2
85.983991995998,2.4710956204429195e-119,aws-region=ap-southeast-2
86.06503251625813,5.1661029173386e-120,aws-region=ap-southeast-2
86.14607303651826,1.0750397541373691e-120,aws-region=ap-southeast-2
86.22711355677839,2.2267627729197553e-121,aws-region=ap-southeast-2
86.30815407703851,4.5910426395254605e-122,aws-region=ap-southeast-2
86.38919459729864,9.421859774709801e-123,aws-region=ap-southeast-2
86.47023511755877,1.9246416142602494e-123,aws-region=ap-southeast-2
86.5512756378189,3.913370999112639e-124,aws-region=ap-southeast-2
86.63231615807904,7.92027165192461e-125,aws-region=ap-southeast-2
86.71335667833917,1.5955742800663506e-125,aws-region=ap-southeast-2
86.7943971985993,3.199498132955184e-126,aws-region=ap-southeast-2
86.87543771885943,6.386083156226535e-127,aws-region=ap-southeast-2
86.95647823911956,1.268747332166169e-127,aws-region=ap-southeast-2
87.03751875937968,2.509016799240893e-128,aws-region=ap-southeast-2
87.11855927963981,4.938781821217891e-129,aws-region=ap-southeast-2
87.19959979989994,9.676625813108356e-130,aws-region=ap-southeast-2
87.28064032016007,1.8871910989006085e-130,aws-region=ap-southeast-2
87.3616808404202,3.6634952020273246e-131,aws-region=ap-southeast-2
87.44272136068034,7.078857678599486e-132,aws-region=ap-southeast-2
87.52376188094047,1.3615027766851298e-132,aws-region=ap-southeast-2
87.6048024012006,2.606523646995435e-133,aws-region=ap-southeast-2
87.68584292146073,4.966981990620573e-134,aws-region=ap-southeast-2
87.76688344172085,9.4213094822101e-135,aws-region=ap-southeast-2
87.84792396198098,1.778761475517064e-135,aws-region=ap-southeast-2
87.92896448224111,3.3428116746949913e-136,aws-region=ap-southeast-2
88.01000500250125,6.253078017882582e-137,aws-region=ap-southeast-2
88.09104552276138,1.1642962992396693e-137,aws-region=ap-southeast-2
88.17208604302151,2.157848303965028e-138,aws-region=ap-southeast-2
88.25312656328164,3.980760225221057e-139,aws-region=ap-southeast-2
88.33416708354177,7.3096878988683385e-140,aws-region=ap-southeast-2
88.4152076038019,1.3360396498018283e-140,aws-region=ap-southeast-2
88.49624812406202,2.4306786624139255e-141,aws-region=ap-southeast-2
88.57728864432215,4.40173031472488e-142,aws-region=ap-southeast-2
88.65832916458228,7.9342701732430415e-143,aws-region=ap-southeast-2
88.73936968484242,1.4235679517666773e-143,aws-region=ap-southeast-2
88.82041020510255,2.5423601645957732e-144,aws-region=ap-southeast-2
88.90145072536268,4.5194292774967845e-145,aws-region=ap-southeast-2
88.98249124562281,7.996827959727577e-146,aws-region=ap-southeast-2
89.06353176588294,1.4084438619655663e-146,aws-region=ap-southeast-2
89.14457228614307,2.4691584048674202e-147,aws-region=ap-southeast-2
89.22561280640319,4.308697227489368e-148,aws-region=ap-southeast-2
89.30665332666332,7.4839453644557454e-149,aws-region=ap-southeast-2
89.38769384692345,1.2939063300979626e-149,aws-region=ap-southeast-2
89.46873436718359,2.2267048597290973e-150,aws-region=ap-southeast-2
89.54977488744372,3.814257937770072e-151,aws-region=ap-southeast-2
89.63081540770385,6.503468408738448e-152,aws-region=ap-southeast-2
89.71185592796398,1.1037420232234183e-152,aws-region=ap-southeast-2
89.79289644822411,1.8645656533021223e-153,aws-region=ap-southeast-2
89.87393696848424,3.1352727891188593e-154,aws-region=ap-southeast-2
89.95497748874436,5.247597666755295e-155,aws-region=ap-southeast-2
90.0360180090045,8.742452139880045e-156,aws-region=ap-southeast-2
90.11705852926463,1.4497513613855845e-156,aws-region=ap-southeast-2
90.19809904952476,2.392992338432073e-157,aws-region=ap-southeast-2
90.27913956978489,3.931665890305758e-158,aws-region=ap-southeast-2
90.36018009004502,6.429828771082637e-159,aws-region=ap-southeast-2
90.44122061030515,1.0466698386287325e-159,aws-region=ap-southeast-2
90.52226113056528,1.6959283612570985e-160,aws-region=ap-southeast-2
90.60330165082541,2.7352232595953708e-161,aws-region=ap-southeast-2
90.68434217108553,4.3910212215905153e-162,aws-region=ap-southeast-2
90.76538269134566,7.016584522947062e-163,aws-region=ap-southeast-2
90.8464232116058,1.116023781613921e-163,aws-region=ap-southeast-2
90.92746373186593,1.7668862579809584e-164,aws-region=ap-southeast-2
91.00850425212606,2.7843971823675206e-165,aws-region=ap-southeast-2
91.08954477238619,4.367583533563629e-166,aws-region=ap-southeast-2
91.17058529264632,6.819282608972723e-167,aws-region=ap-southeast-2
91.25162581290645,1.0597991970733969e-167,aws-region=ap-southeast-2
91.33266633316659,1.6394414235940593e-168,aws-region=ap-southeast-2
91.4137068534267,2.5243852639133187e-169,aws-region=ap-southeast-2
91.49474737368683,3.8690360455344e-170,aws-region=ap-southeast-2
91.57578789394697,5.902517941589051e-171,aws-region=ap-southeast-2
91.6568284142071,8.963120801824783e-172,aws-region=ap-southeast-2
91.73786893446723,1.3547793574154318e-172,aws-region=ap-southeast-2
91.81890945472736,2.038286707206241e-173,aws-region=ap-southeast-2
91.89994997498749,3.0524555435405396e-174,aws-region=ap-southeast-2
91.98099049524762,4.550098413863205e-175,aws-region=ap-southeast-2
92.06203101550776,6.751178539513262e-176,aws-region=ap-southeast-2
92.14307153576787,9.970702329255226e-177,aws-region=ap-southeast-2
92.224112056028,1.4657478165258272e-177,aws-region=ap-southeast-2
92.30515257628814,2.144766918035763e-178,aws-region=ap-southeast-2
92.38619309654827,3.1238364162274144e-179,aws-region=ap-southeast-2
92.4672336168084,4.528806789616074e-180,aws-region=ap-southeast-2
92.54827413706853,6.535316494807169e-181,aws-region=ap-southeast-2
92.62931465732866,9.387215154139543e-182,aws-region=ap-southeast-2
92.7103551775888,1.3421289020734757e-182,aws-region=ap-southeast-2
92.79139569784893,1.9100247232179026e-183,aws-region=ap-southeast-2
92.87243621810904,2.7056464468042323e-184,aws-region=ap-southeast-2
92.95347673836918,3.814963554398862e-185,aws-region=ap-southeast-2
93.03451725862931,5.354230030600438e-186,aws-region=ap-southeast-2
93.11555777888944,7.47981637360458e-187,aws-region=ap-southeast-2
93.19659829914957,1.0400928699607053e-187,aws-region=ap-southeast-2
93.2776388194097,1.4395957916085738e-188,aws-region=ap-southeast-2
93.35867933966983,1.9833359215650746e-189,aws-region=ap-southeast-2
93.43971985992997,2.719814227390542e-190,aws-region=ap-southeast-2
93.5207603801901,3.712525564331323e-191,aws-region=ap-southeast-2
93.60180090045021,5.044137383855659e-192,aws-region=ap-southeast-2
93.68284142071035,6.821683982383322e-193,aws-region=ap-southeast-2
93.76388194097048,9.182977430485431e-194,aws-region=ap-southeast-2
93.84492246123061,1.230446291315407e-194,aws-region=ap-southeast-2
93.92596298149074,1.6410772493842844e-195,aws-region=ap-southeast-2
94.00700350175087,2.1786255907999476e-196,aws-region=ap-southeast-2
94.088044022011,2.878878812191074e-197,aws-region=ap-southeast-2
94.16908454227114,3.786616885880703e-198,aws-region=ap-southeast-2
94.25012506253127,4.957543645401982e-199,aws-region=ap-southeast-2
94.33116558279139,6.460541417556649e-200,aws-region=ap-southeast-2
94.41220610305152,8.380278805810097e-201,aws-region=ap-southeast-2
94.49324662331165,1.082019775434536e-201,aws-region=ap-southeast-2
94.57428714357178,1.3905899978961001e-202,aws-region=ap-southeast-2
94.65532766383191,1.7788944135281421e-203,aws-region=ap-southeast-2
94.73636818409204,2.2651053319884893e-204,aws-region=ap-southeast-2
94.81740870435218,2.870871732569641e-205,aws-region=ap-southeast-2
94.8984492246123,3.6218155238018213e-206,aws-region=ap-southeast-2
94.97948974487244,4.5480581318603775e-207,aws-region=ap-southeast-2
95.06053026513256,5.684769069558109e-208,aws-region=ap-southeast-2
95.14157078539269,7.072725137269862e-209,aws-region=ap-southeast-2
95.22261130565282,8.758865595060698e-210,aws-region=ap-southeast-2
95.30365182591295,1.079682509516554e-210,aws-region=ap-southeast-2
95.38469234617308,1.3247422481187392e-211,aws-region=ap-southeast-2
95.46573286643321,1.6179079882271745e-212,aws-region=ap-southeast-2
95.54677338669335,1.966814302864198e-213,aws-region=ap-southeast-2
95.62781390695348,2.37990705918096e-214,aws-region=ap-southeast-2
95.70885442721361,2.8664457838977524e-215,aws-region=ap-southeast-2
95.78989494747373,3.436485823766322e-216,aws-region=ap-southeast-2
95.87093546773386,4.1008366117076886e-217,aws-region=ap-southeast-2
95.95197598799399,4.870992434899365e-218,aws-region=ap-southeast-2
96.03301650825412,5.75903235000322e-219,aws-region=ap-southeast-2
96.11405702851425,6.777486324471628e-220,aws-region=ap-southeast-2
96.19509754877438,7.939165317900526e-221,aws-region=ap-southeast-2
96.27613806903452,9.256953863064277e-222,aws-region=ap-southeast-2
96.35717858929465,1.0743564763460588e-222,aws-region=ap-southeast-2
96.43821910955478,1.2411256782994345e-223,aws-region=ap-southeast-2
96.5192596298149,1.4271517642410666e-224,aws-region=ap-southeast-2
96.60030015007503,1.633471622179444e-225,aws-region=ap-southeast-2
96.68134067033516,1.8609729552464536e-226,aws-region=ap-southeast-2
96.76238119059529,2.110355190417704e-227,aws-region=ap-southeast-2
96.84342171085542,2.3820894965473317e-228,aws-region=ap-southeast-2
96.92446223111556,2.6763789695491558e-229,aws-region=ap-southeast-2
97.00550275137569,2.9931201809204664e-230,aws-region=ap-southeast-2
97.08654327163582,3.331867395758138e-231,aws-region=ap-southeast-2
97.16758379189595,3.6918008392610244e-232,aws-region=ap-southeast-2
97.24862431215607,4.071700418730146e-233,aws-region=ap-southeast-2
97.3296648324162,4.469926284515834e-234,aws-region=ap-southeast-2
97.41070535267633,4.884407533384338e-235,aws-region=ap-southeast-2
97.49174587293646,5.312640218599529e-236,aws-region=ap-southeast-2
97.5727863931966,5.751695632534051e-237,aws-region=ap-southeast-2
97.65382691345673,6.198239572472637e-238,aws-region=ap-southeast-2
97.73486743371686,6.648562994175451e-239,aws-region=ap-southeast-2
97.81590795397699,7.098624109409732e-240,aws-region=ap-southeast-2
97.89694847423712,7.544101604317158e-241,aws-region=ap-southeast-2
97.97798899449724,7.980458259370819e-242,aws-region=ap-southeast-2
98.05902951475737,8.403013854016292e-243,aws-region=ap-southeast-2
98.1400700350175,8.807025857448382e-244,aws-region=ap-southeast-2
98.22111055527763,9.187776058038126e-245,aws-region=ap-southeast-2
98.30215107553776,9.540660985115655e-246,aws-region=ap-southeast-2
98.3831915957979,9.861283743317277e-247,aws-region=ap-southeast-2
98.46423211605803,1.0145544724652844e-247,aws-region=ap-southeast-2
98.54527263631816,1.0389728597243657e-248,aws-region=ap-southeast-2
98.62631315657829,1.0590584998510765e-249,aws-region=ap-southeast-2
98.70735367683841,1.0745400486767536e-250,aws-region=ap-southeast-2
98.78839419709854,1.0852059526238803e-251,aws-region=ap-southeast-2
98.86943471735867,1.0909092590218643e-252,aws-region=ap-southeast-2
98.9504752376188,1.0915709853398525e-253,aws-region=ap-southeast-2
99.03151575787894,1.0871819393663322e-254,aws-region=ap-southeast-2
99.11255627813907,1.0778029317010412e-255,aws-region=ap-southeast-2
99.1935967983992,1.0635633736860409e-256,aws-region=ap-southeast-2
99.27463731865933,1.0446583059726468e-257,aws-region=ap-southeast-2
99.35567783891946,1.0213439530888563e-258,aws-region=ap-southeast-2
99.43671835917958,9.939319456358707e-260,aws-region=ap-southeast-2
99.51775887943971,9.62782392201943e-261,aws-region=ap-southeast-2
99.59879939969984,9.282960161780929e-262,aws-region=ap-southeast-2
99.67983991995997,8.909055971837796e-263,aws-region=ap-southeast-2
99.7608804402201,8.510669719634978e-264,aws-region=ap-southeast-2
99.84192096048024,8.09249855052479e-265,aws-region=ap-southeast-2
99.92296148074037,7.659287353384367e-266,aws-region=ap-southeast-2
100.0040020010005,7.2157409139561425e-267,aws-region=ap-southeast-2
100.08504252126063,6.766441470542628e-268,aws-region=ap-southeast-2
100.16608304152075,6.315773603642662e-269,aws-region=ap-southeast-2
100.24712356178088,5.867858053682525e-270,aws-region=ap-southeast-2
100.32816408204101,5.426495686281352e-271,aws-region=ap-southeast-2
100.40920460230114,4.995122429287853e-272,aws-region=ap-southeast-2
100.49024512256128,4.576775607669939e-273,aws-region=ap-southeast-2
100.57128564282141,4.1740717171863874e-274,aws-region=ap-southeast-2
100.65232616308154,3.789195319930565e-275,aws-region=ap-southeast-2
100.73336668334167,3.4238984267062192e-276,aws-region=ap-southeast-2
100.8144072036018,3.0795094619486825e-277,aws-region=ap-southeast-2
100.89544772386192,2.756950693107482e-278,aws-region=ap-southeast-2
100.97648824412205,2.4567628515993214e-279,aws-region=ap-southeast-2
101.05752876438218,2.1791355770382028e-280,aws-region=ap-southeast-2
101.13856928464232,1.9239422784709032e-281,aws-region=ap-southeast-2
101.21960980490245,1.6907780214429904e-282,aws-region=ap-southeast-2
101.30065032516258,1.4789991115085476e-283,aws-region=ap-southeast-2
101.38169084542271,1.2877631458742548e-284,aws-region=ap-southeast-2
101.46273136568284,1.1160684366199553e-285,aws-region=ap-southeast-2
101.54377188594297,9.627918627402838e-287,aws-region=ap-southeast-2
101.62481240620309,8.267243753223325e-288,aws-region=ap-southeast-2
101.70585292646322,7.066035524175366e-289,aws-region=ap-southeast-2
101.78689344672335,6.011427702235622e-290,aws-region=ap-southeast-2
101.86793396698349,5.090567188123768e-291,aws-region=ap-southeast-2
101.94897448724362,4.290831387729194e-292,aws-region=ap-southeast-2
102.03001500750375,3.600007860275139e-293,aws-region=ap-southeast-2
102.11105552776388,3.0064374324448134e-294,aws-region=ap-southeast-2
102.19209604802401,2.4991228642876686e-295,aws-region=ap-southeast-2
102.27313656828414,2.067805842537906e-296,aws-region=ap-southeast-2
102.35417708854426,1.7030155620920428e-297,aws-region=ap-southeast-2
102.4352176088044,1.3960924518957481e-298,aws-region=ap-southeast-2
102.51625812906452,1.139190727585901e-299,aws-region=ap-southeast-2
102.59729864932466,9.252634339483268e-301,aws-region=ap-southeast-2
102.67833916958479,7.480335017594166e-302,aws-region=ap-southeast-2
102.75937968984492,6.019541120703224e-303,aws-region=ap-southeast-2
102.84042021010505,4.8216136221753015e-304,aws-region=ap-southeast-2
102.92146073036518,3.844218853542003e-305,aws-region=ap-southeast-2
103.00250125062531,3.050777101971056e-306,aws-region=ap-southeast-2
103.08354177088543,2.409902779269202e-307,aws-region=ap-southeast-2
103.16458229114556,1.8948517345351474e-308,aws-region=ap-southeast-2
103.2456228114057,1.482987898828123e-309,aws-region=ap-southeast-2
103.32666333166583,1.15527836190584e-310,aws-region=ap-southeast-2
103.40770385192596,8.958232410047e-312,aws-region=ap-southeast-2
103.48874437218609,6.91424337117e-313,aws-region=ap-southeast-2
103.56978489244622,5.311945918e-314,aws-region=ap-southeast-2
103.65082541270635,4.06208746e-315,aws-region=ap-southeast-2
103.73186593296649,3.09194344e-316,aws-region=ap-southeast-2
103.8129064532266,2.3426132e-317,aws-region=ap-southeast-2
103.89394697348673,1.76667e-318,aws-region=ap-southeast-2
103.97498749374687,1.3261e-319,aws-region=ap-southeast-2
104.056028014007,9.91e-321,aws-region=ap-southeast-2
104.13706853426713,7.3e-322,aws-region=ap-southeast-2
104.21810905452726,5e-323,aws-region=ap-southeast-2
104.29914957478739,5e-324,aws-region=ap-southeast-2
104.38019009504752,0.0,aws-region=ap-southeast-2
104.46123061530764,0.0,aws-region=ap-southeast-2
104.54227113556777,0.0,aws-region=ap-southeast-2
104.6233116558279,0.0,aws-region=ap-southeast-2
104.70435217608804,0.0,aws-region=ap-southeast-2
104.78539269634817,0.0,aws-region=ap-southeast-2
104.8664332166083,0.0,aws-region=ap-southeast-2
104.94747373686843,0.0,aws-region=ap-southeast-2
105.02851425712856,0.0,aws-region=ap-southeast-2
105.1095547773887,0.0,aws-region=ap-southeast-2
105.19059529764881,0.0,aws-region=ap-southeast-2
105.27163581790894,0.0,aws-region=ap-southeast-2
105.35267633816908,0.0,aws-region=ap-southeast-2
105.43371685842921,0.0,aws-region=ap-southeast-2
105.51475737868934,0.0,aws-region=ap-southeast-2
105.59579789894947,0.0,aws-region=ap-southeast-2
105.6768384192096,0.0,aws-region=ap-southeast-2
105.75787893946973,0.0,aws-region=ap-southeast-2
105.83891945972987,0.0,aws-region=ap-southeast-2
105.91995997998998,0.0,aws-region=ap-southeast-2
106.00100050025011,0.0,aws-region=ap-southeast-2
106.08204102051025,0.0,aws-region=ap-southeast-2
106.16308154077038,0.0,aws-region=ap-southeast-2
106.24412206103051,0.0,aws-region=ap-southeast-2
106.32516258129064,0.0,aws-region=ap-southeast-2
106.40620310155077,0.0,aws-region=ap-southeast-2
106.4872436218109,0.0,aws-region=ap-southeast-2
106.56828414207104,0.0,aws-region=ap-southeast-2
106.64932466233115,0.0,aws-region=ap-southeast-2
106.73036518259129,0.0,aws-region=ap-southeast-2
106.81140570285142,0.0,aws-region=ap-southeast-2
106.89244622311155,0.0,aws-region=ap-southeast-2
106.97348674337168,0.0,aws-region=ap-southeast-2
107.05452726363181,0.0,aws-region=ap-southeast-2
107.13556778389194,0.0,aws-region=ap-southeast-2
107.21660830415207,0.0,aws-region=ap-southeast-2
107.2976488244122,0.0,aws-region=ap-southeast-2
107.37868934467232,0.0,aws-region=ap-southeast-2
107.45972986493246,0.0,aws-region=ap-southeast-2
107.54077038519259,0.0,aws-region=ap-southeast-2
107.62181090545272,0.0,aws-region=ap-southeast-2
107.70285142571285,0.0,aws-region=ap-southeast-2
107.78389194597298,0.0,aws-region=ap-southeast-2
107.86493246623311,0.0,aws-region=ap-southeast-2
107.94597298649325,0.0,aws-region=ap-southeast-2
108.02701350675338,0.0,aws-region=ap-southeast-2
108.1080540270135,0.0,aws-region=ap-southeast-2
108.18909454727363,0.0,aws-region=ap-southeast-2
108.27013506753376,0.0,aws-region=ap-southeast-2
108.35117558779389,0.0,aws-region=ap-southeast-2
108.43221610805402,0.0,aws-region=ap-southeast-2
108.51325662831415,0.0,aws-region=ap-southeast-2
108.59429714857428,0.0,aws-region=ap-southeast-2
108.67533766883442,0.0,aws-region=ap-southeast-2
108.75637818909455,0.0,aws-region=ap-southeast-2
108.83741870935467,0.0,aws-region=ap-southeast-2
108.9184592296148,0.0,aws-region=ap-southeast-2
108.99949974987493,0.0,aws-region=ap-southeast-2
109.08054027013506,0.0,aws-region=ap-southeast-2
109.16158079039519,0.0,aws-region=ap-southeast-2
109.24262131065532,0.0,aws-region=ap-southeast-2
109.32366183091546,0.0,aws-region=ap-southeast-2
109.40470235117559,0.0,aws-region=ap-southeast-2
109.48574287143572,0.0,aws-region=ap-southeast-2
109.56678339169584,0.0,aws-region=ap-southeast-2
109.64782391195597,0.0,aws-region=ap-southeast-2
109.7288644322161,0.0,aws-region=ap-southeast-2
109.80990495247623,0.0,aws-region=ap-southeast-2
109.89094547273636,0.0,aws-region=ap-southeast-2
109.9719859929965,0.0,aws-region=ap-southeast-2
110.05302651325663,0.0,aws-region=ap-southeast-2
110.13406703351676,0.0,aws-region=ap-southeast-2
110.21510755377689,0.0,aws-region=ap-southeast-2
110.296148074037,0.0,aws-region=ap-southeast-2
110.37718859429714,0.0,aws-region=ap-southeast-2
110.45822911455727,0.0,aws-region=ap-southeast-2
110.5392696348174,0.0,aws-region=ap-southeast-2
110.62031015507753,0.0,aws-region=ap-southeast-2
110.70135067533766,0.0,aws-region=ap-southeast-2
110.7823911955978,0.0,aws-region=ap-southeast-2
110.86343171585793,0.0,aws-region=ap-southeast-2
110.94447223611806,0.0,aws-region=ap-southeast-2
111.02551275637818,0.0,aws-region=ap-southeast-2
111.10655327663831,0.0,aws-region=ap-southeast-2
111.18759379689844,0.0,aws-region=ap-southeast-2
111.26863431715857,0.0,aws-region=ap-southeast-2
111.3496748374187,0.0,aws-region=ap-southeast-2
111.43071535767884,0.0,aws-region=ap-southeast-2
111.51175587793897,0.0,aws-region=ap-southeast-2
111.5927963981991,0.0,aws-region=ap-southeast-2
111.67383691845923,0.0,aws-region=ap-southeast-2
111.75487743871935,0.0,aws-region=ap-southeast-2
111.83591795897948,0.0,aws-region=ap-southeast-2
111.91695847923961,0.0,aws-region=ap-southeast-2
111.99799899949974,0.0,aws-region=ap-southeast-2
112.07903951975987,0.0,aws-region=ap-southeast-2
112.16008004002,0.0,aws-region=ap-southeast-2
112.24112056028014,0.0,aws-region=ap-southeast-2
112.32216108054027,0.0,aws-region=ap-southeast-2
112.4032016008004,0.0,aws-region=ap-southeast-2
112.48424212106052,0.0,aws-region=ap-southeast-2
112.56528264132065,0.0,aws-region=ap-southeast-2
112.64632316158078,0.0,aws-region=ap-southeast-2
112.72736368184091,0.0,aws-region=ap-southeast-2
112.80840420210104,0.0,aws-region=ap-southeast-2
112.88944472236118,0.0,aws-region=ap-southeast-2
112.97048524262131,0.0,aws-region=ap-southeast-2
113.05152576288144,0.0,aws-region=ap-southeast-2
113.13256628314157,0.0,aws-region=ap-southeast-2
113.21360680340169,0.0,aws-region=ap-southeast-2
113.29464732366182,0.0,aws-region=ap-southeast-2
113.37568784392195,0.0,aws-region=ap-southeast-2
113.45672836418208,0.0,aws-region=ap-southeast-2
113.53776888444222,0.0,aws-region=ap-southeast-2
113.61880940470235,0.0,aws-region=ap-southeast-2
113.69984992496248,0.0,aws-region=ap-southeast-2
113.78089044522261,0.0,aws-region=ap-southeast-2
113.86193096548274,0.0,aws-region=ap-southeast-2
113.94297148574286,0.0,aws-region=ap-southeast-2
114.02401200600299,0.0,aws-region=ap-southeast-2
114.10505252626312,0.0,aws-region=ap-southeast-2
114.18609304652325,0.0,aws-region=ap-southeast-2
114.26713356678339,0.0,aws-region=ap-southeast-2
114.34817408704352,0.0,aws-region=ap-southeast-2
114.42921460730365,0.0,aws-region=ap-southeast-2
114.51025512756378,0.0,aws-region=ap-southeast-2
114.59129564782391,0.0,aws-region=ap-southeast-2
114.67233616808403,0.0,aws-region=ap-southeast-2
114.75337668834416,0.0,aws-region=ap-southeast-2
114.8344172086043,0.0,aws-region=ap-southeast-2
114.91545772886442,0.0,aws-region=ap-southeast-2
114.99649824912456,0.0,aws-region=ap-southeast-2
115.07753876938469,0.0,aws-region=ap-southeast-2
115.15857928964482,0.0,aws-region=ap-southeast-2
115.23961980990495,0.0,aws-region=ap-southeast-2
115.32066033016508,0.0,aws-region=ap-southeast-2
115.4017008504252,0.0,aws-region=ap-southeast-2
115.48274137068533,0.0,aws-region=ap-southeast-2
115.56378189094546,0.0,aws-region=ap-southeast-2
115.6448224112056,0.0,aws-region=ap-southeast-2
115.72586293146573,0.0,aws-region=ap-southeast-2
115.80690345172586,0.0,aws-region=ap-southeast-2
115.88794397198599,0.0,aws-region=ap-southeast-2
115.96898449224612,0.0,aws-region=ap-southeast-2
116.05002501250625,0.0,aws-region=ap-southeast-2
116.13106553276637,0.0,aws-region=ap-southeast-2
116.2121060530265,0.0,aws-region=ap-southeast-2
116.29314657328663,0.0,aws-region=ap-southeast-2
116.37418709354677,0.0,aws-region=ap-southeast-2
116.4552276138069,0.0,aws-region=ap-southeast-2
116.53626813406703,0.0,aws-region=ap-southeast-2
116.61730865432716,0.0,aws-region=ap-southeast-2
116.69834917458729,0.0,aws-region=ap-southeast-2
116.77938969484742,0.0,aws-region=ap-southeast-2
116.86043021510754,0.0,aws-region=ap-southeast-2
116.94147073536767,0.0,aws-region=ap-southeast-2
117.0225112556278,0.0,aws-region=ap-southeast-2
117.10355177588794,0.0,aws-region=ap-southeast-2
117.18459229614807,0.0,aws-region=ap-southeast-2
117.2656328164082,0.0,aws-region=ap-southeast-2
117.34667333666833,0.0,aws-region=ap-southeast-2
117.42771385692846,0.0,aws-region=ap-southeast-2
117.5087543771886,0.0,aws-region=ap-southeast-2
117.58979489744871,0.0,aws-region=ap-southeast-2
117.67083541770884,0.0,aws-region=ap-southeast-2
117.75187593796898,0.0,aws-region=ap-southeast-2
117.8329164582291,0.0,aws-region=ap-southeast-2
117.91395697848924,0.0,aws-region=ap-southeast-2
117.99499749874937,0.0,aws-region=ap-southeast-2
118.0760380190095,0.0,aws-region=ap-southeast-2
118.15707853926963,0.0,aws-region=ap-southeast-2
118.23811905952977,0.0,aws-region=ap-southeast-2
118.31915957978988,0.0,aws-region=ap-southeast-2
118.40020010005001,0.0,aws-region=ap-southeast-2
118.48124062031015,0.0,aws-region=ap-southeast-2
118.56228114057028,0.0,aws-region=ap-southeast-2
118.64332166083041,0.0,aws-region=ap-southeast-2
118.72436218109054,0.0,aws-region=ap-southeast-2
118.80540270135067,0.0,aws-region=ap-southeast-2
118.8864432216108,0.0,aws-region=ap-southeast-2
118.96748374187094,0.0,aws-region=ap-southeast-2
119.04852426213105,0.0,aws-region=ap-southeast-2
119.12956478239118,0.0,aws-region=ap-southeast-2
119.21060530265132,0.0,aws-region=ap-southeast-2
119.29164582291145,0.0,aws-region=ap-southeast-2
119.37268634317158,0.0,aws-region=ap-southeast-2
119.45372686343171,0.0,aws-region=ap-southeast-2
119.53476738369184,0.0,aws-region=ap-southeast-2
119.61580790395197,0.0,aws-region=ap-southeast-2
119.6968484242121,0.0,aws-region=ap-southeast-2
119.77788894447222,0.0,aws-region=ap-southeast-2
119.85892946473236,0.0,aws-region=ap-southeast-2
119.93996998499249,0.0,aws-region=ap-southeast-2
120.02101050525262,0.0,aws-region=ap-southeast-2
120.10205102551275,0.0,aws-region=ap-southeast-2
120.18309154577288,0.0,aws-region=ap-southeast-2
120.26413206603301,0.0,aws-region=ap-southeast-2
120.34517258629315,0.0,aws-region=ap-southeast-2
120.42621310655328,0.0,aws-region=ap-southeast-2
120.5072536268134,0.0,aws-region=ap-southeast-2
120.58829414707353,0.0,aws-region=ap-southeast-2
120.66933466733366,0.0,aws-region=ap-southeast-2
120.75037518759379,0.0,aws-region=ap-southeast-2
120.83141570785392,0.0,aws-region=ap-southeast-2
120.91245622811405,0.0,aws-region=ap-southeast-2
120.99349674837418,0.0,aws-region=ap-southeast-2
121.07453726863432,0.0,aws-region=ap-southeast-2
121.15557778889445,0.0,aws-region=ap-southeast-2
121.23661830915457,0.0,aws-region=ap-southeast-2
121.3176588294147,0.0,aws-region=ap-southeast-2
121.39869934967483,0.0,aws-region=ap-southeast-2
121.47973986993496,0.0,aws-region=ap-southeast-2
121.56078039019509,0.0,aws-region=ap-southeast-2
121.64182091045522,0.0,aws-region=ap-southeast-2
121.72286143071535,0.0,aws-region=ap-southeast-2
121.80390195097549,0.0,aws-region=ap-southeast-2
121.88494247123562,0.0,aws-region=ap-southeast-2
121.96598299149574,0.0,aws-region=ap-southeast-2
122.04702351175587,0.0,aws-region=ap-southeast-2
122.128064032016,0.0,aws-region=ap-southeast-2
122.20910455227613,0.0,aws-region=ap-southeast-2
122.29014507253626,0.0,aws-region=ap-southeast-2
122.3711855927964,0.0,aws-region=ap-southeast-2
122.45222611305653,0.0,aws-region=ap-southeast-2
122.53326663331666,0.0,aws-region=ap-southeast-2
122.61430715357679,0.0,aws-region=ap-southeast-2
122.6953476738369,0.0,aws-region=ap-southeast-2
122.77638819409704,0.0,aws-region=ap-southeast-2
122.85742871435717,0.0,aws-region=ap-southeast-2
122.9384692346173,0.0,aws-region=ap-southeast-2
123.01950975487743,0.0,aws-region=ap-southeast-2
123.10055027513756,0.0,aws-region=ap-southeast-2
123.1815907953977,0.0,aws-region=ap-southeast-2
123.26263131565783,0.0,aws-region=ap-southeast-2
123.34367183591796,0.0,aws-region=ap-southeast-2
123.42471235617808,0.0,aws-region=ap-southeast-2
123.50575287643821,0.0,aws-region=ap-southeast-2
123.58679339669834,0.0,aws-region=ap-southeast-2
123.66783391695847,0.0,aws-region=ap-southeast-2
123.7488744372186,0.0,aws-region=ap-southeast-2
123.82991495747874,0.0,aws-region=ap-southeast-2
123.91095547773887,0.0,aws-region=ap-southeast-2
123.991995997999,0.0,aws-region=ap-southeast-2
124.07303651825913,0.0,aws-region=ap-southeast-2
124.15407703851925,0.0,aws-region=ap-southeast-2
124.23511755877938,0.0,aws-region=ap-southeast-2
124.31615807903951,0.0,aws-region=ap-southeast-2
124.39719859929964,0.0,aws-region=ap-southeast-2
124.47823911955977,0.0,aws-region=ap-southeast-2
124.5592796398199,0.0,aws-region=ap-southeast-2
124.64032016008004,0.0,aws-region=ap-southeast-2
124.72136068034017,0.0,aws-region=ap-southeast-2
124.8024012006003,0.0,aws-region=ap-southeast-2
124.88344172086042,0.0,aws-region=ap-southeast-2
124.96448224112055,0.0,aws-region=ap-southeast-2
125.04552276138068,0.0,aws-region=ap-southeast-2
125.12656328164081,0.0,aws-region=ap-southeast-2
125.20760380190094,0.0,aws-region=ap-southeast-2
125.28864432216108,0.0,aws-region=ap-southeast-2
125.36968484242121,0.0,aws-region=ap-southeast-2
125.45072536268134,0.0,aws-region=ap-southeast-2
125.53176588294147,0.0,aws-region=ap-southeast-2
125.61280640320159,0.0,aws-region=ap-southeast-2
125.69384692346172,0.0,aws-region=ap-southeast-2
125.77488744372185,0.0,aws-region=ap-southeast-2
125.85592796398198,0.0,aws-region=ap-southeast-2
125.93696848424212,0.0,aws-region=ap-southeast-2
126.01800900450225,0.0,aws-region=ap-southeast-2
126.09904952476238,0.0,aws-region=ap-southeast-2
126.18009004502251,0.0,aws-region=ap-southeast-2
126.26113056528264,0.0,aws-region=ap-southeast-2
126.34217108554276,0.0,aws-region=ap-southeast-2
126.42321160580289,0.0,aws-region=ap-southeast-2
126.50425212606302,0.0,aws-region=ap-southeast-2
126.58529264632315,0.0,aws-region=ap-southeast-2
126.66633316658329,0.0,aws-region=ap-southeast-2
126.74737368684342,0.0,aws-region=ap-southeast-2
126.82841420710355,0.0,aws-region=ap-southeast-2
126.90945472736368,0.0,aws-region=ap-southeast-2
126.99049524762381,0.0,aws-region=ap-southeast-2
127.07153576788393,0.0,aws-region=ap-southeast-2
127.15257628814406,0.0,aws-region=ap-southeast-2
127.2336168084042,0.0,aws-region=ap-southeast-2
127.31465732866432,0.0,aws-region=ap-southeast-2
127.39569784892446,0.0,aws-region=ap-southeast-2
127.47673836918459,0.0,aws-region=ap-southeast-2
127.55777888944472,0.0,aws-region=ap-southeast-2
127.63881940970485,0.0,aws-region=ap-southeast-2
127.71985992996498,0.0,aws-region=ap-southeast-2
127.8009004502251,0.0,aws-region=ap-southeast-2
127.88194097048523,0.0,aws-region=ap-southeast-2
127.96298149074536,0.0,aws-region=ap-southeast-2
128.0440220110055,0.0,aws-region=ap-southeast-2
128.12506253126563,0.0,aws-region=ap-southeast-2
128.20610305152576,0.0,aws-region=ap-southeast-2
128.2871435717859,0.0,aws-region=ap-southeast-2
128.36818409204602,0.0,aws-region=ap-southeast-2
128.44922461230615,0.0,aws-region=ap-southeast-2
128.53026513256629,0.0,aws-region=ap-southeast-2
128.61130565282642,0.0,aws-region=ap-southeast-2
128.69234617308655,0.0,aws-region=ap-southeast-2
128.77338669334668,0.0,aws-region=ap-southeast-2
128.85442721360678,0.0,aws-region=ap-southeast-2
128.93546773386691,0.0,aws-region=ap-southeast-2
129.01650825412705,0.0,aws-region=ap-southeast-2
129.09754877438718,0.0,aws-region=ap-southeast-2
129.1785892946473,0.0,aws-region=ap-southeast-2
129.25962981490744,0.0,aws-region=ap-southeast-2
129.34067033516757,0.0,aws-region=ap-southeast-2
129.4217108554277,0.0,aws-region=ap-southeast-2
129.50275137568784,0.0,aws-region=ap-southeast-2
129.58379189594797,0.0,aws-region=ap-southeast-2
129.6648324162081,0.0,aws-region=ap-southeast-2
129.74587293646823,0.0,aws-region=ap-southeast-2
129.82691345672836,0.0,aws-region=ap-southeast-2
129.9079539769885,0.0,aws-region=ap-southeast-2
129.98899449724863,0.0,aws-region=ap-southeast-2
130.07003501750876,0.0,aws-region=ap-southeast-2
130.1510755377689,0.0,aws-region=ap-southeast-2
130.23211605802902,0.0,aws-region=ap-southeast-2
130.31315657828912,0.0,aws-region=ap-southeast-2
130.39419709854926,0.0,aws-region=ap-southeast-2
130.4752376188094,0.0,aws-region=ap-southeast-2
130.55627813906952,0.0,aws-region=ap-southeast-2
130.63731865932965,0.0,aws-region=ap-southeast-2
130.71835917958978,0.0,aws-region=ap-southeast-2
130.79939969984991,0.0,aws-region=ap-southeast-2
130.88044022011005,0.0,aws-region=ap-southeast-2
130.96148074037018,0.0,aws-region=ap-southeast-2
131.0425212606303,0.0,aws-region=ap-southeast-2
131.12356178089044,0.0,aws-region=ap-southeast-2
131.20460230115057,0.0,aws-region=ap-southeast-2
131.2856428214107,0.0,aws-region=ap-southeast-2
131.36668334167084,0.0,aws-region=ap-southeast-2
131.44772386193097,0.0,aws-region=ap-southeast-2
131.5287643821911,0.0,aws-region=ap-southeast-2
131.60980490245123,0.0,aws-region=ap-southeast-2
131.69084542271136,0.0,aws-region=ap-southeast-2
131.77188594297147,0.0,aws-region=ap-southeast-2
131.8529264632316,0.0,aws-region=ap-southeast-2
131.93396698349173,0.0,aws-region=ap-southeast-2
132.01500750375186,0.0,aws-region=ap-southeast-2
132.096048024012,0.0,aws-region=ap-southeast-2
132.17708854427212,0.0,aws-region=ap-southeast-2
132.25812906453226,0.0,aws-region=ap-southeast-2
132.3391695847924,0.0,aws-region=ap-southeast-2
132.42021010505252,0.0,aws-region=ap-southeast-2
132.50125062531265,0.0,aws-region=ap-southeast-2
132.58229114557278,0.0,aws-region=ap-southeast-2
132.6633316658329,0.0,aws-region=ap-southeast-2
132.74437218609305,0.0,aws-region=ap-southeast-2
132.82541270635318,0.0,aws-region=ap-southeast-2
132.9064532266133,0.0,aws-region=ap-southeast-2
132.98749374687344,0.0,aws-region=ap-southeast-2
133.06853426713357,0.0,aws-region=ap-southeast-2
133.1495747873937,0.0,aws-region=ap-southeast-2
133.2306153076538,0.0,aws-region=ap-southeast-2
133.31165582791394,0.0,aws-region=ap-southeast-2
133.39269634817407,0.0,aws-region=ap-southeast-2
133.4737368684342,0.0,aws-region=ap-southeast-2
133.55477738869433,0.0,aws-region=ap-southeast-2
133.63581790895446,0.0,aws-region=ap-southeast-2
133.7168584292146,0.0,aws-region=ap-southeast-2
133.79789894947473,0.0,aws-region=ap-southeast-2
133.87893946973486,0.0,aws-region=ap-southeast-2
133.959979989995,0.0,aws-region=ap-southeast-2
134.04102051025512,0.0,aws-region=ap-southeast-2
134.12206103051525,0.0,aws-region=ap-southeast-2
134.2031015507754,0.0,aws-region=ap-southeast-2
134.28414207103552,0.0,aws-region=ap-southeast-2
134.36518259129565,0.0,aws-region=ap-southeast-2
134.44622311155578,0.0,aws-region=ap-southeast-2
134.5272636318159,0.0,aws-region=ap-southeast-2
134.60830415207604,0.0,aws-region=ap-southeast-2
134.68934467233615,0.0,aws-region=ap-southeast-2
134.77038519259628,0.0,aws-region=ap-southeast-2
134.8514257128564,0.0,aws-region=ap-southeast-2
134.93246623311654,0.0,aws-region=ap-southeast-2
135.01350675337667,0.0,aws-region=ap-southeast-2
135.0945472736368,0.0,aws-region=ap-southeast-2
135.17558779389694,0.0,aws-region=ap-southeast-2
135.25662831415707,0.0,aws-region=ap-southeast-2
135.3376688344172,0.0,aws-region=ap-southeast-2
135.41870935467733,0.0,aws-region=ap-southeast-2
135.49974987493746,0.0,aws-region=ap-southeast-2
135.5807903951976,0.0,aws-region=ap-southeast-2
135.66183091545773,0.0,aws-region=ap-southeast-2
135.74287143571786,0.0,aws-region=ap-southeast-2
135.823911955978,0.0,aws-region=ap-southeast-2
135.90495247623812,0.0,aws-region=ap-southeast-2
135.98599299649825,0.0,aws-region=ap-southeast-2
136.06703351675839,0.0,aws-region=ap-southeast-2
136.1480740370185,0.0,aws-region=ap-southeast-2
136.22911455727862,0.0,aws-region=ap-southeast-2
136.31015507753875,0.0,aws-region=ap-southeast-2
136.39119559779888,0.0,aws-region=ap-southeast-2
136.47223611805902,0.0,aws-region=ap-southeast-2
136.55327663831915,0.0,aws-region=ap-southeast-2
136.63431715857928,0.0,aws-region=ap-southeast-2
136.7153576788394,0.0,aws-region=ap-southeast-2
136.79639819909954,0.0,aws-region=ap-southeast-2
136.87743871935967,0.0,aws-region=ap-southeast-2
136.9584792396198,0.0,aws-region=ap-southeast-2
137.03951975987994,0.0,aws-region=ap-southeast-2
137.12056028014007,0.0,aws-region=ap-southeast-2
137.2016008004002,0.0,aws-region=ap-southeast-2
137.28264132066033,0.0,aws-region=ap-southeast-2
137.36368184092046,0.0,aws-region=ap-southeast-2
137.4447223611806,0.0,aws-region=ap-southeast-2
137.52576288144073,0.0,aws-region=ap-southeast-2
137.60680340170083,0.0,aws-region=ap-southeast-2
137.68784392196096,0.0,aws-region=ap-southeast-2
137.7688844422211,0.0,aws-region=ap-southeast-2
137.84992496248123,0.0,aws-region=ap-southeast-2
137.93096548274136,0.0,aws-region=ap-southeast-2
138.0120060030015,0.0,aws-region=ap-southeast-2
138.09304652326162,0.0,aws-region=ap-southeast-2
138.17408704352175,0.0,aws-region=ap-southeast-2
138.25512756378188,0.0,aws-region=ap-southeast-2
138.33616808404201,0.0,aws-region=ap-southeast-2
138.41720860430215,0.0,aws-region=ap-southeast-2
138.49824912456228,0.0,aws-region=ap-southeast-2
138.5792896448224,0.0,aws-region=ap-southeast-2
138.66033016508254,0.0,aws-region=ap-southeast-2
138.74137068534267,0.0,aws-region=ap-southeast-2
138.8224112056028,0.0,aws-region=ap-southeast-2
138.90345172586294,0.0,aws-region=ap-southeast-2
138.98449224612307,0.0,aws-region=ap-southeast-2
139.06553276638317,0.0,aws-region=ap-southeast-2
139.1465732866433,0.0,aws-region=ap-southeast-2
139.22761380690343,0.0,aws-region=ap-southeast-2
139.30865432716357,0.0,aws-region=ap-southeast-2
139.3896948474237,0.0,aws-region=ap-southeast-2
139.47073536768383,0.0,aws-region=ap-southeast-2
139.55177588794396,0.0,aws-region=ap-southeast-2
139.6328164082041,0.0,aws-region=ap-southeast-2
139.71385692846422,0.0,aws-region=ap-southeast-2
139.79489744872436,0.0,aws-region=ap-southeast-2
139.8759379689845,0.0,aws-region=ap-southeast-2
139.95697848924462,0.0,aws-region=ap-southeast-2
140.03801900950475,0.0,aws-region=ap-southeast-2
140.11905952976488,0.0,aws-region=ap-southeast-2
140.20010005002501,0.0,aws-region=ap-southeast-2
140.28114057028515,0.0,aws-region=ap-southeast-2
140.36218109054528,0.0,aws-region=ap-southeast-2
140.4432216108054,0.0,aws-region=ap-southeast-2
140.5242621310655,0.0,aws-region=ap-southeast-2
140.60530265132564,0.0,aws-region=ap-southeast-2
140.68634317158578,0.0,aws-region=ap-southeast-2
140.7673836918459,0.0,aws-region=ap-southeast-2
140.84842421210604,0.0,aws-region=ap-southeast-2
140.92946473236617,0.0,aws-region=ap-southeast-2
141.0105052526263,0.0,aws-region=ap-southeast-2
141.09154577288643,0.0,aws-region=ap-southeast-2
141.17258629314657,0.0,aws-region=ap-southeast-2
141.2536268134067,0.0,aws-region=ap-southeast-2
141.33466733366683,0.0,aws-region=ap-southeast-2
141.41570785392696,0.0,aws-region=ap-southeast-2
141.4967483741871,0.0,aws-region=ap-southeast-2
141.57778889444722,0.0,aws-region=ap-southeast-2
141.65882941470736,0.0,aws-region=ap-southeast-2
141.7398699349675,0.0,aws-region=ap-southeast-2
141.82091045522762,0.0,aws-region=ap-southeast-2
141.90195097548775,0.0,aws-region=ap-southeast-2
141.98299149574785,0.0,aws-region=ap-southeast-2
142.06403201600799,0.0,aws-region=ap-southeast-2
142.14507253626812,0.0,aws-region=ap-southeast-2
142.22611305652825,0.0,aws-region=ap-southeast-2
142.30715357678838,0.0,aws-region=ap-southeast-2
142.3881940970485,0.0,aws-region=ap-southeast-2
142.46923461730864,0.0,aws-region=ap-southeast-2
142.55027513756878,0.0,aws-region=ap-southeast-2
142.6313156578289,0.0,aws-region=ap-southeast-2
142.71235617808904,0.0,aws-region=ap-southeast-2
142.79339669834917,0.0,aws-region=ap-southeast-2
142.8744372186093,0.0,aws-region=ap-southeast-2
142.95547773886943,0.0,aws-region=ap-southeast-2
143.03651825912956,0.0,aws-region=ap-southeast-2
143.1175587793897,0.0,aws-region=ap-southeast-2
143.19859929964983,0.0,aws-region=ap-southeast-2
143.27963981990996,0.0,aws-region=ap-southeast-2
143.3606803401701,0.0,aws-region=ap-southeast-2
143.4417208604302,0.0,aws-region=ap-southeast-2
143.52276138069033,0.0,aws-region=ap-southeast-2
143.60380190095046,0.0,aws-region=ap-southeast-2
143.6848424212106,0.0,aws-region=ap-southeast-2
143.76588294147072,0.0,aws-region=ap-southeast-2
143.84692346173085,0.0,aws-region=ap-southeast-2
143.92796398199098,0.0,aws-region=ap-southeast-2
144.00900450225112,0.0,aws-region=ap-southeast-2
144.09004502251125,0.0,aws-region=ap-southeast-2
144.17108554277138,0.0,aws-region=ap-southeast-2
144.2521260630315,0.0,aws-region=ap-southeast-2
144.33316658329164,0.0,aws-region=ap-southeast-2
144.41420710355177,0.0,aws-region=ap-southeast-2
144.4952476238119,0.0,aws-region=ap-southeast-2
144.57628814407204,0.0,aws-region=ap-southeast-2
144.65732866433217,0.0,aws-region=ap-southeast-2
144.7383691845923,0.0,aws-region=ap-southeast-2
144.81940970485243,0.0,aws-region=ap-southeast-2
144.90045022511254,0.0,aws-region=ap-southeast-2
144.98149074537267,0.0,aws-region=ap-southeast-2
145.0625312656328,0.0,aws-region=ap-southeast-2
145.14357178589293,0.0,aws-region=ap-southeast-2
145.22461230615306,0.0,aws-region=ap-southeast-2
145.3056528264132,0.0,aws-region=ap-southeast-2
145.38669334667333,0.0,aws-region=ap-southeast-2
145.46773386693346,0.0,aws-region=ap-southeast-2
145.5487743871936,0.0,aws-region=ap-southeast-2
145.62981490745372,0.0,aws-region=ap-southeast-2
145.71085542771385,0.0,aws-region=ap-southeast-2
145.79189594797398,0.0,aws-region=ap-southeast-2
145.87293646823412,0.0,aws-region=ap-southeast-2
145.95397698849425,0.0,aws-region=ap-southeast-2
146.03501750875438,0.0,aws-region=ap-southeast-2
146.1160580290145,0.0,aws-region=ap-southeast-2
146.19709854927464,0.0,aws-region=ap-southeast-2
146.27813906953477,0.0,aws-region=ap-southeast-2
146.35917958979488,0.0,aws-region=ap-southeast-2
146.440220110055,0.0,aws-region=ap-southeast-2
146.52126063031514,0.0,aws-region=ap-southeast-2
146.60230115057527,0.0,aws-region=ap-southeast-2
146.6833416708354,0.0,aws-region=ap-southeast-2
146.76438219109554,0.0,aws-region=ap-southeast-2
146.84542271135567,0.0,aws-region=ap-southeast-2
146.9264632316158,0.0,aws-region=ap-southeast-2
147.00750375187593,0.0,aws-region=ap-southeast-2
147.08854427213606,0.0,aws-region=ap-southeast-2
147.1695847923962,0.0,aws-region=ap-southeast-2
147.25062531265633,0.0,aws-region=ap-southeast-2
147.33166583291646,0.0,aws-region=ap-southeast-2
147.4127063531766,0.0,aws-region=ap-southeast-2
147.49374687343672,0.0,aws-region=ap-southeast-2
147.57478739369685,0.0,aws-region=ap-southeast-2
147.65582791395698,0.0,aws-region=ap-southeast-2
147.73686843421712,0.0,aws-region=ap-southeast-2
147.81790895447722,0.0,aws-region=ap-southeast-2
147.89894947473735,0.0,aws-region=ap-southeast-2
147.97998999499748,0.0,aws-region=ap-southeast-2
148.0610305152576,0.0,aws-region=ap-southeast-2
148.14207103551774,0.0,aws-region=ap-southeast-2
148.22311155577788,0.0,aws-region=ap-southeast-2
148.304152076038,0.0,aws-region=ap-southeast-2
148.38519259629814,0.0,aws-region=ap-southeast-2
148.46623311655827,0.0,aws-region=ap-southeast-2
148.5472736368184,0.0,aws-region=ap-southeast-2
148.62831415707853,0.0,aws-region=ap-southeast-2
148.70935467733867,0.0,aws-region=ap-southeast-2
148.7903951975988,0.0,aws-region=ap-southeast-2
148.87143571785893,0.0,aws-region=ap-southeast-2
148.95247623811906,0.0,aws-region=ap-southeast-2
149.0335167583792,0.0,aws-region=ap-southeast-2
149.11455727863932,0.0,aws-region=ap-southeast-2
149.19559779889946,0.0,aws-region=ap-southeast-2
149.27663831915956,0.0,aws-region=ap-southeast-2
149.3576788394197,0.0,aws-region=ap-southeast-2
149.43871935967982,0.0,aws-region=ap-southeast-2
149.51975987993995,0.0,aws-region=ap-southeast-2
149.6008004002001,0.0,aws-region=ap-southeast-2
149.68184092046022,0.0,aws-region=ap-southeast-2
149.76288144072035,0.0,aws-region=ap-southeast-2
149.84392196098048,0.0,aws-region=ap-southeast-2
149.9249624812406,0.0,aws-region=ap-southeast-2
150.00600300150074,0.0,aws-region=ap-southeast-2
150.08704352176088,0.0,aws-region=ap-southeast-2
150.168084042021,0.0,aws-region=ap-southeast-2
150.24912456228114,0.0,aws-region=ap-southeast-2
150.33016508254127,0.0,aws-region=ap-southeast-2
150.4112056028014,0.0,aws-region=ap-southeast-2
150.49224612306153,0.0,aws-region=ap-southeast-2
150.57328664332167,0.0,aws-region=ap-southeast-2
150.6543271635818,0.0,aws-region=ap-southeast-2
150.7353676838419,0.0,aws-region=ap-southeast-2
150.81640820410203,0.0,aws-region=ap-southeast-2
150.89744872436216,0.0,aws-region=ap-southeast-2
150.9784892446223,0.0,aws-region=ap-southeast-2
151.05952976488243,0.0,aws-region=ap-southeast-2
151.14057028514256,0.0,aws-region=ap-southeast-2
151.2216108054027,0.0,aws-region=ap-southeast-2
151.30265132566282,0.0,aws-region=ap-southeast-2
151.38369184592295,0.0,aws-region=ap-southeast-2
151.46473236618309,0.0,aws-region=ap-southeast-2
151.54577288644322,0.0,aws-region=ap-southeast-2
151.62681340670335,0.0,aws-region=ap-southeast-2
151.70785392696348,0.0,aws-region=ap-southeast-2
151.7888944472236,0.0,aws-region=ap-southeast-2
151.86993496748374,0.0,aws-region=ap-southeast-2
151.95097548774388,0.0,aws-region=ap-southeast-2
152.032016008004,0.0,aws-region=ap-southeast-2
152.11305652826414,0.0,aws-region=ap-southeast-2
152.19409704852424,0.0,aws-region=ap-southeast-2
152.27513756878437,0.0,aws-region=ap-southeast-2
152.3561780890445,0.0,aws-region=ap-southeast-2
152.43721860930464,0.0,aws-region=ap-southeast-2
152.51825912956477,0.0,aws-region=ap-southeast-2
152.5992996498249,0.0,aws-region=ap-southeast-2
152.68034017008503,0.0,aws-region=ap-southeast-2
152.76138069034516,0.0,aws-region=ap-southeast-2
152.8424212106053,0.0,aws-region=ap-southeast-2
152.92346173086543,0.0,aws-region=ap-southeast-2
153.00450225112556,0.0,aws-region=ap-southeast-2
153.0855427713857,0.0,aws-region=ap-southeast-2
153.16658329164582,0.0,aws-region=ap-southeast-2
153.24762381190595,0.0,aws-region=ap-southeast-2
153.32866433216608,0.0,aws-region=ap-southeast-2
153.40970485242622,0.0,aws-region=ap-southeast-2
153.49074537268635,0.0,aws-region=ap-southeast-2
153.57178589294648,0.0,aws-region=ap-southeast-2
153.65282641320658,0.0,aws-region=ap-southeast-2
153.73386693346671,0.0,aws-region=ap-southeast-2
153.81490745372685,0.0,aws-region=ap-southeast-2
153.89594797398698,0.0,aws-region=ap-southeast-2
153.9769884942471,0.0,aws-region=ap-southeast-2
154.05802901450724,0.0,aws-region=ap-southeast-2
154.13906953476737,0.0,aws-region=ap-southeast-2
154.2201100550275,0.0,aws-region=ap-southeast-2
154.30115057528764,0.0,aws-region=ap-southeast-2
154.38219109554777,0.0,aws-region=ap-southeast-2
154.4632316158079,0.0,aws-region=ap-southeast-2
154.54427213606803,0.0,aws-region=ap-southeast-2
154.62531265632816,0.0,aws-region=ap-southeast-2
154.7063531765883,0.0,aws-region=ap-southeast-2
154.78739369684843,0.0,aws-region=ap-southeast-2
154.86843421710856,0.0,aws-region=ap-southeast-2
154.9494747373687,0.0,aws-region=ap-southeast-2
155.03051525762882,0.0,aws-region=ap-southeast-2
155.11155577788892,0.0,aws-region=ap-southeast-2
155.19259629814906,0.0,aws-region=ap-southeast-2
155.2736368184092,0.0,aws-region=ap-southeast-2
155.35467733866932,0.0,aws-region=ap-southeast-2
155.43571785892945,0.0,aws-region=ap-southeast-2
155.51675837918958,0.0,aws-region=ap-southeast-2
155.5977988994497,0.0,aws-region=ap-southeast-2
155.67883941970985,0.0,aws-region=ap-southeast-2
155.75987993996998,0.0,aws-region=ap-southeast-2
155.8409204602301,0.0,aws-region=ap-southeast-2
155.92196098049024,0.0,aws-region=ap-southeast-2
156.00300150075037,0.0,aws-region=ap-southeast-2
156.0840420210105,0.0,aws-region=ap-southeast-2
156.16508254127064,0.0,aws-region=ap-southeast-2
156.24612306153077,0.0,aws-region=ap-southeast-2
156.3271635817909,0.0,aws-region=ap-southeast-2
156.40820410205103,0.0,aws-region=ap-southeast-2
156.48924462231116,0.0,aws-region=ap-southeast-2
156.57028514257127,0.0,aws-region=ap-southeast-2
156.6513256628314,0.0,aws-region=ap-southeast-2
156.73236618309153,0.0,aws-region=ap-southeast-2
156.81340670335166,0.0,aws-region=ap-southeast-2
156.8944472236118,0.0,aws-region=ap-southeast-2
156.97548774387192,0.0,aws-region=ap-southeast-2
157.05652826413206,0.0,aws-region=ap-southeast-2
157.1375687843922,0.0,aws-region=ap-southeast-2
157.21860930465232,0.0,aws-region=ap-southeast-2
157.29964982491245,0.0,aws-region=ap-southeast-2
157.38069034517258,0.0,aws-region=ap-southeast-2
157.4617308654327,0.0,aws-region=ap-southeast-2
157.54277138569284,0.0,aws-region=ap-southeast-2
157.62381190595298,0.0,aws-region=ap-southeast-2
157.7048524262131,0.0,aws-region=ap-southeast-2
157.78589294647324,0.0,aws-region=ap-southeast-2
157.86693346673337,0.0,aws-region=ap-southeast-2
157.9479739869935,0.0,aws-region=ap-southeast-2
158.0290145072536,0.0,aws-region=ap-southeast-2
158.11005502751374,0.0,aws-region=ap-southeast-2
158.19109554777387,0.0,aws-region=ap-southeast-2
158.272136068034,0.0,aws-region=ap-southeast-2
158.35317658829413,0.0,aws-region=ap-southeast-2
158.43421710855426,0.0,aws-region=ap-southeast-2
158.5152576288144,0.0,aws-region=ap-southeast-2
158.59629814907453,0.0,aws-region=ap-southeast-2
158.67733866933466,0.0,aws-region=ap-southeast-2
158.7583791895948,0.0,aws-region=ap-southeast-2
158.83941970985492,0.0,aws-region=ap-southeast-2
158.92046023011505,0.0,aws-region=ap-southeast-2
159.0015007503752,0.0,aws-region=ap-southeast-2
159.08254127063532,0.0,aws-region=ap-southeast-2
159.16358179089545,0.0,aws-region=ap-southeast-2
159.24462231115558,0.0,aws-region=ap-southeast-2
159.3256628314157,0.0,aws-region=ap-southeast-2
159.40670335167584,0.0,aws-region=ap-southeast-2
159.48774387193595,0.0,aws-region=ap-southeast-2
159.56878439219608,0.0,aws-region=ap-southeast-2
159.6498249124562,0.0,aws-region=ap-southeast-2
159.73086543271634,0.0,aws-region=ap-southeast-2
159.81190595297647,0.0,aws-region=ap-southeast-2
159.8929464732366,0.0,aws-region=ap-southeast-2
159.97398699349674,0.0,aws-region=ap-southeast-2
160.05502751375687,0.0,aws-region=ap-southeast-2
160.136068034017,0.0,aws-region=ap-southeast-2
160.21710855427713,0.0,aws-region=ap-southeast-2
160.29814907453726,0.0,aws-region=ap-southeast-2
160.3791895947974,0.0,aws-region=ap-southeast-2
160.46023011505753,0.0,aws-region=ap-southeast-2
160.54127063531766,0.0,aws-region=ap-southeast-2
160.6223111555778,0.0,aws-region=ap-southeast-2
160.70335167583792,0.0,aws-region=ap-southeast-2
160.78439219609805,0.0,aws-region=ap-southeast-2
160.86543271635819,0.0,aws-region=ap-southeast-2
160.9464732366183,0.0,aws-region=ap-southeast-2
161.02751375687842,0.0,aws-region=ap-southeast-2
161.10855427713855,0.0,aws-region=ap-southeast-2
161.18959479739868,0.0,aws-region=ap-southeast-2
161.27063531765882,0.0,aws-region=ap-southeast-2
161.35167583791895,0.0,aws-region=ap-southeast-2
161.43271635817908,0.0,aws-region=ap-southeast-2
161.5137568784392,0.0,aws-region=ap-southeast-2
161.59479739869934,0.0,aws-region=ap-southeast-2
161.67583791895947,0.0,aws-region=ap-southeast-2
161.7568784392196,0.0,aws-region=ap-southeast-2
161.83791895947974,0.0,aws-region=ap-southeast-2
161.91895947973987,0.0,aws-region=ap-southeast-2
162.0,0.0,aws-region=ap-southeast-2
0.0,0.006389998322468572,aws-region=us-west-1
0.08104052026013006,0.0065855582087859165,aws-region=us-west-1
0.16208104052026012,0.006782460427320299,aws-region=us-west-1
0.24312156078039018,0.006980527925286099,aws-region=us-west-1
0.32416208104052024,0.007179581702043762,aws-region=us-west-1
0.40520260130065033,0.007379441377606881,aws-region=us-west-1
0.48624312156078037,0.007579925765368422,aws-region=us-west-1
0.5672836418209104,0.0077808534459673905,aws-region=us-west-1
0.6483241620810405,0.007982043339228471,aws-region=us-west-1
0.7293646823411706,0.008183315271137876,aws-region=us-west-1
0.8104052026013007,0.008384490532878354,aws-region=us-west-1
0.8914457228614306,0.008585392429021938,aws-region=us-west-1
0.9724862431215607,0.008785846812083704,aws-region=us-west-1
1.0535267633816907,0.008985682600760717,aws-region=us-west-1
1.1345672836418208,0.0091847322793207,aws-region=us-west-1
1.215607803901951,0.009382832375767605,aws-region=us-west-1
1.296648324162081,0.009579823916584067,aws-region=us-west-1
1.377688844422211,0.009775552856045318,aws-region=us-west-1
1.4587293646823412,0.009969870478298086,aws-region=us-west-1
1.5397698849424712,0.010162633770618169,aws-region=us-west-1
1.6208104052026013,0.010353705766476037,aws-region=us-west-1
1.7018509254627312,0.010542955857274888,aws-region=us-west-1
1.7828914457228613,0.010730260071856118,aws-region=us-west-1
1.8639319659829914,0.010915501323101276,aws-region=us-west-1
1.9449724862431215,0.01109856962119715,aws-region=us-west-1
2.0260130065032516,0.011279362253361024,aws-region=us-west-1
2.1070535267633814,0.01145778393005154,aws-region=us-west-1
2.1880940470235117,0.01163374689791127,aws-region=us-west-1
2.2691345672836416,0.011807171019901962,aws-region=us-west-1
2.350175087543772,0.011977983823293386,aws-region=us-west-1
2.431215607803902,0.012146120516357576,aws-region=us-west-1
2.512256128064032,0.012311523974802188,aws-region=us-west-1
2.593296648324162,0.0124741446991312,aws-region=us-west-1
2.674337168584292,0.012633940744276977,aws-region=us-west-1
2.755377688844422,0.012790877622971165,aws-region=us-west-1
2.836418209104552,0.012944928184440528,aws-region=us-west-1
2.9174587293646823,0.013096072470104105,aws-region=us-west-1
2.998499249624812,0.013244297548029329,aws-region=us-west-1
3.0795397698849425,0.013389597327962055,aws-region=us-west-1
3.1605802901450724,0.013531972358785779,aws-region=us-west-1
3.2416208104052027,0.01367142961029001,aws-region=us-west-1
3.3226613306653325,0.013807982241131873,aws-region=us-west-1
3.4037018509254624,0.013941649354866827,aws-region=us-west-1
3.4847423711855927,0.014072455745894812,aws-region=us-west-1
3.5657828914457226,0.014200431637130018,aws-region=us-west-1
3.646823411705853,0.014325612411143489,aws-region=us-west-1
3.7278639319659828,0.01444803833646753,aws-region=us-west-1
3.808904452226113,0.014567754290661263,aws-region=us-west-1
3.889944972486243,0.014684809481660347,aws-region=us-west-1
3.970985492746373,0.014799257168829228,aws-region=us-west-1
4.052026013006503,0.01491115438503221,aws-region=us-west-1
4.133066533266633,0.015020561660935494,aws-region=us-west-1
4.214107053526763,0.015127542752632247,aws-region=us-west-1
4.295147573786894,0.01523216437357551,aws-region=us-west-1
4.3761880940470235,0.015334495931682159,aws-region=us-west-1
4.457228614307153,0.01543460927236076,aws-region=us-west-1
4.538269134567283,0.015532578428097769,aws-region=us-west-1
4.619309654827413,0.015628479375132027,aws-region=us-west-1
4.700350175087544,0.01572238979763699,aws-region=us-west-1
4.781390695347674,0.015814388859731555,aws-region=us-west-1
4.862431215607804,0.015904556985545645,aws-region=us-west-1
4.943471735867933,0.015992975647479306,aws-region=us-west-1
5.024512256128064,0.016079727162713633,aws-region=us-west-1
5.105552776388194,0.01616489449795978,aws-region=us-west-1
5.186593296648324,0.016248561082372208,aws-region=us-west-1
5.267633816908454,0.016330810628492034,aws-region=us-west-1
5.348674337168584,0.016411726961047243,aws-region=us-west-1
5.429714857428714,0.016491393853395413,aws-region=us-west-1
5.510755377688844,0.016569894871368226,aws-region=us-west-1
5.591795897948974,0.01664731322425774,aws-region=us-west-1
5.672836418209104,0.016723731622672808,aws-region=us-west-1
5.753876938469235,0.01679923214298907,aws-region=us-west-1
5.834917458729365,0.016873896098119567,aws-region=us-west-1
5.9159579789894945,0.016947803914345742,aws-region=us-west-1
5.996998499249624,0.01702103501395569,aws-region=us-west-1
6.078039019509754,0.01709366770346684,aws-region=us-west-1
6.159079539769885,0.017165779067223386,aws-region=us-west-1
6.240120060030015,0.017237444866196088,aws-region=us-west-1
6.321160580290145,0.01730873944183207,aws-region=us-west-1
6.402201100550275,0.01737973562484231,aws-region=us-west-1
6.483241620810405,0.017450504648836095,aws-region=us-west-1
6.564282141070535,0.017521116068752528,aws-region=us-west-1
6.645322661330665,0.01759163768406308,aws-region=us-west-1
6.726363181590795,0.017662135466749624,aws-region=us-west-1
6.807403701850925,0.01773267349409041,aws-region=us-west-1
6.888444222111056,0.01780331388630432,aws-region=us-west-1
6.969484742371185,0.017874116749133532,aws-region=us-west-1
7.050525262631315,0.01794514012144524,aws-region=us-west-1
7.131565782891445,0.018016439927963267,aws-region=us-west-1
7.212606303151575,0.018088069937225885,aws-region=us-west-1
7.293646823411706,0.018160081724890798,aws-region=us-west-1
7.374687343671836,0.018232524642484697,aws-region=us-west-1
7.4557278639319655,0.01830544579170122,aws-region=us-west-1
7.536768384192095,0.018378890004333116,aws-region=us-west-1
7.617808904452226,0.01845289982790607,aws-region=us-west-1
7.698849424712356,0.01852751551706503,aws-region=us-west-1
7.779889944972486,0.018602775030732682,aws-region=us-west-1
7.860930465232616,0.018678714035036018,aws-region=us-west-1
7.941970985492746,0.018755365911963594,aws-region=us-west-1
8.023011505752876,0.01883276177367657,aws-region=us-west-1
8.104052026013006,0.01891093048237043,aws-region=us-west-1
8.185092546273136,0.018989898675536274,aws-region=us-west-1
8.266133066533266,0.019069690796435952,aws-region=us-west-1
8.347173586793396,0.019150329129572794,aws-region=us-west-1
8.428214107053526,0.019231833840886968,aws-region=us-west-1
8.509254627313656,0.019314223022383784,aws-region=us-west-1
8.590295147573787,0.019397512740858432,aws-region=us-west-1
8.671335667833917,0.019481717090349907,aws-region=us-west-1
8.752376188094047,0.019566848247927378,aws-region=us-west-1
8.833416708354177,0.01965291653239053,aws-region=us-west-1
8.914457228614307,0.019739930465432463,aws-region=us-west-1
8.995497748874437,0.019827896834810472,aws-region=us-west-1
9.076538269134566,0.019916820759041987,aws-region=us-west-1
9.157578789394696,0.020006705753145924,aws-region=us-west-1
9.238619309654826,0.020097553794942043,aws-region=us-west-1
9.319659829914958,0.020189365391421524,aws-region=us-west-1
9.400700350175088,0.020282139644713072,aws-region=us-west-1
9.481740870435218,0.02037587431718021,aws-region=us-west-1
9.562781390695347,0.020470565895201184,aws-region=us-west-1
9.643821910955477,0.020566209651210192,aws-region=us-west-1
9.724862431215607,0.020662799703601305,aws-region=us-west-1
9.805902951475737,0.020760329074132243,aws-region=us-west-1
9.886943471735867,0.020858789742499842,aws-region=us-west-1
9.967983991995997,0.020958172697797425,aws-region=us-west-1
10.049024512256128,0.021058467986607578,aws-region=us-west-1
10.130065032516258,0.021159664757533312,aws-region=us-west-1
10.211105552776388,0.02126175130200604,aws-region=us-west-1
10.292146073036518,0.02136471509127372,aws-region=us-west-1
10.373186593296648,0.02146854280950667,aws-region=us-west-1
10.454227113556778,0.021573220383018312,aws-region=us-west-1
10.535267633816908,0.02167873300564048,aws-region=us-west-1
10.616308154077037,0.021785065160348113,aws-region=us-west-1
10.697348674337167,0.02189220063726517,aws-region=us-west-1
10.778389194597299,0.022000122548238066,aws-region=us-west-1
10.859429714857429,0.022108813338196035,aws-region=us-west-1
10.940470235117559,0.022218254793563354,aws-region=us-west-1
11.021510755377689,0.02232842804801496,aws-region=us-west-1
11.102551275637818,0.022439313585907412,aws-region=us-west-1
11.183591795897948,0.02255089124373559,aws-region=us-west-1
11.264632316158078,0.02266314020999032,aws-region=us-west-1
11.345672836418208,0.02277603902381243,aws-region=us-west-1
11.426713356678338,0.022889565572843433,aws-region=us-west-1
11.50775387693847,0.023003697090683704,aws-region=us-west-1
11.5887943971986,0.0231184101543777,aws-region=us-west-1
11.66983491745873,0.0232336806823273,aws-region=us-west-1
11.75087543771886,0.023349483933038588,aws-region=us-west-1
11.831915957978989,0.023465794505091446,aws-region=us-west-1
11.912956478239119,0.023582586338700143,aws-region=us-west-1
11.993996998499249,0.023699832719213592,aws-region=us-west-1
12.075037518759379,0.023817506282878386,aws-region=us-west-1
12.156078039019508,0.02393557902515648,aws-region=us-west-1
12.23711855927964,0.02405402231185827,aws-region=us-west-1
12.31815907953977,0.024172806893310788,aws-region=us-west-1
12.3991995997999,0.024291902921750527,aws-region=us-west-1
12.48024012006003,0.024411279972082194,aws-region=us-west-1
12.56128064032016,0.024530907066107065,aws-region=us-west-1
12.64232116058029,0.024650752700280994,aws-region=us-west-1
12.72336168084042,0.024770784877017244,aws-region=us-west-1
12.80440220110055,0.024890971139507913,aws-region=us-west-1
12.885442721360679,0.02501127860999315,aws-region=us-west-1
12.96648324162081,0.025131674031367273,aws-region=us-west-1
13.04752376188094,0.025252123811963255,aws-region=us-west-1
13.12856428214107,0.02537259407333086,aws-region=us-west-1
13.2096048024012,0.025493050700771857,aws-region=us-west-1
13.29064532266133,0.025613459396372093,aws-region=us-west-1
13.37168584292146,0.0257337857342347,aws-region=us-west-1
13.45272636318159,0.025853995217585322,aws-region=us-west-1
13.53376688344172,0.025974053337404584,aws-region=us-west-1
13.61480740370185,0.02609392563221427,aws-region=us-west-1
13.69584792396198,0.02621357774862386,aws-region=us-west-1
13.776888444222111,0.02633297550223558,aws-region=us-west-1
13.857928964482241,0.026452084938493915,aws-region=us-west-1
13.93896948474237,0.026570872393051486,aws-region=us-west-1
14.0200100050025,0.026689304551235003,aws-region=us-west-1
14.10105052526263,0.026807348506178746,aws-region=us-west-1
14.18209104552276,0.02692497181521499,aws-region=us-west-1
14.26313156578289,0.02704214255410281,aws-region=us-west-1
14.34417208604302,0.02715882936870726,aws-region=us-west-1
14.42521260630315,0.027275001523737356,aws-region=us-west-1
14.506253126563282,0.02739062894818492,aws-region=us-west-1
14.587293646823412,0.0275056822771253,aws-region=us-west-1
14.668334167083541,0.027620132889556146,aws-region=us-west-1
14.749374687343671,0.027733952941991623,aws-region=us-west-1
14.830415207603801,0.02784711539755425,aws-region=us-west-1
14.911455727863931,0.027959594050328076,aws-region=us-west-1
14.992496248124061,0.02807136354478999,aws-region=us-west-1
15.07353676838419,0.02818239939015499,aws-region=us-west-1
15.15457728864432,0.028292677969512015,aws-region=us-west-1
15.235617808904452,0.028402176543670225,aws-region=us-west-1
15.316658329164582,0.02851087324966283,aws-region=us-west-1
15.397698849424712,0.02861874709390306,aws-region=us-west-1
15.478739369684842,0.028725777940023095,aws-region=us-west-1
15.559779889944972,0.028831946491457358,aws-region=us-west-1
15.640820410205102,0.02893723426888514,aws-region=us-west-1
15.721860930465231,0.029041623582666168,aws-region=us-west-1
15.802901450725361,0.02914509750045418,aws-region=us-west-1
15.883941970985491,0.029247639810202335,aws-region=us-west-1
15.964982491245623,0.029349234978805015,aws-region=us-west-1
16.046023011505753,0.02944986810666291,aws-region=us-west-1
16.12706353176588,0.029549524878476754,aws-region=us-west-1
16.208104052026012,0.029648191510615086,aws-region=us-west-1
16.28914457228614,0.029745854695421747,aws-region=us-west-1
16.370185092546272,0.02984250154285568,aws-region=us-west-1
16.451225612806404,0.029938119519878514,aws-region=us-west-1
16.532266133066532,0.030032696388026397,aws-region=us-west-1
16.613306653326664,0.030126220139617067,aws-region=us-west-1
16.69434717358679,0.03021867893306636,aws-region=us-west-1
16.775387693846923,0.030310061027787594,aws-region=us-west-1
16.85642821410705,0.030400354719177833,aws-region=us-west-1
16.937468734367183,0.030489548274176926,aws-region=us-west-1
17.01850925462731,0.030577629867917094,aws-region=us-west-1
17.099549774887443,0.030664587521959955,aws-region=us-west-1
17.180590295147574,0.03075040904463247,aws-region=us-west-1
17.261630815407702,0.030835081973962744,aws-region=us-west-1
17.342671335667834,0.030918593523711183,aws-region=us-west-1
17.423711855927962,0.031000930532987196,aws-region=us-west-1
17.504752376188094,0.031082079419924653,aws-region=us-west-1
17.585792896448222,0.031162026139876547,aws-region=us-west-1
17.666833416708354,0.031240756148577645,aws-region=us-west-1
17.74787393696848,0.03131825437068944,aws-region=us-west-1
17.828914457228613,0.03139450517414163,aws-region=us-west-1
17.909954977488745,0.03146949235063057,aws-region=us-west-1
17.990995497748873,0.03154319910263415,aws-region=us-west-1
18.072036018009005,0.0316156080372533,aws-region=us-west-1
18.153076538269133,0.03168670116716361,aws-region=us-west-1
18.234117058529264,0.03175645991892831,aws-region=us-west-1
18.315157578789393,0.031824865148876114,aws-region=us-west-1
18.396198099049524,0.03189189716671571,aws-region=us-west-1
18.477238619309652,0.03195753576701528,aws-region=us-west-1
18.558279139569784,0.03202176026861709,aws-region=us-west-1
18.639319659829916,0.032084549562034916,aws-region=us-west-1
18.720360180090044,0.032145882164804906,aws-region=us-west-1
18.801400700350175,0.0322057362847326,aws-region=us-west-1
18.882441220610303,0.03226408989091097,aws-region=us-west-1
18.963481740870435,0.03232092079234233,aws-region=us-west-1
19.044522261130563,0.03237620672392849,aws-region=us-west-1
19.125562781390695,0.03242992543955444,aws-region=us-west-1
19.206603301650823,0.03248205481191296,aws-region=us-west-1
19.287643821910955,0.032532572938685195,aws-region=us-west-1
19.368684342171086,0.03258145825461057,aws-region=us-west-1
19.449724862431214,0.0326286896489413,aws-region=us-west-1
19.530765382691346,0.0326742465877054,aws-region=us-west-1
19.611805902951474,0.032718109240162656,aws-region=us-west-1
19.692846423211606,0.03276025860876349,aws-region=us-west-1
19.773886943471734,0.032800676661888864,aws-region=us-west-1
19.854927463731865,0.03283934646858116,aws-region=us-west-1
19.935967983991993,0.03287625233444302,aws-region=us-west-1
20.017008504252125,0.032911379937823566,aws-region=us-west-1
20.098049024512257,0.03294471646537672,aws-region=us-west-1
20.179089544772385,0.03297625074604586,aws-region=us-west-1
20.260130065032516,0.03300597338247647,aws-region=us-west-1
20.341170585292645,0.033033876878852425,aws-region=us-west-1
20.422211105552776,0.033059955764117376,aws-region=us-west-1
20.503251625812904,0.03308420670952607,aws-region=us-west-1
20.584292146073036,0.03310662863946613,aws-region=us-west-1
20.665332666333164,0.0331272228344821,aws-region=us-west-1
20.746373186593296,0.033145993025437234,aws-region=us-west-1
20.827413706853427,0.03316294547776514,aws-region=us-west-1
20.908454227113555,0.0331780890647739,aws-region=us-west-1
20.989494747373687,0.03319143532899352,aws-region=us-west-1
21.070535267633815,0.033202998530599645,aws-region=us-west-1
21.151575787893947,0.03321279568198084,aws-region=us-west-1
21.232616308154075,0.033220846567564834,aws-region=us-west-1
21.313656828414207,0.033227173748089076,aws-region=us-west-1
21.394697348674335,0.03323180254856308,aws-region=us-west-1
21.475737868934466,0.03323476102923726,aws-region=us-west-1
21.556778389194598,0.033236079938991255,aws-region=us-west-1
21.637818909454726,0.03323579265063299,aws-region=us-west-1
21.718859429714858,0.03323393507769884,aws-region=us-west-1
21.799899949974986,0.03323054557245879,aws-region=us-west-1
21.880940470235117,0.03322566480492388,aws-region=us-west-1
21.961980990495245,0.03321933562278892,aws-region=us-west-1
22.043021510755377,0.03321160289234519,aws-region=us-west-1
22.124062031015505,0.033202513320532874,aws-region=us-west-1
22.205102551275637,0.03319211525842738,aws-region=us-west-1
22.28614307153577,0.03318045848658968,aws-region=us-west-1
22.367183591795897,0.033167593982824296,aws-region=us-west-1
22.448224112056028,0.033153573673046874,aws-region=us-west-1
22.529264632316156,0.03313845016606885,aws-region=us-west-1
22.610305152576288,0.03312227647325639,aws-region=us-west-1
22.691345672836416,0.033105105714133054,aws-region=us-west-1
22.772386193096548,0.03308699080913252,aws-region=us-west-1
22.853426713356676,0.03306798416081247,aws-region=us-west-1
22.934467233616807,0.03304813732497081,aws-region=us-west-1
23.01550775387694,0.03302750067319856,aws-region=us-west-1
23.096548274137067,0.0330061230485076,aws-region=us-west-1
23.1775887943972,0.032984051415766866,aws-region=us-west-1
23.258629314657327,0.032961330508760774,aws-region=us-west-1
23.33966983491746,0.032938002475744396,aws-region=us-west-1
23.420710355177587,0.032914106525455206,aws-region=us-west-1
23.50175087543772,0.0328896785755644,aws-region=us-west-1
23.582791395697846,0.032864750905607754,aws-region=us-west-1
23.663831915957978,0.03283935181645258,aws-region=us-west-1
23.74487243621811,0.032813505298372764,aws-region=us-west-1
23.825912956478238,0.03278723070980941,aws-region=us-west-1
23.90695347673837,0.03276054246886665,aws-region=us-west-1
23.987993996998497,0.03273344975958495,aws-region=us-west-1
24.06903451725863,0.03270595625498274,aws-region=us-west-1
24.150075037518757,0.03267805985880587,aws-region=us-west-1
24.23111555777889,0.03264975246786811,aws-region=us-west-1
24.312156078039017,0.032621019756776226,aws-region=us-west-1
24.39319659829915,0.03259184098675754,aws-region=us-west-1
24.47423711855928,0.032562188840195926,aws-region=us-west-1
24.55527763881941,0.03253202928237951,aws-region=us-west-1
24.63631815907954,0.03250132145183701,aws-region=us-west-1
24.717358679339668,0.0324700175805126,aws-region=us-west-1
24.7983991995998,0.03243806294488975,aws-region=us-west-1
24.879439719859928,0.03240539584902491,aws-region=us-west-1
24.96048024012006,0.032371947640303246,aws-region=us-west-1
25.041520760380187,0.032337642758568604,aws-region=us-west-1
25.12256128064032,0.03230239881911063,aws-region=us-west-1
25.20360180090045,0.03226612672983543,aws-region=us-west-1
25.28464232116058,0.0322287308427634,aws-region=us-west-1
25.36568284142071,0.03219010913983402,aws-region=us-west-1
25.44672336168084,0.032150153452822905,aws-region=us-west-1
25.52776388194097,0.03210874971699846,aws-region=us-west-1
25.6088044022011,0.0320657782579822,aws-region=us-west-1
25.68984492246123,0.032021114111096656,aws-region=us-west-1
25.770885442721358,0.031974627372325225,aws-region=us-west-1
25.85192596298149,0.031926183579842976,aws-region=us-west-1
25.93296648324162,0.031875644124918764,aws-region=us-west-1
26.01400700350175,0.03182286669082995,aws-region=us-west-1
26.09504752376188,0.03176770571829225,aws-region=us-west-1
26.17608804402201,0.03171001289576133,aws-region=us-west-1
26.25712856428214,0.031649637672827684,aws-region=us-west-1
26.33816908454227,0.031586427794806096,aws-region=us-west-1
26.4192096048024,0.03152022985649268,aws-region=us-west-1
26.50025012506253,0.03145088987297236,aws-region=us-west-1
26.58129064532266,0.03137825386523753,aws-region=us-west-1
26.66233116558279,0.031302168458309805,aws-region=us-west-1
26.74337168584292,0.0312224814894631,aws-region=us-west-1
26.82441220610305,0.031139042624084005,aws-region=us-west-1
26.90545272636318,0.031051703976643943,aws-region=us-west-1
26.98649324662331,0.03096032073421407,aws-region=us-west-1
27.06753376688344,0.030864751779911104,aws-region=us-west-1
27.14857428714357,0.03076486031363962,aws-region=us-west-1
27.2296148074037,0.030660514467486806,aws-region=us-west-1
27.31065532766383,0.030551587913111543,aws-region=us-west-1
27.39169584792396,0.030437960458494017,aws-region=us-west-1
27.47273636818409,0.03031951863141524,aws-region=us-west-1
27.553776888444222,0.030196156247081298,aws-region=us-west-1
27.63481740870435,0.03006777495734648,aws-region=us-west-1
27.715857928964482,0.029934284779034266,aws-region=us-west-1
27.79689844922461,0.02979560459894178,aws-region=us-west-1
27.87793896948474,0.02965166265316804,aws-region=us-west-1
27.95897948974487,0.029502396978510276,aws-region=us-west-1
28.040020010005,0.02934775583376243,aws-region=us-west-1
28.12106053026513,0.029187698088867106,aws-region=us-west-1
28.20210105052526,0.029022193579983622,aws-region=us-west-1
28.283141570785393,0.028851223428670376,aws-region=us-west-1
28.36418209104552,0.02867478032351659,aws-region=us-west-1
28.445222611305653,0.028492868762706187,aws-region=us-west-1
28.52626313156578,0.028305505256156382,aws-region=us-west-1
28.607303651825912,0.02811271848603169,aws-region=us-west-1
28.68834417208604,0.027914549424611725,aws-region=us-west-1
28.769384692346172,0.027711051408669054,aws-region=us-west-1
28.8504252126063,0.027502290169696093,aws-region=us-west-1
28.93146573286643,0.027288343819506847,aws-region=us-west-1
29.012506253126563,0.027069302790943897,aws-region=us-west-1
29.09354677338669,0.026845269733603606,aws-region=us-west-1
29.174587293646823,0.02661635936470618,aws-region=us-west-1
29.25562781390695,0.02638269827542961,aws-region=us-west-1
29.336668334167083,0.02614442469323323,aws-region=us-west-1
29.41770885442721,0.025901688200892732,aws-region=us-west-1
29.498749374687343,0.02565464941317668,aws-region=us-west-1
29.57978989494747,0.02540347961228312,aws-region=us-west-1
29.660830415207602,0.0251483603433517,aws-region=us-west-1
29.741870935467734,0.024889482971553824,aws-region=us-west-1
29.822911455727862,0.024627048202447745,aws-region=us-west-1
29.903951975987994,0.02436126556745487,aws-region=us-west-1
29.984992496248122,0.024092352876486957,aws-region=us-west-1
30.066033016508253,0.02382053563990245,aws-region=us-west-1
30.14707353676838,0.023546046462126075,aws-region=us-west-1
30.228114057028513,0.023269124409393546,aws-region=us-west-1
30.30915457728864,0.022990014354210143,aws-region=us-west-1
30.390195097548773,0.02270896629922233,aws-region=us-west-1
30.471235617808905,0.022426234683296242,aws-region=us-west-1
30.552276138069033,0.02214207767267868,aws-region=us-west-1
30.633316658329164,0.021856756440185213,aws-region=us-west-1
30.714357178589292,0.021570534435411046,aws-region=us-west-1
30.795397698849424,0.021283676648991782,aws-region=us-west-1
30.876438219109552,0.02099644887396839,aws-region=us-west-1
30.957478739369684,0.020709116967306998,aws-region=us-west-1
31.038519259629812,0.0204219461146157,aws-region=us-west-1
31.119559779889943,0.02013520010106521,aws-region=us-west-1
31.200600300150075,0.019849140591488484,aws-region=us-west-1
31.281640820410203,0.01956402642255373,aws-region=us-west-1
31.362681340670335,0.019280112909849125,aws-region=us-west-1
31.443721860930463,0.018997651172612238,aws-region=us-west-1
31.524762381190595,0.018716887478738942,aws-region=us-west-1
31.605802901450723,0.018438062612589033,aws-region=us-west-1
31.686843421710854,0.018161411267969836,aws-region=us-west-1
31.767883941970982,0.017887161468542637,aws-region=us-west-1
31.848924462231114,0.017615534017737224,aws-region=us-west-1
31.929964982491246,0.01734674198010391,aws-region=us-west-1
32.011005502751374,0.017080990195854552,aws-region=us-west-1
32.092046023011505,0.016818474830170155,aws-region=us-west-1
32.17308654327164,0.01655938295866387,aws-region=us-west-1
32.25412706353176,0.01630389219020176,aws-region=us-west-1
32.33516758379189,0.01605217032808706,aws-region=us-west-1
32.416208104052025,0.015804375070417077,aws-region=us-west-1
32.49724862431216,0.015560653750229117,aws-region=us-west-1
32.57828914457228,0.015321143115845108,aws-region=us-west-1
32.65932966483241,0.015085969151638769,aws-region=us-west-1
32.740370185092544,0.014855246939243937,aws-region=us-west-1
32.821410705352676,0.014629080559039925,aws-region=us-west-1
32.90245122561281,0.01440756303155898,aws-region=us-west-1
32.98349174587293,0.014190776298279816,aws-region=us-west-1
33.064532266133064,0.013978791241099447,aws-region=us-west-1
33.145572786393195,0.013771667739602322,aws-region=us-west-1
33.22661330665333,0.013569454765095176,aws-region=us-west-1
33.30765382691345,0.01337219051021411,aws-region=us-west-1
33.38869434717358,0.01317990255278233,aws-region=us-west-1
33.469734867433715,0.012992608052455305,aws-region=us-west-1
33.55077538769385,0.012810313978576507,aws-region=us-west-1
33.63181590795398,0.012633017367554981,aws-region=us-west-1
33.7128564282141,0.012460705607980843,aws-region=us-west-1
33.793896948474234,0.012293356751604175,aws-region=us-west-1
33.874937468734366,0.012130939848235493,aws-region=us-west-1
33.9559779889945,0.011973415302557272,aws-region=us-west-1
34.03701850925462,0.011820735250788961,aws-region=us-west-1
34.118059029514754,0.01167284395511007,aws-region=us-west-1
34.199099549774886,0.011529678213716902,aws-region=us-west-1
34.28014007003502,0.011391167784376691,aws-region=us-west-1
34.36118059029515,0.011257235819335689,aws-region=us-west-1
34.44222111055527,0.011127799309448107,aws-region=us-west-1
34.523261630815405,0.011002769535410692,aws-region=us-west-1
34.60430215107554,0.010882052524012743,aws-region=us-west-1
34.68534267133567,0.010765549507354881,aws-region=us-west-1
34.76638319159579,0.010653157383032831,aws-region=us-west-1
34.847423711855924,0.010544769173341382,aws-region=us-west-1
34.928464232116056,0.010440274481616768,aws-region=us-west-1
35.00950475237619,0.010339559943909832,aws-region=us-west-1
35.09054527263632,0.01024250967425893,aws-region=us-west-1
35.171585792896444,0.01014900570192004,aws-region=us-west-1
35.252626313156576,0.010058928399000668,aws-region=us-west-1
35.33366683341671,0.009972156897042884,aws-region=us-west-1
35.41470735367684,0.009888569491199324,aws-region=us-west-1
35.49574787393696,0.009808044030754307,aws-region=us-west-1
35.576788394197095,0.009730458294846795,aws-region=us-west-1
35.65782891445723,0.009655690352365898,aws-region=us-west-1
35.73886943471736,0.009583618905098,aws-region=us-west-1
35.81990995497749,0.009514123613323235,aws-region=us-west-1
35.900950475237615,0.00944708540316857,aws-region=us-west-1
35.981990995497746,0.009382386755142587,aws-region=us-west-1
36.06303151575788,0.009319911973387843,aws-region=us-west-1
36.14407203601801,0.009259547435300938,aws-region=us-west-1
36.225112556278134,0.00920118182128011,aws-region=us-west-1
36.306153076538266,0.00914470632446872,aws-region=us-west-1
36.3871935967984,0.009090014840466945,aws-region=us-west-1
36.46823411705853,0.009037004137090058,aws-region=us-west-1
36.54927463731866,0.008985574004342635,aws-region=us-west-1
36.630315157578785,0.00893562738488039,aws-region=us-west-1
36.71135567783892,0.008887070485314287,aws-region=us-west-1
36.79239619809905,0.008839812868798156,aws-region=us-west-1
36.87343671835918,0.008793767529420567,aws-region=us-west-1
36.954477238619305,0.00874885094899276,aws-region=us-west-1
37.035517758879436,0.008704983136894875,aws-region=us-west-1
37.11655827913957,0.008662087653699822,aws-region=us-west-1
37.1975987993997,0.008620091619351816,aws-region=us-west-1
37.27863931965983,0.008578925706724947,aws-region=us-west-1
37.359679839919956,0.00853852412142493,aws-region=us-west-1
37.44072036018009,0.008498824568737653,aws-region=us-west-1
37.52176088044022,0.008459768208650808,aws-region=us-west-1
37.60280140070035,0.008421299599901242,aws-region=us-west-1
37.683841920960475,0.008383366634009976,aws-region=us-west-1
37.76488244122061,0.008345920460281138,aws-region=us-west-1
37.84592296148074,0.008308915402737163,aws-region=us-west-1
37.92696348174087,0.008272308869961107,aws-region=us-west-1
38.008004002001,0.008236061258806767,aws-region=us-west-1
38.089044522261126,0.008200135852917479,aws-region=us-west-1
38.17008504252126,0.008164498716976597,aws-region=us-west-1
38.25112556278139,0.008129118587582416,aws-region=us-west-1
38.33216608304152,0.008093966761608876,aws-region=us-west-1
38.413206603301646,0.008059016982877889,aws-region=us-west-1
38.49424712356178,0.008024245327926128,aws-region=us-west-1
38.57528764382191,0.007989630091606545,aws-region=us-west-1
38.65632816408204,0.007955151673215713,aws-region=us-west-1
38.73736868434217,0.007920792463787633,aws-region=us-west-1
38.8184092046023,0.00788653673514259,aws-region=us-west-1
38.89944972486243,0.00785237053122207,aws-region=us-west-1
38.98049024512256,0.007818281562187971,aws-region=us-west-1
39.06153076538269,0.007784259101703222,aws-region=us-west-1
39.142571285642816,0.007750293887755625,aws-region=us-west-1
39.22361180590295,0.007716378027327539,aws-region=us-west-1
39.30465232616308,0.007682504905157752,aws-region=us-west-1
39.38569284642321,0.007648669096783015,aws-region=us-west-1
39.46673336668334,0.007614866285995263,aws-region=us-west-1
39.54777388694347,0.0075810931867930295,aws-region=us-west-1
39.6288144072036,0.00754734746985777,aws-region=us-west-1
39.70985492746373,0.00751362769353436,aws-region=us-west-1
39.79089544772386,0.0074799332392516535,aws-region=us-west-1
39.87193596798399,0.007446264251273935,aws-region=us-west-1
39.95297648824412,0.007412621580636588,aws-region=us-west-1
40.03401700850425,0.007379006733083187,aws-region=us-west-1
40.11505752876438,0.007345421820789138,aws-region=us-west-1
40.19609804902451,0.0073118695176307485,aws-region=us-west-1
40.27713856928464,0.007278353017733385,aws-region=us-west-1
40.35817908954477,0.007244875997015228,aws-region=us-west-1
40.4392196098049,0.007211442577427665,aws-region=us-west-1
40.52026013006503,0.007178057293582172,aws-region=us-west-1
40.60130065032516,0.007144725061449935,aws-region=us-west-1
40.68234117058529,0.007111451148815647,aws-region=us-west-1
40.76338169084542,0.007078241147172072,aws-region=us-west-1
40.84442221110555,0.00704510094474718,aws-region=us-west-1
40.925462731365684,0.007012036700365783,aws-region=us-west-1
41.00650325162581,0.006979054817862469,aws-region=us-west-1
41.08754377188594,0.0069461619207787295,aws-region=us-west-1
41.16858429214607,0.006913364827098696,aws-region=us-west-1
41.2496248124062,0.0068806705238008544,aws-region=us-west-1
41.33066533266633,0.006848086141027635,aws-region=us-west-1
41.41170585292646,0.006815618925704781,aws-region=us-west-1
41.49274637318659,0.006783276214469827,aws-region=us-west-1
41.57378689344672,0.006751065405801114,aws-region=us-west-1
41.654827413706855,0.006718993931271321,aws-region=us-west-1
41.73586793396698,0.0066870692258794205,aws-region=us-west-1
41.81690845422711,0.006655298697452164,aws-region=us-west-1
41.89794897448724,0.006623689695133894,aws-region=us-west-1
41.978989494747374,0.00659224947701935,aws-region=us-west-1
42.0600300150075,0.006560985177013746,aws-region=us-west-1
42.14107053526763,0.006529903771033214,aws-region=us-west-1
42.22211105552776,0.006499012042688834,aws-region=us-west-1
42.30315157578789,0.006468316548622158,aws-region=us-west-1
42.384192096048025,0.006437823583684541,aws-region=us-west-1
42.46523261630815,0.006407539146173133,aws-region=us-west-1
42.54627313656828,0.006377468903356147,aws-region=us-west-1
42.62731365682841,0.006347618157533243,aws-region=us-west-1
42.708354177088545,0.006317991812891706,aws-region=us-west-1
42.78939469734867,0.006288594343424563,aws-region=us-west-1
42.8704352176088,0.006259429762185371,aws-region=us-west-1
42.95147573786893,0.0062305015921531835,aws-region=us-west-1
43.032516258129064,0.006201812838980742,aws-region=us-west-1
43.113556778389196,0.006173365965893792,aws-region=us-west-1
43.19459729864932,0.006145162870998703,aws-region=us-west-1
43.27563781890945,0.0061172048672446695,aws-region=us-west-1
43.356678339169584,0.006089492665270157,aws-region=us-west-1
43.437718859429715,0.006062026359344407,aws-region=us-west-1
43.51875937968984,0.006034805416593369,aws-region=us-west-1
43.59979989994997,0.006007828669673329,aws-region=us-west-1
43.6808404202101,0.005981094313031383,aws-region=us-west-1
43.761880940470235,0.005954599902859201,aws-region=us-west-1
43.842921460730366,0.0059283423608183705,aws-region=us-west-1
43.92396198099049,0.0059023179815815285,aws-region=us-west-1
44.00500250125062,0.005876522444201372,aws-region=us-west-1
44.086043021510754,0.005850950827283385,aws-region=us-west-1
44.167083541770886,0.005825597627906008,aws-region=us-west-1
44.24812406203101,0.005800456784195089,aws-region=us-west-1
44.32916458229114,0.005775521701427243,aws-region=us-west-1
44.410205102551274,0.005750785281502306,aws-region=us-west-1
44.491245622811405,0.00572623995559352,aws-region=us-west-1
44.57228614307154,0.0057018777197533855,aws-region=us-west-1
44.65332666333166,0.005677690173225,aws-region=us-west-1
44.73436718359179,0.005653668559182117,aws-region=us-west-1
44.815407703851925,0.0056298038075966415,aws-region=us-west-1
44.896448224112056,0.005606086579913606,aws-region=us-west-1
44.97748874437218,0.005582507315192805,aws-region=us-west-1
45.05852926463231,0.0055590562773644575,aws-region=us-west-1
45.139569784892444,0.005535723603233214,aws-region=us-west-1
45.220610305152576,0.00551249935085822,aws-region=us-west-1
45.30165082541271,0.005489373547933204,aws-region=us-west-1
45.38269134567283,0.005466336239789042,aws-region=us-west-1
45.463731865932964,0.005443377536647146,aws-region=us-west-1
45.544772386193095,0.005420487659756548,aws-region=us-west-1
45.62581290645323,0.005397656986060609,aws-region=us-west-1
45.70685342671335,0.005374876091052505,aws-region=us-west-1
45.78789394697348,0.005352135789496294,aws-region=us-west-1
45.868934467233615,0.00532942717371171,aws-region=us-west-1
45.949974987493746,0.005306741649143971,aws-region=us-west-1
46.03101550775388,0.005284070966966976,aws-region=us-west-1
46.112056028014,0.005261407253495853,aws-region=us-west-1
46.193096548274134,0.005238743036216798,aws-region=us-west-1
46.274137068534266,0.005216071266274029,aws-region=us-west-1
46.3551775887944,0.005193385337287468,aws-region=us-west-1
46.43621810905452,0.005170679100409775,aws-region=us-west-1
46.517258629314654,0.005147946875566984,aws-region=us-west-1
46.598299149574785,0.005125183458862317,aws-region=us-west-1
46.67933966983492,0.00510238412615899,aws-region=us-west-1
46.76038019009505,0.00507954463289166,aws-region=us-west-1
46.84142071035517,0.005056661210192586,aws-region=us-west-1
46.922461230615305,0.005033730557448595,aws-region=us-west-1
47.00350175087544,0.005010749831439798,aws-region=us-west-1
47.08454227113557,0.004987716632237511,aws-region=us-west-1
47.16558279139569,0.0049646289860686334,aws-region=us-west-1
47.246623311655824,0.004941485325377516,aws-region=us-west-1
47.327663831915956,0.004918284466339328,aws-region=us-west-1
47.40870435217609,0.004895025584098451,aws-region=us-west-1
47.48974487243622,0.004871708186022096,aws-region=us-west-1
47.570785392696344,0.004848332083272883,aws-region=us-west-1
47.651825912956475,0.004824897361014531,aws-region=us-west-1
47.73286643321661,0.004801404347571633,aws-region=us-west-1
47.81390695347674,0.004777853582868381,aws-region=us-west-1
47.89494747373686,0.004754245786472069,aws-region=us-west-1
47.975987993996995,0.00473058182556396,aws-region=us-west-1
48.05702851425713,0.004706862683154174,aws-region=us-west-1
48.13806903451726,0.004683089426849607,aws-region=us-west-1
48.21910955477739,0.004659263178470932,aws-region=us-west-1
48.300150075037514,0.004635385084800866,aws-region=us-west-1
48.381190595297646,0.004611456289730173,aws-region=us-west-1
48.46223111555778,0.00458747790804663,aws-region=us-west-1
48.54327163581791,0.004563451001094123,aws-region=us-west-1
48.624312156078034,0.004539376554503166,aws-region=us-west-1
48.705352676338165,0.004515255458172992,aws-region=us-west-1
48.7863931965983,0.0044910884886575474,aws-region=us-west-1
48.86743371685843,0.004466876294083101,aws-region=us-west-1
48.94847423711856,0.004442619381697428,aws-region=us-west-1
49.029514757378685,0.004418318108123986,aws-region=us-west-1
49.11055527763882,0.004393972672366513,aws-region=us-west-1
49.19159579789895,0.004369583111583593,aws-region=us-west-1
49.27263631815908,0.004345149299625142,aws-region=us-west-1
49.353676838419204,0.004320670948297984,aws-region=us-west-1
49.434717358679336,0.004296147611302136,aws-region=us-west-1
49.51575787893947,0.004271578690756881,aws-region=us-west-1
49.5967983991996,0.004246963446212469,aws-region=us-west-1
49.67783891945973,0.004222301006023684,aws-region=us-west-1
49.758879439719855,0.004197590380941683,aws-region=us-west-1
49.83991995997999,0.0041728304797649055,aws-region=us-west-1
49.92096048024012,0.00414802012687322,aws-region=us-west-1
50.00200100050025,0.00412315808145734,aws-region=us-west-1
50.083041520760375,0.004098243058244754,aws-region=us-west-1
50.16408204102051,0.0040732737495138985,aws-region=us-west-1
50.24512256128064,0.00404824884818207,aws-region=us-west-1
50.32616308154077,0.004023167071747901,aws-region=us-west-1
50.4072036018009,0.003998027186866458,aws-region=us-west-1
50.488244122061026,0.003972828034334699,aws-region=us-west-1
50.56928464232116,0.003947568554266357,aws-region=us-west-1
50.65032516258129,0.003922247811238563,aws-region=us-west-1
50.73136568284142,0.0038968650191975795,aws-region=us-west-1
50.812406203101546,0.003871419565917282,aws-region=us-west-1
50.89344672336168,0.0038459110368128397,aws-region=us-west-1
50.97448724362181,0.003820339237920749,aws-region=us-west-1
51.05552776388194,0.0037947042178676548,aws-region=us-west-1
51.13656828414207,0.003769006288661672,aws-region=us-west-1
51.2176088044022,0.003743246045153128,aws-region=us-west-1
51.29864932466233,0.003717424383024477,aws-region=us-west-1
51.37968984492246,0.0036915425151839132,aws-region=us-west-1
51.46073036518259,0.003665601986450976,aws-region=us-west-1
51.541770885442716,0.003639604686438068,aws-region=us-west-1
51.62281140570285,0.0036135528605461334,aws-region=us-west-1
51.70385192596298,0.0035874491190085694,aws-region=us-west-1
51.78489244622311,0.003561296443931952,aws-region=us-west-1
51.86593296648324,0.003535098194297152,aws-region=us-west-1
51.94697348674337,0.0035088581088993567,aws-region=us-west-1
52.0280140070035,0.003482580307219025,aws-region=us-west-1
52.10905452726363,0.0034562692882303416,aws-region=us-west-1
52.19009504752376,0.0034299299271662504,aws-region=us-west-1
52.27113556778389,0.0034035674702720233,aws-region=us-west-1
52.35217608804402,0.0033771875275911273,aws-region=us-west-1
52.43321660830415,0.0033507960638384233,aws-region=us-west-1
52.51425712856428,0.003324399387426144,aws-region=us-west-1
52.595297648824406,0.003298004137717292,aws-region=us-west-1
52.67633816908454,0.0032716172705906515,aws-region=us-west-1
52.75737868934467,0.003245246042409024,aws-region=us-west-1
52.8384192096048,0.0032188979924895377,aws-region=us-west-1
52.91945972986493,0.0031925809241814315,aws-region=us-west-1
53.00050025012506,0.0031663028846619055,aws-region=us-west-1
53.08154077038519,0.0031400721435654606,aws-region=us-west-1
53.16258129064532,0.003113897170566076,aws-region=us-west-1
53.24362181090545,0.0030877866120344244,aws-region=us-west-1
53.32466233116558,0.003061749266894778,aws-region=us-west-1
53.40570285142571,0.0030357940618080093,aws-region=us-west-1
53.48674337168584,0.0030099300258074565,aws-region=us-west-1
53.56778389194597,0.002984166264515082,aws-region=us-west-1
53.6488244122061,0.00295851193406475,aws-region=us-west-1
53.72986493246623,0.002932976214857978,aws-region=us-west-1
53.81090545272636,0.0029075682852764293,aws-region=us-west-1
53.89194597298649,0.0028822972954725325,aws-region=us-west-1
53.97298649324662,0.002857172341357285,aws-region=us-west-1
54.05402701350675,0.0028322024389004982,aws-region=us-west-1
54.13506753376688,0.002807396498855558,aws-region=us-west-1
54.21610805402701,0.0027827633020159285,aws-region=us-west-1
54.29714857428714,0.002758311475106467,aws-region=us-west-1
54.378189094547274,0.002734049467407232,aws-region=us-west-1
54.4592296148074,0.0027099855282023875,aws-region=us-west-1
54.54027013506753,0.0026861276851409223,aws-region=us-west-1
54.62131065532766,0.0026624837235901247,aws-region=us-west-1
54.70235117558779,0.0026390611670559284,aws-region=us-west-1
54.78339169584792,0.0026158672587388862,aws-region=us-west-1
54.86443221610805,0.0025929089442864087,aws-region=us-west-1
54.94547273636818,0.002570192855796305,aws-region=us-west-1
55.02651325662831,0.0025477252971189404,aws-region=us-west-1
55.107553776888444,0.0025255122304982647,aws-region=us-west-1
55.18859429714857,0.0025035592645851305,aws-region=us-west-1
55.2696348174087,0.0024818716438485713,aws-region=us-west-1
55.35067533766883,0.002460454239403749,aws-region=us-west-1
55.431715857928964,0.0024393115412677992,aws-region=us-west-1
55.51275637818909,0.002418447652047725,aws-region=us-west-1
55.59379689844922,0.002397866282056999,aws-region=us-west-1
55.67483741870935,0.002377570745850791,aws-region=us-west-1
55.75587793896948,0.0023575639601624244,aws-region=us-west-1
55.836918459229615,0.002337848443217144,aws-region=us-west-1
55.91795897948974,0.002318426315392339,aws-region=us-west-1
55.99899949974987,0.002299299301187291,aws-region=us-west-1
56.08004002001,0.0022804687324590256,aws-region=us-west-1
56.161080540270135,0.0022619355528752647,aws-region=us-west-1
56.24212106053026,0.0022437003235296353,aws-region=us-west-1
56.32316158079039,0.002225763229659458,aws-region=us-west-1
56.40420210105052,0.0022081240884010444,aws-region=us-west-1
56.485242621310654,0.0021907823575137075,aws-region=us-west-1
56.566283141570786,0.0021737371449990083,aws-region=us-west-1
56.64732366183091,0.0021569872195387166,aws-region=us-west-1
56.72836418209104,0.002140531021671803,aws-region=us-west-1
56.80940470235117,0.002124366675628108,aws-region=us-west-1
56.890445222611305,0.002108492001734594,aws-region=us-west-1
56.97148574287143,0.0020929045293085462,aws-region=us-west-1
57.05252626313156,0.0020776015099511777,aws-region=us-west-1
57.13356678339169,0.002062579931155316,aws-region=us-west-1
57.214607303651825,0.002047836530140396,aws-region=us-west-1
57.295647823911956,0.0020333678078299678,aws-region=us-west-1
57.37668834417208,0.0020191700428877973,aws-region=us-west-1
57.45772886443221,0.002005239305731231,aws-region=us-west-1
57.538769384692344,0.001991571472443415,aws-region=us-west-1
57.619809904952476,0.0019781622385092413,aws-region=us-west-1
57.7008504252126,0.0019650071323041784,aws-region=us-west-1
57.78189094547273,0.0019521015282696148,aws-region=us-west-1
57.86293146573286,0.001939440659713802,aws-region=us-west-1
57.943971985992995,0.0019270196311829003,aws-region=us-west-1
58.02501250625313,0.0019148334303531345,aws-region=us-west-1
58.10605302651325,0.001902876939401454,aws-region=us-west-1
58.18709354677338,0.001891144945819248,aws-region=us-west-1
58.268134067033515,0.001879632152640913,aws-region=us-west-1
58.349174587293646,0.0018683331880666567,aws-region=us-west-1
58.43021510755377,0.001857242614466794,aws-region=us-west-1
58.5112556278139,0.0018463549367624531,aws-region=us-west-1
58.592296148074034,0.0018356646101857362,aws-region=us-west-1
58.673336668334166,0.0018251660474301072,aws-region=us-west-1
58.7543771885943,0.0018148536252096017,aws-region=us-west-1
58.83541770885442,0.0018047216902528506,aws-region=us-west-1
58.91645822911455,0.0017947645647652393,aws-region=us-west-1
58.997498749374685,0.0017849765513993066,aws-region=us-west-1
59.07853926963482,0.0017753519377796858,aws-region=us-west-1
59.15957978989494,0.0017658850006350008,aws-region=us-west-1
59.24062031015507,0.0017565700095939025,aws-region=us-west-1
59.321660830415205,0.0017474012307071509,aws-region=us-west-1
59.402701350675336,0.0017383729297611459,aws-region=us-west-1
59.48374187093547,0.0017294793754512937,aws-region=us-west-1
59.56478239119559,0.0017207148424854117,aws-region=us-west-1
59.645822911455724,0.001712073614688432,aws-region=us-west-1
59.726863431715856,0.0017035499881797918,aws-region=us-west-1
59.80790395197599,0.001695138274693942,aws-region=us-west-1
59.88894447223611,0.0016868328051124948,aws-region=us-west-1
59.969984992496244,0.0016786279332736758,aws-region=us-west-1
60.051025512756375,0.0016705180401209603,aws-region=us-west-1
60.13206603301651,0.0016624975382479293,aws-region=us-west-1
60.21310655327664,0.001654560876890698,aws-region=us-west-1
60.29414707353676,0.00164670254741298,aws-region=us-west-1
60.375187593796895,0.0016389170893211964,aws-region=us-west-1
60.456228114057026,0.001631199096839554,aws-region=us-west-1
60.53726863431716,0.0016235432260659755,aws-region=us-west-1
60.61830915457728,0.0016159442027211034,aws-region=us-west-1
60.699349674837414,0.0016083968304927666,aws-region=us-west-1
60.780390195097546,0.0016008959999688093,aws-region=us-west-1
60.86143071535768,0.0015934366981410918,aws-region=us-west-1
60.94247123561781,0.0015860140184533857,aws-region=us-west-1
61.023511755877934,0.0015786231713562978,aws-region=us-west-1
61.104552276138065,0.0015712594953222099,aws-region=us-west-1
61.1855927963982,0.001563918468264097,aws-region=us-west-1
61.26663331665833,0.0015565957192931032,aws-region=us-west-1
61.34767383691845,0.0015492870407411408,aws-region=us-west-1
61.428714357178585,0.001541988400367328,aws-region=us-west-1
61.509754877438716,0.0015346959536599192,aws-region=us-west-1
61.59079539769885,0.0015274060561393096,aws-region=us-west-1
61.67183591795898,0.0015201152755626984,aws-region=us-west-1
61.752876438219104,0.001512820403926592,aws-region=us-west-1
61.833916958479236,0.0015055184691606302,aws-region=us-west-1
61.91495747873937,0.0014982067464040126,aws-region=us-west-1
61.9959979989995,0.0014908827687552689,aws-region=us-west-1
62.077038519259624,0.0014835443373864305,aws-region=us-west-1
62.158079039519755,0.0014761895309144308,aws-region=us-west-1
62.23911955977989,0.0014688167139252021,aws-region=us-west-1
62.32016008004002,0.001461424544550132,aws-region=us-west-1
62.40120060030015,0.0014540119809994436,aws-region=us-west-1
62.482241120560275,0.0014465782869633721,aws-region=us-west-1
62.563281640820406,0.0014391230357991675,aws-region=us-west-1
62.64432216108054,0.0014316461134300763,aws-region=us-west-1
62.72536268134067,0.0014241477198913884,aws-region=us-west-1
62.806403201600794,0.0014166283694685077,aws-region=us-west-1
62.887443721860926,0.001409088889382298,aws-region=us-west-1
62.96848424212106,0.0014015304169879496,aws-region=us-west-1
63.04952476238119,0.0013939543954651066,aws-region=us-west-1
63.13056528264132,0.0013863625679886083,aws-region=us-west-1
63.211605802901445,0.0013787569703812461,aws-region=us-west-1
63.29264632316158,0.0013711399222619061,aws-region=us-west-1
63.37368684342171,0.0013635140167146222,aws-region=us-west-1
63.45472736368184,0.001355882108515685,aws-region=us-west-1
63.535767883941965,0.0013482473009679005,aws-region=us-west-1
63.6168084042021,0.00134061293140205,aws-region=us-west-1
63.69784892446223,0.001332982555416577,aws-region=us-west-1
63.77888944472236,0.0013253599299367235,aws-region=us-west-1
63.85992996498249,0.0013177489951837445,aws-region=us-west-1
63.940970485242616,0.001310153855653991,aws-region=us-west-1
64.02201100550275,0.0013025787602153102,aws-region=us-west-1
64.10305152576288,0.0012950280814356407,aws-region=us-west-1
64.18409204602301,0.0012875062942647323,aws-region=us-west-1
64.26513256628314,0.0012800179541952383,aws-region=us-west-1
64.34617308654327,0.0012725676750336824,aws-region=us-west-1
64.42721360680339,0.0012651601064149122,aws-region=us-west-1
64.50825412706352,0.0012577999111958896,aws-region=us-west-1
64.58929464732365,0.0012504917428656666,aws-region=us-west-1
64.67033516758379,0.0012432402231085018,aws-region=us-west-1
64.75137568784392,0.0012360499196559034,aws-region=us-west-1
64.83241620810405,0.0012289253245615101,aws-region=us-west-1
64.91345672836418,0.0012218708330294426,aws-region=us-west-1
64.99449724862431,0.0012148907229228773,aws-region=us-west-1
65.07553776888444,0.001207989135074515,aws-region=us-west-1
65.15657828914456,0.0012011700545148324,aws-region=us-west-1
65.2376188094047,0.0011944372927271644,aws-region=us-west-1
65.31865932966483,0.0011877944710314483,aws-region=us-west-1
65.39969984992496,0.0011812450051899666,aws-region=us-west-1
65.48074037018509,0.001174792091319794,aws-region=us-west-1
65.56178089044522,0.0011684386931872584,aws-region=us-west-1
65.64282141070535,0.0011621875309496224,aws-region=us-west-1
65.72386193096548,0.0011560410713990993,aws-region=us-west-1
65.80490245122562,0.0011500015197534134,aws-region=us-west-1
65.88594297148573,0.001144070813026322,aws-region=us-west-1
65.96698349174586,0.0011382506150002798,aws-region=us-west-1
66.048024012006,0.0011325423128121816,aws-region=us-west-1
66.12906453226613,0.0011269470151519306,aws-region=us-west-1
66.21010505252626,0.0011214655520622517,aws-region=us-west-1
66.29114557278639,0.0011160984763172088,aws-region=us-west-1
66.37218609304652,0.0011108460663459465,aws-region=us-west-1
66.45322661330665,0.0011057083306577058,aws-region=us-west-1
66.53426713356679,0.0011006850137139637,aws-region=us-west-1
66.6153076538269,0.0010957756031838046,aws-region=us-west-1
66.69634817408703,0.0010909793385095279,aws-region=us-west-1
66.77738869434717,0.0010862952207008052,aws-region=us-west-1
66.8584292146073,0.001081722023267835,aws-region=us-west-1
66.93946973486743,0.0010772583041966967,aws-region=us-west-1
67.02051025512756,0.0010729024188637364,aws-region=us-west-1
67.1015507753877,0.0010686525337800714,aws-region=us-west-1
67.18259129564782,0.001064506641052674,aws-region=us-west-1
67.26363181590796,0.001060462573444703,aws-region=us-west-1
67.34467233616807,0.0010565180199146563,aws-region=us-west-1
67.4257128564282,0.001052670541512251,aws-region=us-west-1
67.50675337668834,0.0010489175875078327,aws-region=us-west-1
67.58779389694847,0.0010452565116321972,aws-region=us-west-1
67.6688344172086,0.001041684588304766,aws-region=us-west-1
67.74987493746873,0.0010381990287301496,aws-region=us-west-1
67.83091545772886,0.0010347969967459875,aws-region=us-west-1
67.911955977989,0.0010314756243090604,aws-region=us-west-1
67.99299649824913,0.0010282320265114324,aws-region=us-west-1
68.07403701850924,0.001025063316024188,aws-region=us-west-1
68.15507753876938,0.0010219666168728462,aws-region=us-west-1
68.23611805902951,0.0010189390774558652,aws-region=us-west-1
68.31715857928964,0.0010159778827258054,aws-region=us-west-1
68.39819909954977,0.0010130802654611754,aws-region=us-west-1
68.4792396198099,0.0010102435165664605,aws-region=us-west-1
68.56028014007003,0.0010074649943473371,aws-region=us-west-1
68.64132066033017,0.001004742132718295,aws-region=us-west-1
68.7223611805903,0.0010020724483101489,aws-region=us-west-1
68.80340170085042,0.000999453546455583,aws-region=us-west-1
68.88444222111055,0.0009968831260414597,aws-region=us-west-1
68.96548274137068,0.000994358983227307,aws-region=us-west-1
69.04652326163081,0.0009918790140398797,aws-region=us-west-1
69.12756378189094,0.0009894412158640618,aws-region=us-west-1
69.20860430215107,0.0009870436878603632,aws-region=us-west-1
69.2896448224112,0.0009846846303488228,aws-region=us-west-1
69.37068534267134,0.000982362343208238,aws-region=us-west-1
69.45172586293147,0.0009800752233481418,aws-region=us-west-1
69.53276638319159,0.0009778217613187021,aws-region=us-west-1
69.61380690345172,0.0009756005371308495,aws-region=us-west-1
69.69484742371185,0.000973410215365032,aws-region=us-west-1
69.77588794397198,0.0009712495396524929,aws-region=us-west-1
69.85692846423211,0.0009691173266172132,aws-region=us-west-1
69.93796898449224,0.0009670124593701382,aws-region=us-west-1
70.01900950475238,0.0009649338806497323,aws-region=us-west-1
70.10005002501251,0.0009628805857041927,aws-region=us-west-1
70.18109054527264,0.0009608516150110241,aws-region=us-west-1
70.26213106553276,0.0009588460469289654,aws-region=us-west-1
70.34317158579289,0.0009568629903754253,aws-region=us-west-1
70.42421210605302,0.0009549015776199585,aws-region=us-west-1
70.50525262631315,0.000952960957280433,aws-region=us-west-1
70.58629314657328,0.0009510402876040256,aws-region=us-west-1
70.66733366683341,0.0009491387301096264,aws-region=us-west-1
70.74837418709355,0.0009472554436618621,aws-region=us-west-1
70.82941470735368,0.0009453895790400412,aws-region=us-west-1
70.91045522761381,0.0009435402740575593,aws-region=us-west-1
70.99149574787393,0.0009417066492791205,aws-region=us-west-1
71.07253626813406,0.0009398878043745277,aws-region=us-west-1
71.15357678839419,0.0009380828151386882,aws-region=us-west-1
71.23461730865432,0.0009362907311983601,aws-region=us-west-1
71.31565782891445,0.0009345105744167083,aws-region=us-west-1
71.39669834917459,0.0009327413379974181,aws-region=us-west-1
71.47773886943472,0.0009309819862808071,aws-region=us-west-1
71.55877938969485,0.0009292314552152895,aws-region=us-west-1
71.63981990995498,0.0009274886534788387,aws-region=us-west-1
71.7208604302151,0.0009257524642166357,aws-region=us-west-1
71.80190095047523,0.0009240217473534125,aws-region=us-west-1
71.88294147073536,0.0009222953424316278,aws-region=us-west-1
71.96398199099549,0.0009205720719202233,aws-region=us-west-1
72.04502251125562,0.0009188507449328141,aws-region=us-west-1
72.12606303151576,0.0009171301612893933,aws-region=us-west-1
72.20710355177589,0.0009154091158514842,aws-region=us-west-1
72.28814407203602,0.0009136864030576721,aws-region=us-west-1
72.36918459229615,0.0009119608215843277,aws-region=us-west-1
72.45022511255627,0.0009102311790551815,aws-region=us-west-1
72.5312656328164,0.0009084962967234223,aws-region=us-west-1
72.61230615307653,0.0009067550140507715,aws-region=us-west-1
72.69334667333666,0.0009050061931100356,aws-region=us-west-1
72.7743871935968,0.0009032487227404273,aws-region=us-west-1
72.85542771385693,0.0009014815223887889,aws-region=us-west-1
72.93646823411706,0.0008997035455745789,aws-region=us-west-1
73.01750875437719,0.0008979137829219872,aws-region=us-west-1
73.09854927463732,0.0008961112647087897,aws-region=us-west-1
73.17958979489744,0.0008942950628886022,aws-region=us-west-1
73.26063031515757,0.0008924642925506595,aws-region=us-west-1
73.3416708354177,0.0008906181127893094,aws-region=us-west-1
73.42271135567783,0.0008887557269639094,aws-region=us-west-1
73.50375187593797,0.0008868763823384793,aws-region=us-west-1
73.5847923961981,0.0008849793690994333,aws-region=us-west-1
73.66583291645823,0.0008830640187587056,aws-region=us-west-1
73.74687343671836,0.000881129701958572,aws-region=us-west-1
73.82791395697849,0.0008791758257032291,aws-region=us-west-1
73.90895447723861,0.00087720183005087,aws-region=us-west-1
73.98999499749874,0.0008752071843081306,aws-region=us-west-1
74.07103551775887,0.0008731913827765708,aws-region=us-west-1
74.152076038019,0.000871153940108085,aws-region=us-west-1
74.23311655827914,0.0008690943863326756,aws-region=us-west-1
74.31415707853927,0.0008670122616279065,aws-region=us-west-1
74.3951975987994,0.0008649071109043835,aws-region=us-west-1
74.47623811905953,0.000862778478285851,aws-region=us-west-1
74.55727863931966,0.0008606259015657364,aws-region=us-west-1
74.63831915957978,0.0008584489067243909,aws-region=us-west-1
74.71935967983991,0.0008562470025925714,aws-region=us-west-1
74.80040020010004,0.0008540196757470956,aws-region=us-west-1
74.88144072036017,0.0008517663857239747,aws-region=us-west-1
74.9624812406203,0.0008494865606326227,aws-region=us-west-1
75.04352176088044,0.0008471795932521065,aws-region=us-west-1
75.12456228114057,0.0008448448376867713,aws-region=us-west-1
75.2056028014007,0.000842481606653982,aws-region=us-west-1
75.28664332166083,0.0008400891694713018,aws-region=us-west-1
75.36768384192095,0.0008376667508040616,aws-region=us-west-1
75.44872436218108,0.0008352135302272698,aws-region=us-west-1
75.52976488244121,0.0008327286426479572,aws-region=us-west-1
75.61080540270135,0.0008302111796257004,aws-region=us-west-1
75.69184592296148,0.0008276601916200587,aws-region=us-west-1
75.77288644322161,0.0008250746911843353,aws-region=us-west-1
75.85392696348174,0.0008224536571151793,aws-region=us-west-1
75.93496748374187,0.000819796039557718,aws-region=us-west-1
76.016008004002,0.000817100766055516,aws-region=us-west-1
76.09704852426212,0.0008143667485246188,aws-region=us-west-1
76.17808904452225,0.0008115928911205756,aws-region=us-west-1
76.25912956478238,0.0008087780989574776,aws-region=us-west-1
76.34017008504252,0.0008059212876280705,aws-region=us-west-1
76.42121060530265,0.000803021393464684,aws-region=us-west-1
76.50225112556278,0.0008000773844716809,aws-region=us-west-1
76.58329164582291,0.0007970882718515951,aws-region=us-west-1
76.66433216608304,0.000794053122039342,aws-region=us-west-1
76.74537268634317,0.0007909710691516807,aws-region=us-west-1
76.82641320660329,0.0007878413277526773,aws-region=us-west-1
76.90745372686342,0.000784663205830402,aws-region=us-west-1
76.98849424712355,0.0007814361178753642,aws-region=us-west-1
77.06953476738369,0.0007781595979474922,aws-region=us-west-1
77.15057528764382,0.0007748333126156566,aws-region=us-west-1
77.23161580790395,0.0007714570736520538,aws-region=us-west-1
77.31265632816408,0.0007680308503630175,aws-region=us-west-1
77.39369684842421,0.0007645547814382069,aws-region=us-west-1
77.47473736868434,0.0007610291862015087,aws-region=us-west-1
77.55577788894446,0.0007574545751494903,aws-region=us-west-1
77.6368184092046,0.0007538316596667385,aws-region=us-west-1
77.71785892946473,0.000750161360811936,aws-region=us-west-1
77.79889944972486,0.0007464448170740986,aws-region=us-west-1
77.87993996998499,0.0007426833910048109,aws-region=us-west-1
77.96098049024512,0.0007388786746397512,aws-region=us-west-1
78.04202101050525,0.0007350324936309357,aws-region=us-west-1
78.12306153076538,0.0007311469100202061,aws-region=us-west-1
78.20410205102552,0.0007272242235941183,aws-region=us-west-1
78.28514257128563,0.0007232669717708227,aws-region=us-west-1
78.36618309154576,0.0007192779279803612,aws-region=us-west-1
78.4472236118059,0.0007152600985111854,aws-region=us-west-1
78.52826413206603,0.0007112167178074709,aws-region=us-west-1
78.60930465232616,0.000707151242213739,aws-region=us-west-1
78.69034517258629,0.0007030673421754876,aws-region=us-west-1
78.77138569284642,0.0006989688929167718,aws-region=us-west-1
78.85242621310655,0.0006948599636278786,aws-region=us-west-1
78.93346673336669,0.0006907448052082403,aws-region=us-west-1
79.0145072536268,0.0006866278366215724,aws-region=us-west-1
79.09554777388693,0.0006825136299316606,aws-region=us-west-1
79.17658829414707,0.0006784068940982204,aws-region=us-west-1
79.2576288144072,0.0006743124576226671,aws-region=us-west-1
79.33866933466733,0.0006702352501434504,aws-region=us-west-1
79.41970985492746,0.0006661802830897183,aws-region=us-west-1
79.5007503751876,0.0006621526295101994,aws-region=us-west-1
79.58179089544772,0.000658157403201685,aws-region=us-west-1
79.66283141570786,0.0006541997372677772,aws-region=us-west-1
79.74387193596797,0.0006502847622439883,aws-region=us-west-1
79.8249124562281,0.0006464175839295146,aws-region=us-west-1
79.90595297648824,0.0006426032610692368,aws-region=us-west-1
79.98699349674837,0.0006388467830314577,aws-region=us-west-1
80.0680340170085,0.0006351530476277242,aws-region=us-west-1
80.14907453726863,0.000631526839220782,aws-region=us-west-1
80.23011505752876,0.0006279728072650973,aws-region=us-west-1
80.3111555777889,0.0006244954454217242,aws-region=us-west-1
80.39219609804903,0.0006210990713853393,aws-region=us-west-1
80.47323661830914,0.0006177878075563384,aws-region=us-west-1
80.55427713856928,0.0006145655626847224,aws-region=us-west-1
80.63531765882941,0.0006114360146053996,aws-region=us-west-1
80.71635817908954,0.0006084025941764034,aws-region=us-west-1
80.79739869934967,0.0006054684705225611,aws-region=us-west-1
80.8784392196098,0.0006026365376772548,aws-region=us-west-1
80.95947973986993,0.0005999094027043918,aws-region=us-west-1
81.04052026013007,0.0005972893753715035,aws-region=us-west-1
81.1215607803902,0.0005947784594331143,aws-region=us-west-1
81.20260130065031,0.0005923783455713488,aws-region=us-west-1
81.28364182091045,0.0005900904060282824,aws-region=us-west-1
81.36468234117058,0.0005879156909517669,aws-region=us-west-1
81.44572286143071,0.0005858549264636765,aws-region=us-west-1
81.52676338169084,0.0005839085144467345,aws-region=us-west-1
81.60780390195097,0.0005820765340333878,aws-region=us-west-1
81.6888444222111,0.0005803587447677878,aws-region=us-west-1
81.76988494247124,0.0005787545913998549,aws-region=us-west-1
81.85092546273137,0.000577263210258819,aws-region=us-west-1
81.93196598299149,0.0005758834371425146,aws-region=us-west-1
82.01300650325162,0.0005746138166483996,aws-region=us-west-1
82.09404702351175,0.0005734526128624816,aws-region=us-west-1
82.17508754377188,0.0005723978213136331,aws-region=us-west-1
82.25612806403201,0.000571447182092699,aws-region=us-west-1
82.33716858429214,0.0005705981940288752,aws-region=us-west-1
82.41820910455228,0.0005698481298098219,aws-region=us-west-1
82.4992496248124,0.0005691940519269855,aws-region=us-west-1
82.58029014507254,0.0005686328293237948,aws-region=us-west-1
82.66133066533266,0.000568161154621527,aws-region=us-west-1
82.74237118559279,0.0005677755617960223,aws-region=us-west-1
82.82341170585292,0.0005674724441778207,aws-region=us-west-1
82.90445222611305,0.0005672480726487903,aws-region=us-west-1
82.98549274637318,0.0005670986139098972,aws-region=us-west-1
83.06653326663331,0.0005670201486973835,aws-region=us-west-1
83.14757378689345,0.0005670086898281806,aws-region=us-west-1
83.22861430715358,0.0005670601999599299,aws-region=us-west-1
83.30965482741371,0.00056717060895638,aws-region=us-west-1
83.39069534767383,0.0005673358307551237,aws-region=us-west-1
83.47173586793396,0.0005675517796416054,aws-region=us-west-1
83.55277638819409,0.0005678143858408668,aws-region=us-west-1
83.63381690845422,0.0005681196103467159,aws-region=us-west-1
83.71485742871435,0.0005684634589165671,aws-region=us-west-1
83.79589794897448,0.0005688419951692664,aws-region=us-west-1
83.87693846923462,0.0005692513527324681,aws-region=us-west-1
83.95797898949475,0.0005696877463956307,aws-region=us-west-1
84.03901950975488,0.0005701474822342922,aws-region=us-west-1
84.120060030015,0.0005706269666808499,aws-region=us-west-1
84.20110055027513,0.0005711227145265659,aws-region=us-west-1
84.28214107053526,0.0005716313558488223,aws-region=us-west-1
84.36318159079539,0.0005721496418667105,aws-region=us-west-1
84.44422211105552,0.0005726744497366918,aws-region=us-west-1
84.52526263131566,0.0005732027863083779,aws-region=us-west-1
84.60630315157579,0.0005737317908682274,aws-region=us-west-1
84.68734367183592,0.0005742587369061886,aws-region=us-west-1
84.76838419209605,0.0005747810329469269,aws-region=us-west-1
84.84942471235617,0.000575296222493222,aws-region=us-west-1
84.9304652326163,0.0005758019831343994,aws-region=us-west-1
85.01150575287643,0.0005762961248771762,aws-region=us-west-1
85.09254627313656,0.0005767765877600837,aws-region=us-west-1
85.1735867933967,0.0005772414388156904,aws-region=us-west-1
85.25462731365683,0.0005776888684470487,aws-region=us-west-1
85.33566783391696,0.0005781171862863496,aws-region=us-west-1
85.41670835417709,0.0005785248166044821,aws-region=us-west-1
85.49774887443722,0.0005789102933402326,aws-region=us-west-1
85.57878939469734,0.0005792722548171756,aws-region=us-west-1
85.65982991495747,0.0005796094382149655,aws-region=us-west-1
85.7408704352176,0.0005799206738597919,aws-region=us-west-1
85.82191095547773,0.0005802048793961794,aws-region=us-west-1
85.90295147573786,0.0005804610538992936,aws-region=us-west-1
85.983991995998,0.0005806882719833566,aws-region=us-west-1
86.06503251625813,0.0005808856779578404,aws-region=us-west-1
86.14607303651826,0.000581052480078846,aws-region=us-west-1
86.22711355677839,0.0005811879449385072,aws-region=us-west-1
86.30815407703851,0.000581291392030505,aws-region=us-west-1
86.38919459729864,0.0005813621885248679,aws-region=us-west-1
86.47023511755877,0.0005813997442802799,aws-region=us-west-1
86.5512756378189,0.0005814035071171043,aws-region=us-west-1
86.63231615807904,0.0005813729583694014,aws-region=us-west-1
86.71335667833917,0.0005813076087294559,aws-region=us-west-1
86.7943971985993,0.0005812069943935788,aws-region=us-west-1
86.87543771885943,0.0005810706735136665,aws-region=us-west-1
86.95647823911956,0.0005808982229547173,aws-region=us-west-1
87.03751875937968,0.0005806892353547712,aws-region=us-west-1
87.11855927963981,0.0005804433164802082,aws-region=us-west-1
87.19959979989994,0.0005801600828662432,aws-region=us-west-1
87.28064032016007,0.0005798391597297719,aws-region=us-west-1
87.3616808404202,0.0005794801791394436,aws-region=us-west-1
87.44272136068034,0.0005790827784259797,aws-region=us-west-1
87.52376188094047,0.0005786465988143768,aws-region=us-west-1
87.6048024012006,0.0005781712842586501,aws-region=us-west-1
87.68584292146073,0.0005776564804592247,aws-region=us-west-1
87.76688344172085,0.0005771018340429684,aws-region=us-west-1
87.84792396198098,0.0005765069918860926,aws-region=us-west-1
87.92896448224111,0.0005758716005608026,aws-region=us-west-1
88.01000500250125,0.0005751953058875031,aws-region=us-west-1
88.09104552276138,0.0005744777525756643,aws-region=us-west-1
88.17208604302151,0.0005737185839379378,aws-region=us-west-1
88.25312656328164,0.0005729174416638959,aws-region=us-west-1
88.33416708354177,0.0005720739656416685,aws-region=us-west-1
88.4152076038019,0.0005711877938178287,aws-region=us-west-1
88.49624812406202,0.0005702585620880425,aws-region=us-west-1
88.57728864432215,0.0005692859042131691,aws-region=us-west-1
88.65832916458228,0.0005682694517577661,aws-region=us-west-1
88.73936968484242,0.0005672088340500595,aws-region=us-west-1
88.82041020510255,0.0005661036781645743,aws-region=us-west-1
88.90145072536268,0.0005649536089305813,aws-region=us-west-1
88.98249124562281,0.0005637582489713415,aws-region=us-west-1
89.06353176588294,0.0005625172187807698,aws-region=us-west-1
89.14457228614307,0.0005612301368455725,aws-region=us-west-1
89.22561280640319,0.0005598966198221226,aws-region=us-west-1
89.30665332666332,0.0005585162827782648,aws-region=us-west-1
89.38769384692345,0.000557088739510952,aws-region=us-west-1
89.46873436718359,0.000555613602950999,aws-region=us-west-1
89.54977488744372,0.0005540904856663796,aws-region=us-west-1
89.63081540770385,0.0005525190004753636,aws-region=us-west-1
89.71185592796398,0.0005508987611803119,aws-region=us-west-1
89.79289644822411,0.0005492293834323081,aws-region=us-west-1
89.87393696848424,0.0005475104857358433,aws-region=us-west-1
89.95497748874436,0.0005457416906015582,aws-region=us-west-1
90.0360180090045,0.0005439226258536675,aws-region=us-west-1
90.11705852926463,0.0005420529260970945,aws-region=us-west-1
90.19809904952476,0.0005401322343475223,aws-region=us-west-1
90.27913956978489,0.0005381602038256922,aws-region=us-west-1
90.36018009004502,0.0005361364999151902,aws-region=us-west-1
90.44122061030515,0.0005340608022808578,aws-region=us-west-1
90.52226113056528,0.0005319328071427333,aws-region=us-west-1
90.60330165082541,0.0005297522296982098,aws-region=us-west-1
90.68434217108553,0.0005275188066828588,aws-region=us-west-1
90.76538269134566,0.0005252322990581268,aws-region=us-west-1
90.8464232116058,0.0005228924948120024,aws-region=us-west-1
90.92746373186593,0.0005204992118565861,aws-region=us-west-1
91.00850425212606,0.000518052301004603,aws-region=us-west-1
91.08954477238619,0.0005155516490049549,aws-region=us-west-1
91.17058529264632,0.0005129971816157665,aws-region=us-west-1
91.25162581290645,0.0005103888666918023,aws-region=us-west-1
91.33266633316659,0.0005077267172617745,aws-region=us-west-1
91.4137068534267,0.000505010794569925,aws-region=us-west-1
91.49474737368683,0.0005022412110552948,aws-region=us-west-1
91.57578789394697,0.0004994181332413919,aws-region=us-west-1
91.6568284142071,0.0004965417845084743,aws-region=us-west-1
91.73786893446723,0.0004936124477204186,aws-region=us-west-1
91.81890945472736,0.0004906304676781494,aws-region=us-west-1
91.89994997498749,0.000487596253371851,aws-region=us-west-1
91.98099049524762,0.0004845102800046922,aws-region=us-west-1
92.06203101550776,0.00048137309076153994,aws-region=us-west-1
92.14307153576787,0.0004781852982971523,aws-region=us-west-1
92.224112056028,0.00047494758591958816,aws-region=us-west-1
92.30515257628814,0.000471660708446066,aws-region=us-west-1
92.38619309654827,0.0004683254927102557,aws-region=us-west-1
92.4672336168084,0.00046494283770191655,aws-region=us-west-1
92.54827413706853,0.0004615137143220204,aws-region=us-west-1
92.62931465732866,0.00045803916473886804,aws-region=us-west-1
92.7103551775888,0.00045452030133332134,aws-region=us-west-1
92.79139569784893,0.00045095830522404726,aws-region=us-west-1
92.87243621810904,0.00044735442436662546,aws-region=us-west-1
92.95347673836918,0.00044370997122349527,aws-region=us-west-1
93.03451725862931,0.00044002632000495937,aws-region=us-west-1
93.11555777888944,0.0004363049034848056,aws-region=us-west-1
93.19659829914957,0.0004325472093976206,aws-region=us-west-1
93.2776388194097,0.0004287547764283454,aws-region=us-west-1
93.35867933966983,0.0004249291898082522,aws-region=us-west-1
93.43971985992997,0.00042107207653507893,aws-region=us-west-1
93.5207603801901,0.0004171851002387003,aws-region=us-west-1
93.60180090045021,0.0004132699557172118,aws-region=us-west-1
93.68284142071035,0.00040932836317183503,aws-region=us-west-1
93.76388194097048,0.00040536206217239965,aws-region=us-west-1
93.84492246123061,0.00040137280538842174,aws-region=us-west-1
93.92596298149074,0.0003973623521238507,aws-region=us-west-1
94.00700350175087,0.0003933324616964329,aws-region=us-west-1
94.088044022011,0.0003892848867052769,aws-region=us-west-1
94.16908454227114,0.0003852213662325167,aws-region=us-west-1
94.25012506253127,0.000381143619027047,aws-region=us-west-1
94.33116558279139,0.0003770533367199905,aws-region=us-west-1
94.41220610305152,0.0003729521771228619,aws-region=us-west-1
94.49324662331165,0.00036884175766037033,aws-region=us-west-1
94.57428714357178,0.00036472364899023293,aws-region=us-west-1
94.65532766383191,0.0003605993688625071,aws-region=us-west-1
94.73636818409204,0.00035647037627045865,aws-region=us-west-1
94.81740870435218,0.0003523380659441519,aws-region=us-west-1
94.8984492246123,0.0003482037632365352,aws-region=us-west-1
94.97948974487244,0.000344068719449919,aws-region=us-west-1
95.06053026513256,0.00033993410764838306,aws-region=us-west-1
95.14157078539269,0.00033580101899878995,aws-region=us-west-1
95.22261130565282,0.0003316704596797398,aws-region=us-west-1
95.30365182591295,0.00032754334839400274,aws-region=us-west-1
95.38469234617308,0.00032342051451575193,aws-region=us-west-1
95.46573286643321,0.0003193026968992686,aws-region=us-west-1
95.54677338669335,0.00031519054337078,aws-region=us-west-1
95.62781390695348,0.0003110846109197549,aws-region=us-west-1
95.70885442721361,0.0003069853666003533,aws-region=us-west-1
95.78989494747373,0.0003028931891478445,aws-region=us-west-1
95.87093546773386,0.0002988083713087668,aws-region=us-west-1
95.95197598799399,0.0002947311228774257,aws-region=us-west-1
96.03301650825412,0.000290661574425063,aws-region=us-west-1
96.11405702851425,0.0002865997817017962,aws-region=us-west-1
96.19509754877438,0.000282545730685214,aws-region=us-west-1
96.27613806903452,0.0002784993432434801,aws-region=us-west-1
96.35717858929465,0.00027446048337487433,aws-region=us-west-1
96.43821910955478,0.00027042896398011147,aws-region=us-west-1
96.5192596298149,0.000266404554118456,aws-region=us-west-1
96.60030015007503,0.00026238698669369895,aws-region=us-west-1
96.68134067033516,0.00025837596651160223,aws-region=us-west-1
96.76238119059529,0.0002543711786463432,aws-region=us-west-1
96.84342171085542,0.00025037229705006305,aws-region=us-west-1
96.92446223111556,0.00024637899333666927,aws-region=us-west-1
97.00550275137569,0.00024239094566875933,aws-region=us-west-1
97.08654327163582,0.00023840784767490086,aws-region=us-west-1
97.16758379189595,0.00023442941732345902,aws-region=us-west-1
97.24862431215607,0.00023045540567891284,aws-region=us-west-1
97.3296648324162,0.00022648560546692924,aws-region=us-west-1
97.41070535267633,0.0002225198593755962,aws-region=us-west-1
97.49174587293646,0.00021855806802189843,aws-region=us-west-1
97.5727863931966,0.00021460019751501277,aws-region=us-west-1
97.65382691345673,0.00021064628655104633,aws-region=us-west-1
97.73486743371686,0.00020669645297752894,aws-region=us-west-1
97.81590795397699,0.00020275089977026288,aws-region=us-west-1
97.89694847423712,0.00019880992036996087,aws-region=us-west-1
97.97798899449724,0.0001948739033313932,aws-region=us-west-1
98.05902951475737,0.00019094333624353744,aws-region=us-west-1
98.1400700350175,0.00018701880888536272,aws-region=us-west-1
98.22111055527763,0.00018310101558832443,aws-region=us-west-1
98.30215107553776,0.00017919075678336362,aws-region=us-west-1
98.3831915957979,0.00017528893971709936,aws-region=us-west-1
98.46423211605803,0.00017139657832893475,aws-region=us-west-1
98.54527263631816,0.00016751479228783214,aws-region=us-west-1
98.62631315657829,0.000163644805194581,aws-region=us-west-1
98.70735367683841,0.00015978794196231476,aws-region=us-west-1
98.78839419709854,0.00015594562539483835,aws-region=us-west-1
98.86943471735867,0.00015211937198888033,aws-region=us-west-1
98.9504752376188,0.00014831078699266358,aws-region=us-west-1
99.03151575787894,0.00014452155875914458,aws-region=us-west-1
99.11255627813907,0.00014075345243777382,aws-region=us-west-1
99.1935967983992,0.00013700830305374636,aws-region=us-west-1
99.27463731865933,0.00013328800802829349,aws-region=us-west-1
99.35567783891946,0.00012959451919764367,aws-region=us-west-1
99.43671835917958,0.0001259298343917745,aws-region=us-west-1
99.51775887943971,0.00012229598863700513,aws-region=us-west-1
99.59879939969984,0.00011869504504881627,aws-region=us-west-1
99.67983991995997,0.00011512908548293201,aws-region=us-west-1
99.7608804402201,0.00011160020101383241,aws-region=us-west-1
99.84192096048024,0.00010811048231027961,aws-region=us-west-1
99.92296148074037,0.0001046620099773134,aws-region=us-west-1
100.0040020010005,0.00010125684493338341,aws-region=us-west-1
100.08504252126063,9.789701888997102e-05,aws-region=us-west-1
100.16608304152075,9.458452499915637e-05,aws-region=us-west-1
100.24712356178088,9.132130873214657e-05,aws-region=us-west-1
100.32816408204101,8.810925904890394e-05,aws-region=us-west-1
100.40920460230114,8.495019991561441e-05,aws-region=us-west-1
100.49024512256128,8.184588222300107e-05,aws-region=us-west-1
100.57128564282141,7.879797615431821e-05,aws-region=us-west-1
100.65232616308154,7.580806404743221e-05,aws-region=us-west-1
100.73336668334167,7.287763379067593e-05,aws-region=us-west-1
100.8144072036018,7.000807278721309e-05,aws-region=us-west-1
100.89544772386192,6.720066251756988e-05,aws-region=us-west-1
100.97648824412205,6.445657372477843e-05,aws-region=us-west-1
101.05752876438218,6.177686224130194e-05,aws-region=us-west-1
101.13856928464232,5.9162465471632654e-05,aws-region=us-west-1
101.21960980490245,5.66141995392178e-05,aws-region=us-west-1
101.30065032516258,5.413275710121487e-05,aws-region=us-west-1
101.38169084542271,5.171870582953753e-05,aws-region=us-west-1
101.46273136568284,4.937248755181276e-05,aws-region=us-west-1
101.54377188594297,4.709441804122513e-05,aws-region=us-west-1
101.62481240620309,4.4884687439807253e-05,aws-region=us-west-1
101.70585292646322,4.2743361295628215e-05,aws-region=us-west-1
101.78689344672335,4.0670382190501315e-05,aws-region=us-west-1
101.86793396698349,3.8665571931337505e-05,aws-region=us-west-1
101.94897448724362,3.6728634275117486e-05,aws-region=us-west-1
102.03001500750375,3.485915815467111e-05,aws-region=us-west-1
102.11105552776388,3.305662137003485e-05,aws-region=us-west-1
102.19209604802401,3.132039470810732e-05,aws-region=us-west-1
102.27313656828414,2.9649746451674967e-05,aws-region=us-west-1
102.35417708854426,2.8043847237598985e-05,aws-region=us-west-1
102.4352176088044,2.6501775223038777e-05,aws-region=us-west-1
102.51625812906452,2.5022521518069315e-05,aws-region=us-west-1
102.59729864932466,2.3604995842846953e-05,aws-region=us-west-1
102.67833916958479,2.2248032367658034e-05,aws-region=us-west-1
102.75937968984492,2.095039569465094e-05,aws-region=us-west-1
102.84042021010505,1.9710786940853043e-05,aws-region=us-west-1
102.92146073036518,1.8527849883144635e-05,aws-region=us-west-1
103.00250125062531,1.740017712718796e-05,aws-region=us-west-1
103.08354177088543,1.6326316263887315e-05,aws-region=us-west-1
103.16458229114556,1.530477597873218e-05,aws-region=us-west-1
103.2456228114057,1.4334032081338945e-05,aws-region=us-west-1
103.32666333166583,1.341253342462742e-05,aws-region=us-west-1
103.40770385192596,1.253870768532318e-05,aws-region=us-west-1
103.48874437218609,1.1710966979833568e-05,aws-region=us-west-1
103.56978489244622,1.0927713291974428e-05,aws-region=us-west-1
103.65082541270635,1.0187343691516886e-05,aws-region=us-west-1
103.73186593296649,9.488255325037739e-06,aws-region=us-west-1
103.8129064532266,8.828850163071141e-06,aws-region=us-west-1
103.89394697348673,8.207539490066227e-06,aws-region=us-west-1
103.97498749374687,7.622748126115575e-06,aws-region=us-west-1
104.056028014007,7.072918371824668e-06,aws-region=us-west-1
104.13706853426713,6.556513670022093e-06,aws-region=us-west-1
104.21810905452726,6.072021980251432e-06,aws-region=us-west-1
104.29914957478739,5.6179588641208285e-06,aws-region=us-west-1
104.38019009504752,5.192870281602614e-06,aws-region=us-west-1
104.46123061530764,4.79533510027084e-06,aws-region=us-west-1
104.54227113556777,4.423967321219457e-06,aws-region=us-west-1
104.6233116558279,4.07741802702423e-06,aws-region=us-west-1
104.70435217608804,3.754377058576616e-06,aws-region=us-west-1
104.78539269634817,3.4535744289455004e-06,aws-region=us-west-1
104.8664332166083,3.173781483592672e-06,aws-region=us-west-1
104.94747373686843,2.913811817289275e-06,aws-region=us-west-1
105.02851425712856,2.6725219589569203e-06,aws-region=us-west-1
105.1095547773887,2.448811836384502e-06,aws-region=us-west-1
105.19059529764881,2.241625033360961e-06,aws-region=us-west-1
105.27163581790894,2.0499488522141526e-06,aws-region=us-west-1
105.35267633816908,1.8728141950698434e-06,aws-region=us-west-1
105.43371685842921,1.7092952773419019e-06,aws-region=us-west-1
105.51475737868934,1.5585091870479651e-06,aws-region=us-west-1
105.59579789894947,1.41961530352035e-06,aws-region=us-west-1
105.6768384192096,1.2918145889580566e-06,aws-region=us-west-1
105.75787893946973,1.1743487660502333e-06,aws-region=us-west-1
105.83891945972987,1.066499394606456e-06,aws-region=us-west-1
105.91995997998998,9.675868597594473e-07,aws-region=us-west-1
106.00100050025011,8.769692838739377e-07,aws-region=us-west-1
106.08204102051025,7.940413738074348e-07,aws-region=us-west-1
106.16308154077038,7.182332146349298e-07,aws-region=us-west-1
106.24412206103051,6.49009020378415e-07,aws-region=us-west-1
106.32516258129064,5.858658516795222e-07,aws-region=us-west-1
106.40620310155077,5.28332309730358e-07,aws-region=us-west-1
106.4872436218109,4.7596721513790623e-07,aws-region=us-west-1
106.56828414207104,4.283582797501035e-07,aws-region=us-west-1
106.64932466233115,3.8512077882131333e-07,aws-region=us-west-1
106.73036518259129,3.4589623024868975e-07,aws-region=us-west-1
106.81140570285142,3.103510869729979e-07,aws-region=us-west-1
106.89244622311155,2.781754480120587e-07,aws-region=us-west-1
106.97348674337168,2.490817929878957e-07,aws-region=us-west-1
107.05452726363181,2.2280374442128842e-07,aws-region=us-west-1
107.13556778389194,1.9909486150446148e-07,aws-region=us-west-1
107.21660830415207,1.7772746852543475e-07,aws-region=us-west-1
107.2976488244122,1.5849152060907462e-07,aws-region=us-west-1
107.37868934467232,1.4119350896103458e-07,aws-region=us-west-1
107.45972986493246,1.2565540735286327e-07,aws-region=us-west-1
107.54077038519259,1.1171366117080131e-07,aws-region=us-west-1
107.62181090545272,9.921821996674649e-08,aws-region=us-west-1
107.70285142571285,8.803161409854125e-08,aws-region=us-west-1
107.78389194597298,7.802807572703368e-08,aws-region=us-west-1
107.86493246623311,6.909270414947031e-08,aws-region=us-west-1
107.94597298649325,6.112067519153928e-08,aws-region=us-west-1
108.02701350675338,5.401649415297757e-08,aws-region=us-west-1
108.1080540270135,4.7693291603100825e-08,aws-region=us-west-1
108.18909454727363,4.207216115150149e-08,aws-region=us-west-1
108.27013506753376,3.7081538174201225e-08,aws-region=us-west-1
108.35117558779389,3.265661835531981e-08,aws-region=us-west-1
108.43221610805402,2.8738814807312214e-08,aws-region=us-west-1
108.51325662831415,2.5275252457478297e-08,aws-region=us-west-1
108.59429714857428,2.221829833318832e-08,aws-region=us-west-1
108.67533766883442,1.9525126341614206e-08,aws-region=us-west-1
108.75637818909455,1.715731512007659e-08,aws-region=us-west-1
108.83741870935467,1.508047752893274e-08,aws-region=us-west-1
108.9184592296148,1.3263920368809936e-08,aws-region=us-west-1
108.99949974987493,1.1680332926456983e-08,aws-region=us-west-1
109.08054027013506,1.0305502987221305e-08,aws-region=us-west-1
109.16158079039519,9.11805899587154e-09,aws-region=us-west-1
109.24262131065532,8.099237099959599e-09,aws-region=us-west-1
109.32366183091546,7.2326718700074085e-09,aws-region=us-west-1
109.40470235117559,6.504209557451261e-09,aws-region=us-west-1
109.48574287143572,5.901742823514235e-09,aws-region=us-west-1
109.56678339169584,5.4150659490791846e-09,aws-region=us-west-1
109.64782391195597,5.0357496163788445e-09,aws-region=us-west-1
109.7288644322161,4.7570344371636485e-09,aws-region=us-west-1
109.80990495247623,4.5737424882406415e-09,aws-region=us-west-1
109.89094547273636,4.48220620330685e-09,aws-region=us-west-1
109.9719859929965,4.480214059246105e-09,aws-region=us-west-1
110.05302651325663,4.566972585035237e-09,aws-region=us-west-1
110.13406703351676,4.743084311653101e-09,aws-region=us-west-1
110.21510755377689,5.010541371503543e-09,aws-region=us-west-1
110.296148074037,5.372734545485785e-09,aws-region=us-west-1
110.37718859429714,5.834477644638562e-09,aws-region=us-west-1
110.45822911455727,6.4020472009475695e-09,aws-region=us-west-1
110.5392696348174,7.083237528155944e-09,aws-region=us-west-1
110.62031015507753,7.887431297988063e-09,aws-region=us-west-1
110.70135067533766,8.825685859832271e-09,aws-region=us-west-1
110.7823911955978,9.910835612386572e-09,aws-region=us-west-1
110.86343171585793,1.1157610813788009e-08,aws-region=us-west-1
110.94447223611806,1.258277329207611e-08,aws-region=us-west-1
111.02551275637818,1.4205269590225038e-08,aws-region=us-west-1
111.10655327663831,1.6046402149118194e-08,aws-region=us-west-1
111.18759379689844,1.8130019197454283e-08,aws-region=us-west-1
111.26863431715857,2.048272407934129e-08,aws-region=us-west-1
111.3496748374187,2.3134104807909032e-08,aws-region=us-west-1
111.43071535767884,2.6116984686276754e-08,aws-region=us-west-1
111.51175587793897,2.946769488524401e-08,aws-region=us-west-1
111.5927963981991,3.3226369909729947e-08,aws-region=us-west-1
111.67383691845923,3.743726692273066e-08,aws-region=us-west-1
111.75487743871935,4.214910992597403e-08,aws-region=us-west-1
111.83591795897948,4.741545981991207e-08,aws-region=us-west-1
111.91695847923961,5.329511138168875e-08,aws-region=us-west-1
111.99799899949974,5.98525182076237e-08,aws-region=us-west-1
112.07903951975987,6.715824666585677e-08,aws-region=us-west-1
112.16008004002,7.52894598945852e-08,aws-region=us-west-1
112.24112056028014,8.433043286087734e-08,aws-region=us-west-1
112.32216108054027,9.437309946384204e-08,aws-region=us-west-1
112.4032016008004,1.0551763262301902e-07,aws-region=us-west-1
112.48424212106052,1.1787305823768108e-07,aws-region=us-west-1
112.56528264132065,1.3155790383430483e-07,aws-region=us-west-1
112.64632316158078,1.4670088263703228e-07,aws-region=us-west-1
112.72736368184091,1.6344161369901427e-07,aws-region=us-west-1
112.80840420210104,1.81931378619747e-07,aws-region=us-west-1
112.88944472236118,2.0233391524464778e-07,aws-region=us-west-1
112.97048524262131,2.2482624859730813e-07,aws-region=us-west-1
113.05152576288144,2.4959955913113716e-07,aws-region=us-west-1
113.13256628314157,2.768600882053216e-07,aws-region=us-west-1
113.21360680340169,3.06830080489084e-07,aws-region=us-west-1
113.29464732366182,3.3974876277830836e-07,aws-region=us-west-1
113.37568784392195,3.75873358468442e-07,aws-region=us-west-1
113.45672836418208,4.154801366678871e-07,aws-region=us-west-1
113.53776888444222,4.588654946560791e-07,aws-region=us-west-1
113.61880940470235,5.063470720902262e-07,aws-region=us-west-1
113.69984992496248,5.582648950448715e-07,aws-region=us-west-1
113.78089044522261,6.149825476286788e-07,aws-region=us-west-1
113.86193096548274,6.7688836856482e-07,aws-region=us-west-1
113.94297148574286,7.443966697446441e-07,aws-region=us-west-1
114.02401200600299,8.179489733709639e-07,aws-region=us-west-1
114.10505252626312,8.980152638984777e-07,aws-region=us-west-1
114.18609304652325,9.850952505560458e-07,aws-region=us-west-1
114.26713356678339,1.0797196358007347e-06,aws-region=us-west-1
114.34817408704352,1.1824513846090749e-06,aws-region=us-west-1
114.42921460730365,1.29388698906027e-06,aws-region=us-west-1
114.51025512756378,1.4146577222105776e-06,aws-region=us-west-1
114.59129564782391,1.545430874802308e-06,aws-region=us-west-1
114.67233616808403,1.6869109678992508e-06,aws-region=us-west-1
114.75337668834416,1.8398409340947675e-06,aws-region=us-west-1
114.8344172086043,2.0050032595058213e-06,aws-region=us-west-1
114.91545772886442,2.1832210783501746e-06,aws-region=us-west-1
114.99649824912456,2.375359211509815e-06,aws-region=us-west-1
115.07753876938469,2.5823251401167114e-06,aws-region=us-west-1
115.15857928964482,2.8050699048633325e-06,aws-region=us-west-1
115.23961980990495,3.044588921447642e-06,aws-region=us-west-1
115.32066033016508,3.301922702313386e-06,aws-region=us-west-1
115.4017008504252,3.5781574746504053e-06,aws-region=us-west-1
115.48274137068533,3.874425684484994e-06,aws-region=us-west-1
115.56378189094546,4.1919063766162e-06,aws-region=us-west-1
115.6448224112056,4.5318254401586335e-06,aws-region=us-west-1
115.72586293146573,4.895455709528409e-06,aws-region=us-west-1
115.80690345172586,5.28411691087748e-06,aws-region=us-west-1
115.88794397198599,5.699175444235416e-06,aws-region=us-west-1
115.96898449224612,6.142043991970098e-06,aws-region=us-west-1
116.05002501250625,6.614180944635796e-06,aws-region=us-west-1
116.13106553276637,7.1170896358356605e-06,aws-region=us-west-1
116.2121060530265,7.652317378396654e-06,aws-region=us-west-1
116.29314657328663,8.22145429493942e-06,aws-region=us-west-1
116.37418709354677,8.826131936823964e-06,aws-region=us-west-1
116.4552276138069,9.468021686465174e-06,aws-region=us-west-1
116.53626813406703,1.0148832939139736e-05,aws-region=us-west-1
116.61730865432716,1.0870311061651696e-05,aws-region=us-west-1
116.69834917458729,1.1634235126573118e-05,aws-region=us-west-1
116.77938969484742,1.2442415422232772e-05,aws-region=us-west-1
116.86043021510754,1.329669074018687e-05,aws-region=us-west-1
116.94147073536767,1.4198925443549623e-05,aws-region=us-west-1
117.0225112556278,1.5151006321291114e-05,aws-region=us-west-1
117.10355177588794,1.6154839235410727e-05,aws-region=us-west-1
117.18459229614807,1.7212345569751366e-05,aws-region=us-west-1
117.2656328164082,1.8325458491117202e-05,aws-region=us-west-1
117.34667333666833,1.9496119035280345e-05,aws-region=us-west-1
117.42771385692846,2.072627203240154e-05,aws-region=us-west-1
117.5087543771886,2.201786188830515e-05,aws-region=us-west-1
117.58979489744871,2.337282823993669e-05,aws-region=us-west-1
117.67083541770884,2.479310150517631e-05,aws-region=us-west-1
117.75187593796898,2.6280598348922488e-05,aws-region=us-west-1
117.8329164582291,2.7837217089036937e-05,aws-region=us-west-1
117.91395697848924,2.9464833067252854e-05,aws-region=us-west-1
117.99499749874937,3.1165294011549465e-05,aws-region=us-west-1
118.0760380190095,3.294041541769221e-05,aws-region=us-west-1
118.15707853926963,3.479197597864903e-05,aws-region=us-west-1
118.23811905952977,3.672171309139209e-05,aws-region=us-west-1
118.31915957978988,3.873131847112603e-05,aws-region=us-west-1
118.40020010005001,4.082243390328195e-05,aws-region=us-west-1
118.48124062031015,4.29966471635922e-05,aws-region=us-west-1
118.56228114057028,4.5255488136289994e-05,aws-region=us-west-1
118.64332166083041,4.7600425159838635e-05,aws-region=us-west-1
118.72436218109054,5.003286162866159e-05,aws-region=us-west-1
118.80540270135067,5.255413287808134e-05,aws-region=us-west-1
118.8864432216108,5.5165503378050436e-05,aws-region=us-west-1
118.96748374187094,5.786816425932129e-05,aws-region=us-west-1
119.04852426213105,6.0663231193401634e-05,aws-region=us-west-1
119.12956478239118,6.355174264505635e-05,aws-region=us-west-1
119.21060530265132,6.653465851316123e-05,aws-region=us-west-1
119.29164582291145,6.961285917251103e-05,aws-region=us-west-1
119.37268634317158,7.278714492567749e-05,aws-region=us-west-1
119.45372686343171,7.605823587025362e-05,aws-region=us-west-1
119.53476738369184,7.94267721828562e-05,aws-region=us-west-1
119.61580790395197,8.289331481708402e-05,aws-region=us-west-1
119.6968484242121,8.645834660834e-05,aws-region=us-west-1
119.77788894447222,9.012227377399387e-05,aws-region=us-west-1
119.85892946473236,9.388542779288987e-05,aws-region=us-west-1
119.93996998499249,9.774806764372373e-05,aws-region=us-west-1
120.02101050525262,0.0001017103823773645,aws-region=us-west-1
120.10205102551275,0.00010577249399384335,aws-region=us-west-1
120.18309154577288,0.00010993446059050887,aws-region=us-west-1
120.26413206603301,0.0001141962797438778,aws-region=us-west-1
120.34517258629315,0.00011855789208393272,aws-region=us-west-1
120.42621310655328,0.00012301918501618118,aws-region=us-west-1
120.5072536268134,0.0001275799965437475,aws-region=us-west-1
120.58829414707353,0.00013224011913908471,aws-region=us-west-1
120.66933466733366,0.0001369993036126782,aws-region=us-west-1
120.75037518759379,0.00014185726292448398,aws-region=us-west-1
120.83141570785392,0.00014681367588261968,aws-region=us-west-1
120.91245622811405,0.0001518681906733071,aws-region=us-west-1
120.99349674837418,0.0001570204281660593,aws-region=us-west-1
121.07453726863432,0.00016226998493879883,aws-region=us-west-1
121.15557778889445,0.00016761643596886248,aws-region=us-west-1
121.23661830915457,0.00017305933693779023,aws-region=us-west-1
121.3176588294147,0.00017859822610042316,aws-region=us-west-1
121.39869934967483,0.00018423262567199741,aws-region=us-west-1
121.47973986993496,0.00018996204269084346,aws-region=us-west-1
121.56078039019509,0.00019578596931865846,aws-region=us-west-1
121.64182091045522,0.00020170388254539125,aws-region=us-west-1
121.72286143071535,0.00020771524327125888,aws-region=us-west-1
121.80390195097549,0.00021381949474439456,aws-region=us-west-1
121.88494247123562,0.0002200160603390824,aws-region=us-west-1
121.96598299149574,0.00022630434066623468,aws-region=us-west-1
122.04702351175587,0.00023268371001483864,aws-region=us-west-1
122.128064032016,0.00023915351213033944,aws-region=us-west-1
122.20910455227613,0.00024571305534332427,aws-region=us-west-1
122.29014507253626,0.0002523616070692893,aws-region=us-west-1
122.3711855927964,0.000259098387707663,aws-region=us-west-1
122.45222611305653,0.0002659225639755885,aws-region=us-west-1
122.53326663331666,0.000272833241719008,aws-region=us-west-1
122.61430715357679,0.00027982945825038815,aws-region=us-west-1
122.6953476738369,0.00028691017426889855,aws-region=us-west-1
122.77638819409704,0.0002940742654247938,aws-region=us-west-1
122.85742871435717,0.0003013205135952245,aws-region=us-west-1
122.9384692346173,0.0003086475979435781,aws-region=us-west-1
123.01950975487743,0.0003160540858386867,aws-region=us-west-1
123.10055027513756,0.000323538423713719,aws-region=us-west-1
123.1815907953977,0.00033109892794734293,aws-region=us-west-1
123.26263131565783,0.000338733775851728,aws-region=us-west-1
123.34367183591796,0.0003464409968530782,aws-region=us-west-1
123.42471235617808,0.0003542184639506667,aws-region=us-west-1
123.50575287643821,0.00036206388553984895,aws-region=us-west-1
123.58679339669834,0.0003699747976830401,aws-region=us-west-1
123.66783391695847,0.00037794855691049983,aws-region=us-west-1
123.7488744372186,0.0003859823336295982,aws-region=us-west-1
123.82991495747874,0.00039407310621749085,aws-region=us-west-1
123.91095547773887,0.0004022176558674694,aws-region=us-west-1
123.991995997999,0.00041041256225398065,aws-region=us-west-1
124.07303651825913,0.00041865420007541703,aws-region=us-west-1
124.15407703851925,0.0004269387365272552,aws-region=us-west-1
124.23511755877938,0.00043526212975111936,aws-region=us-west-1
124.31615807903951,0.00044362012829797086,aws-region=us-west-1
124.39719859929964,0.0004520082716358614,aws-region=us-west-1
124.47823911955977,0.00046042189172467476,aws-region=us-west-1
124.5592796398199,0.00046885611567212875,aws-region=us-west-1
124.64032016008004,0.000477305869477089,aws-region=us-west-1
124.72136068034017,0.00048576588285801286,aws-region=us-west-1
124.8024012006003,0.0004942306951562024,aws-region=us-west-1
124.88344172086042,0.000502694662295664,aws-region=us-west-1
124.96448224112055,0.0005111519647736691,aws-region=us-west-1
125.04552276138068,0.0005195966166488004,aws-region=us-west-1
125.12656328164081,0.000528022475486364,aws-region=us-west-1
125.20760380190094,0.0005364232532146383,aws-region=us-west-1
125.28864432216108,0.0005447925278395261,aws-region=us-west-1
125.36968484242121,0.0005531237559598198,aws-region=us-west-1
125.45072536268134,0.0005614102860207163,aws-region=us-west-1
125.53176588294147,0.0005696453722390485,aws-region=us-west-1
125.61280640320159,0.0005778221891304518,aws-region=us-west-1
125.69384692346172,0.0005859338465659228,aws-region=us-west-1
125.77488744372185,0.0005939734052833095,aws-region=us-west-1
125.85592796398198,0.0006019338927779599,aws-region=us-west-1
125.93696848424212,0.0006098083194960794,aws-region=us-west-1
126.01800900450225,0.000617589695254466,aws-region=us-west-1
126.09904952476238,0.0006252710458108429,aws-region=us-west-1
126.18009004502251,0.0006328454295102984,aws-region=us-west-1
126.26113056528264,0.0006403059539350761,aws-region=us-west-1
126.34217108554276,0.0006476457924872432,aws-region=us-west-1
126.42321160580289,0.0006548582008364795,aws-region=us-west-1
126.50425212606302,0.0006619365331682434,aws-region=us-west-1
126.58529264632315,0.0006688742581711331,aws-region=us-west-1
126.66633316658329,0.0006756649747058114,aws-region=us-west-1
126.74737368684342,0.0006823024271018346,aws-region=us-west-1
126.82841420710355,0.0006887805200327709,aws-region=us-west-1
126.90945472736368,0.0006950933329241165,aws-region=us-west-1
126.99049524762381,0.0007012351338527085,aws-region=us-west-1
127.07153576788393,0.0007072003929004847,aws-region=us-west-1
127.15257628814406,0.0007129837949295443,aws-region=us-west-1
127.2336168084042,0.000718580251749426,aws-region=us-west-1
127.31465732866432,0.0007239849136513686,aws-region=us-west-1
127.39569784892446,0.0007291931802879106,aws-region=us-west-1
127.47673836918459,0.0007342007108796588,aws-region=us-west-1
127.55777888944472,0.0007390034337341584,aws-region=us-west-1
127.63881940970485,0.0007435975550647257,aws-region=us-west-1
127.71985992996498,0.0007479795670997337,aws-region=us-west-1
127.8009004502251,0.000752146255475126,aws-region=us-west-1
127.88194097048523,0.0007560947059050191,aws-region=us-west-1
127.96298149074536,0.0007598223101269427,aws-region=us-west-1
128.0440220110055,0.000763326771119781,aws-region=us-west-1
128.12506253126563,0.0007666061075936227,aws-region=us-west-1
128.20610305152576,0.0007696586577516862,aws-region=us-west-1
128.2871435717859,0.0007724830823251461,aws-region=us-west-1
128.36818409204602,0.0007750783668822153,aws-region=us-west-1
128.44922461230615,0.0007774438234130613,aws-region=us-west-1
128.53026513256629,0.0007795790911923144,aws-region=us-west-1
128.61130565282642,0.0007814841369208856,aws-region=us-west-1
128.69234617308655,0.0007831592541486856,aws-region=us-west-1
128.77338669334668,0.0007846050619796987,aws-region=us-west-1
128.85442721360678,0.0007858225030605664,aws-region=us-west-1
128.93546773386691,0.0007868128408536574,aws-region=us-west-1
129.01650825412705,0.0007875776561953189,aws-region=us-west-1
129.09754877438718,0.0007881188431398791,aws-region=us-west-1
129.1785892946473,0.0007884386040898453,aws-region=us-west-1
129.25962981490744,0.0007885394442127237,aws-region=us-west-1
129.34067033516757,0.000788424165145057,aws-region=us-west-1
129.4217108554277,0.0007880958579845379,aws-region=us-west-1
129.50275137568784,0.0007875578955714685,aws-region=us-west-1
129.58379189594797,0.0007868139240615337,aws-region=us-west-1
129.6648324162081,0.0007858678537926362,aws-region=us-west-1
129.74587293646823,0.0007847238494496296,aws-region=us-west-1
129.82691345672836,0.0007833863195320489,aws-region=us-west-1
129.9079539769885,0.0007818599051314609,aws-region=us-west-1
129.98899449724863,0.0007801494680267933,aws-region=us-west-1
130.07003501750876,0.00077826007810802,aws-region=us-west-1
130.1510755377689,0.0007761970001407991,aws-region=us-west-1
130.23211605802902,0.0007739656798871196,aws-region=us-west-1
130.31315657828912,0.0007715717295997351,aws-region=us-west-1
130.39419709854926,0.0007690209129110831,aws-region=us-west-1
130.4752376188094,0.0007663191291405087,aws-region=us-west-1
130.55627813906952,0.0007634723970469571,aws-region=us-west-1
130.63731865932965,0.0007604868380577685,aws-region=us-west-1
130.71835917958978,0.00075736865900796,aws-region=us-west-1
130.79939969984991,0.0007541241344280505,aws-region=us-west-1
130.88044022011005,0.0007507595884225082,aws-region=us-west-1
130.96148074037018,0.0007472813761848323,aws-region=us-west-1
131.0425212606303,0.0007436958651993163,aws-region=us-west-1
131.12356178089044,0.0007400094161836229,aws-region=us-west-1
131.20460230115057,0.0007362283638303165,aws-region=us-west-1
131.2856428214107,0.0007323589974094883,aws-region=us-west-1
131.36668334167084,0.0007284075412984733,aws-region=us-west-1
131.44772386193097,0.0007243801355084314,aws-region=us-west-1
131.5287643821911,0.0007202828162811076,aws-region=us-west-1
131.60980490245123,0.0007161214968324098,aws-region=us-west-1
131.69084542271136,0.0007119019483225442,aws-region=us-west-1
131.77188594297147,0.0007076297811351648,aws-region=us-west-1
131.8529264632316,0.0007033104265503864,aws-region=us-west-1
131.93396698349173,0.0006989491188985195,aws-region=us-west-1
132.01500750375186,0.0006945508782828596,aws-region=us-west-1
132.096048024012,0.0006901204939609688,aws-region=us-west-1
132.17708854427212,0.0006856625084743284,aws-region=us-west-1
132.25812906453226,0.0006811812026162336,aws-region=us-west-1
132.3391695847924,0.0006766805813270877,aws-region=us-west-1
132.42021010505252,0.0006721643606049684,aws-region=us-west-1
132.50125062531265,0.000667635955517388,aws-region=us-west-1
132.58229114557278,0.0006630984693975052,aws-region=us-west-1
132.6633316658329,0.0006585546843047022,aws-region=us-west-1
132.74437218609305,0.0006540070528254239,aws-region=us-west-1
132.82541270635318,0.000649457691285391,aws-region=us-west-1
132.9064532266133,0.0006449083744388724,aws-region=us-west-1
132.98749374687344,0.0006403605316945057,aws-region=us-west-1
133.06853426713357,0.0006358152449303798,aws-region=us-west-1
133.1495747873937,0.0006312732479436047,aws-region=us-west-1
133.2306153076538,0.0006267349275714713,aws-region=us-west-1
133.31165582791394,0.0006222003265126911,aws-region=us-west-1
133.39269634817407,0.0006176691478679977,aws-region=us-west-1
133.4737368684342,0.0006131407614097311,aws-region=us-west-1
133.55477738869433,0.0006086142115799552,aws-region=us-west-1
133.63581790895446,0.0006040882272062926,aws-region=us-west-1
133.7168584292146,0.0005995612329139544,aws-region=us-west-1
133.79789894947473,0.0005950313622016212,aws-region=us-west-1
133.87893946973486,0.0005904964721378782,aws-region=us-west-1
133.959979989995,0.0005859541596239453,aws-region=us-west-1
134.04102051025512,0.0005814017791575881,aws-region=us-west-1
134.12206103051525,0.0005768364620223704,aws-region=us-west-1
134.2031015507754,0.0005722551368159975,aws-region=us-west-1
134.28414207103552,0.0005676545512214363,aws-region=us-west-1
134.36518259129565,0.0005630312949148733,aws-region=us-west-1
134.44622311155578,0.000558381823495524,aws-region=us-west-1
134.5272636318159,0.0005537024833138988,aws-region=us-west-1
134.60830415207604,0.0005489895370673997,aws-region=us-west-1
134.68934467233615,0.0005442391900252571,aws-region=us-west-1
134.77038519259628,0.0005394476167387794,aws-region=us-west-1
134.8514257128564,0.0005346109880878207,aws-region=us-west-1
134.93246623311654,0.0005297254985102635,aws-region=us-west-1
135.01350675337667,0.000524787393258335,aws-region=us-west-1
135.0945472736368,0.0005197929955235897,aws-region=us-west-1
135.17558779389694,0.0005147387332716394,aws-region=us-west-1
135.25662831415707,0.0005096211656279843,aws-region=us-west-1
135.3376688344172,0.000504437008657844,aws-region=us-west-1
135.41870935467733,0.00049918316038554,aws-region=us-west-1
135.49974987493746,0.0004938567249027336,aws-region=us-west-1
135.5807903951976,0.000488455035419821,aws-region=us-west-1
135.66183091545773,0.0004829756761207705,aws-region=us-west-1
135.74287143571786,0.000477416502688775,aws-region=us-west-1
135.823911955978,0.00047177566137818417,aws-region=us-west-1
135.90495247623812,0.0004660516065172209,aws-region=us-west-1
135.98599299649825,0.00046024311633584844,aws-region=us-west-1
136.06703351675839,0.00045434930702388423,aws-region=us-west-1
136.1480740370185,0.00044836964493586036,aws-region=us-west-1
136.22911455727862,0.00044230395687109897,aws-region=us-west-1
136.31015507753875,0.0004361524383701113,aws-region=us-west-1
136.39119559779888,0.00042991565998127027,aws-region=us-west-1
136.47223611805902,0.00042359457146506614,aws-region=us-west-1
136.55327663831915,0.0004171905039167107,aws-region=us-west-1
136.63431715857928,0.0004107051698013871,aws-region=us-west-1
136.7153576788394,0.0004041406609100476,aws-region=us-west-1
136.79639819909954,0.0003974994442570866,aws-region=us-west-1
136.87743871935967,0.0003907843559543771,aws-region=us-west-1
136.9584792396198,0.00038399859310907523,aws-region=us-west-1
137.03951975987994,0.0003771457038050092,aws-region=us-west-1
137.12056028014007,0.0003702295752393537,aws-region=us-west-1
137.2016008004002,0.00036325442009757546,aws-region=us-west-1
137.28264132066033,0.00035622476126023094,aws-region=us-west-1
137.36368184092046,0.0003491454149449371,aws-region=us-west-1
137.4447223611806,0.0003420214723958136,aws-region=us-west-1
137.52576288144073,0.0003348582802406913,aws-region=us-west-1
137.60680340170083,0.0003276614196434896,aws-region=us-west-1
137.68784392196096,0.0003204366843851316,aws-region=us-west-1
137.7688844422211,0.0003131900580115151,aws-region=us-west-1
137.84992496248123,0.0003059276901908619,aws-region=us-west-1
137.93096548274136,0.00029865587242578834,aws-region=us-west-1
138.0120060030015,0.0002913810132671337,aws-region=us-west-1
138.09304652326162,0.0002841096131773607,aws-region=us-west-1
138.17408704352175,0.00027684823919100387,aws-region=us-west-1
138.25512756378188,0.00026960349951823666,aws-region=us-west-1
138.33616808404201,0.00026238201823527215,aws-region=us-west-1
138.41720860430215,0.00025519041020197875,aws-region=us-west-1
138.49824912456228,0.0002480352563427819,aws-region=us-west-1
138.5792896448224,0.00024092307942182706,aws-region=us-west-1
138.66033016508254,0.00023386032043745312,aws-region=us-west-1
138.74137068534267,0.0002268533157543023,aws-region=us-west-1
138.8224112056028,0.0002199082750840923,aws-region=us-west-1
138.90345172586294,0.00021303126041811025,aws-region=us-west-1
138.98449224612307,0.0002062281660060536,aws-region=us-west-1
139.06553276638317,0.0001995046994669004,aws-region=us-west-1
139.1465732866433,0.0001928663641082725,aws-region=us-west-1
139.22761380690343,0.00018631844252123012,aws-region=us-west-1
139.30865432716357,0.0001798659815076588,aws-region=us-west-1
139.3896948474237,0.0001735137783876102,aws-region=us-west-1
139.47073536768383,0.00016726636872406892,aws-region=us-west-1
139.55177588794396,0.0001611280154927942,aws-region=us-west-1
139.6328164082041,0.00015510269971513512,aws-region=us-west-1
139.71385692846422,0.00014919411256221832,aws-region=us-west-1
139.79489744872436,0.00014340564892963958,aws-region=us-west-1
139.8759379689845,0.00013774040247278133,aws-region=us-west-1
139.95697848924462,0.00013220116208435029,aws-region=us-west-1
140.03801900950475,0.00012679040978752872,aws-region=us-west-1
140.11905952976488,0.00012151032001048052,aws-region=us-west-1
140.20010005002501,0.00011636276020074107,aws-region=us-west-1
140.28114057028515,0.00011134929273143228,aws-region=us-west-1
140.36218109054528,0.00010647117804519518,aws-region=us-west-1
140.4432216108054,0.00010172937897626447,aws-region=us-west-1
140.5242621310655,9.712456618631617e-05,aws-region=us-west-1
140.60530265132564,9.265712464551394e-05,aws-region=us-west-1
140.68634317158578,8.832716108663363e-05,aws-region=us-west-1
140.7673836918459,8.413451235719559e-05,aws-region=us-west-1
140.84842421210604,8.00787545922822e-05,aws-region=us-west-1
140.92946473236617,7.615921312903878e-05,aws-region=us-west-1
141.0105052526263,7.237497308277063e-05,aws-region=us-west-1
141.09154577288643,6.872489050410575e-05,aws-region=us-west-1
141.17258629314657,6.52076040367555e-05,aws-region=us-west-1
141.2536268134067,6.182154699604903e-05,aws-region=us-west-1
141.33466733366683,5.8564959789524215e-05,aws-region=us-west-1
141.41570785392696,5.5435902602479974e-05,aws-region=us-west-1
141.4967483741871,5.243226827343731e-05,aws-region=us-west-1
141.57778889444722,4.9551795286881435e-05,aws-region=us-west-1
141.65882941470736,4.679208081348425e-05,aws-region=us-west-1
141.7398699349675,4.415059373113465e-05,aws-region=us-west-1
141.82091045522762,4.1624687563504503e-05,aws-region=us-west-1
141.90195097548775,3.921161327655259e-05,aws-region=us-west-1
141.98299149574785,3.6908531877230606e-05,aws-region=us-west-1
142.06403201600799,3.4712526762659936e-05,aws-region=us-west-1
142.14507253626812,3.262061577223859e-05,aws-region=us-west-1
142.22611305652825,3.0629762899330475e-05,aws-region=us-west-1
142.30715357678838,2.873688962351516e-05,aws-region=us-west-1
142.3881940970485,2.693888582867153e-05,aws-region=us-west-1
142.46923461730864,2.5232620276451907e-05,aws-region=us-west-1
142.55027513756878,2.361495060896021e-05,aws-region=us-west-1
142.6313156578289,2.208273285861527e-05,aws-region=us-west-1
142.71235617808904,2.063283044724203e-05,aws-region=us-west-1
142.79339669834917,1.9262122660385287e-05,aws-region=us-west-1
142.8744372186093,1.7967512586640057e-05,aws-region=us-west-1
142.95547773886943,1.6745934515416545e-05,aws-region=us-west-1
143.03651825912956,1.5594360790020266e-05,aws-region=us-west-1
143.1175587793897,1.450980811618349e-05,aws-region=us-west-1
143.19859929964983,1.3489343329230687e-05,aws-region=us-west-1
143.27963981990996,1.2530088625904152e-05,aws-region=us-west-1
143.3606803401701,1.1629226269491208e-05,aws-region=us-west-1
143.4417208604302,1.0784002779278967e-05,aws-region=us-west-1
143.52276138069033,9.991732617528893e-06,aws-region=us-west-1
143.60380190095046,9.249801389100624e-06,aws-region=us-west-1
143.6848424212106,8.555668570548887e-06,aws-region=us-west-1
143.76588294147072,7.906869787016495e-06,aws-region=us-west-1
143.84692346173085,7.30101865649802e-06,aws-region=us-west-1
143.92796398199098,6.73580822210836e-06,aws-region=us-west-1
144.00900450225112,6.2090119938366415e-06,aws-region=us-west-1
144.09004502251125,5.718484621913573e-06,aws-region=us-west-1
144.17108554277138,5.26216222438798e-06,aws-region=us-west-1
144.2521260630315,4.838062391795306e-06,aws-region=us-west-1
144.33316658329164,4.4442838919198135e-06,aws-region=us-west-1
144.41420710355177,4.079006097622589e-06,aws-region=us-west-1
144.4952476238119,3.7404881605321504e-06,aws-region=us-west-1
144.57628814407204,3.4270679530863955e-06,aws-region=us-west-1
144.65732866433217,3.1371608009937733e-06,aws-region=us-west-1
144.7383691845923,2.869258027648972e-06,aws-region=us-west-1
144.81940970485243,2.62192533141561e-06,aws-region=us-west-1
144.90045022511254,2.3938010159792178e-06,aws-region=us-west-1
144.98149074537267,2.1835940931970607e-06,aws-region=us-west-1
145.0625312656328,1.990082277033702e-06,aws-region=us-west-1
145.14357178589293,1.8121098862818969e-06,aws-region=us-west-1
145.22461230615306,1.6485856728439323e-06,aws-region=us-west-1
145.3056528264132,1.4984805913923007e-06,aws-region=us-west-1
145.38669334667333,1.360825525253331e-06,aws-region=us-west-1
145.46773386693346,1.2347089823690577e-06,aws-region=us-west-1
145.5487743871936,1.1192747742025165e-06,aws-region=us-west-1
145.62981490745372,1.013719689463809e-06,aws-region=us-west-1
145.71085542771385,9.172911735561548e-07,aws-region=us-west-1
145.79189594797398,8.292850236803993e-07,aws-region=us-west-1
145.87293646823412,7.490431085963563e-07,aws-region=us-west-1
145.95397698849425,6.759511211248188e-07,aws-region=us-west-1
146.03501750875438,6.094363705910686e-07,aws-region=us-west-1
146.1160580290145,5.489656215600763e-07,aws-region=us-west-1
146.19709854927464,4.940429844005208e-07,aws-region=us-west-1
146.27813906953477,4.4420786243974743e-07,aws-region=us-west-1
146.35917958979488,3.9903295973847496e-07,aws-region=us-west-1
146.440220110055,3.581223528224174e-07,aws-region=us-west-1
146.52126063031514,3.2110962905966947e-07,aws-region=us-west-1
146.60230115057527,2.8765609376773424e-07,aws-region=us-west-1
146.6833416708354,2.5744904757346524e-07,aws-region=us-west-1
146.76438219109554,2.3020013503160674e-07,aws-region=us-west-1
146.84542271135567,2.056437650330675e-07,aws-region=us-west-1
146.9264632316158,1.8353560310204576e-07,aws-region=us-west-1
147.00750375187593,1.636511352899669e-07,aws-region=us-west-1
147.08854427213606,1.4578430302283026e-07,aws-region=us-west-1
147.1695847923962,1.2974620794588975e-07,aws-region=us-west-1
147.25062531265633,1.1536388553339535e-07,aws-region=us-west-1
147.33166583291646,1.0247914599022901e-07,aws-region=us-west-1
147.4127063531766,9.094748076435414e-08,aws-region=us-west-1
147.49374687343672,8.063703281264316e-08,aws-region=us-west-1
147.57478739369685,7.142762861552402e-08,aws-region=us-west-1
147.65582791395698,6.320986981611801e-08,aws-region=us-west-1
147.73686843421712,5.5884282265308106e-08,aws-region=us-west-1
147.81790895447722,4.936052018327091e-08,aws-region=us-west-1
147.89894947473735,4.355662309853068e-08,aws-region=us-west-1
147.97998999499748,3.839832319584118e-08,aws-region=us-west-1
148.0610305152576,3.3818400691888686e-08,aws-region=us-west-1
148.14207103551774,2.9756084861650445e-08,aws-region=us-west-1
148.22311155577788,2.615649835600858e-08,aws-region=us-west-1
148.304152076038,2.297014248164102e-08,aws-region=us-west-1
148.38519259629814,2.0152421155465452e-08,aws-region=us-west-1
148.46623311655827,1.766320129665898e-08,aws-region=us-west-1
148.5472736368184,1.5466407478017652e-08,aws-region=us-west-1
148.62831415707853,1.3529648723946609e-08,aws-region=us-west-1
148.70935467733867,1.1823875413398687e-08,aws-region=us-west-1
148.7903951975988,1.0323064321511343e-08,aws-region=us-west-1
148.87143571785893,9.003929912531571e-09,aws-region=us-west-1
148.95247623811906,7.845660077890818e-09,aws-region=us-west-1
149.0335167583792,6.829674596160031e-09,aws-region=us-west-1
149.11455727863932,5.939404675340757e-09,aws-region=us-west-1
149.19559779889946,5.160092021819353e-09,aws-region=us-west-1
149.27663831915956,4.478605963738102e-09,aws-region=us-west-1
149.3576788394197,3.8832772390027965e-09,aws-region=us-west-1
149.43871935967982,3.3637471391794337e-09,aws-region=us-west-1
149.51975987993995,2.910830779735051e-09,aws-region=us-west-1
149.6008004002001,2.5163933441498963e-09,aws-region=us-west-1
149.68184092046022,2.1732382240531484e-09,aws-region=us-west-1
149.76288144072035,1.875006049527486e-09,aws-region=us-west-1
149.84392196098048,1.6160836728933244e-09,aws-region=us-west-1
149.9249624812406,1.3915222354968234e-09,aws-region=us-west-1
150.00600300150074,1.1969635101997816e-09,aws-region=us-west-1
150.08704352176088,1.0285737723418272e-09,aws-region=us-west-1
150.168084042021,8.829845088928519e-10,aws-region=us-west-1
150.24912456228114,7.572393293421543e-10,aws-region=us-west-1
150.33016508254127,6.487464926027322e-10,aws-region=us-west-1
150.4112056028014,5.552365118932182e-10,aws-region=us-west-1
150.49224612306153,4.747243442632921e-10,aws-region=us-west-1
150.57328664332167,4.0547571322807094e-10,aws-region=us-west-1
150.6543271635818,3.4597715196605927e-10,aws-region=us-west-1
150.7353676838419,2.9490939081711107e-10,aws-region=us-west-1
150.81640820410203,2.511237464986962e-10,aws-region=us-west-1
150.89744872436216,2.136212016582051e-10,aws-region=us-west-1
150.9784892446223,1.8153389221316588e-10,aws-region=us-west-1
151.05952976488243,1.5410874652381645e-10,aws-region=us-west-1
151.14057028514256,1.3069304491441342e-10,aws-region=us-west-1
151.2216108054027,1.1072169053429117e-10,aws-region=us-west-1
151.30265132566282,9.370600314769577e-11,aws-region=us-west-1
151.38369184592295,7.922386628239745e-11,aws-region=us-west-1
151.46473236618309,6.691107536671602e-11,aws-region=us-west-1
151.54577288644322,5.645375015576073e-11,aws-region=us-west-1
151.62681340670335,4.7581688999391516e-11,aws-region=us-west-1
151.70785392696348,4.0062555440717905e-11,aws-region=us-west-1
151.7888944472236,3.369679935475221e-11,aws-region=us-west-1
151.86993496748374,2.8313225437198136e-11,aws-region=us-west-1
151.95097548774388,2.376513142295232e-11,aws-region=us-west-1
152.032016008004,1.9926947037861948e-11,aws-region=us-west-1
152.11305652826414,1.6691312445291952e-11,aws-region=us-west-1
152.19409704852424,1.3966541916119379e-11,aws-region=us-west-1
152.27513756878437,1.1674424696693029e-11,aws-region=us-west-1
152.3561780890445,9.748320639289008e-12,aws-region=us-west-1
152.43721860930464,8.131513154092855e-12,aws-region=us-west-1
152.51825912956477,6.775786496813501e-12,aws-region=us-west-1
152.5992996498249,5.640198373324171e-12,aws-region=us-west-1
152.68034017008503,4.690022369892389e-12,aws-region=us-west-1
152.76138069034516,3.895837848355742e-12,aws-region=us-west-1
152.8424212106053,3.2327477200650342e-12,aws-region=us-west-1
152.92346173086543,2.6797069671907356e-12,aws-region=us-west-1
153.00450225112556,2.2189469484757123e-12,aws-region=us-west-1
153.0855427713857,1.835482439067305e-12,aws-region=us-west-1
153.16658329164582,1.5166900382616725e-12,aws-region=us-west-1
153.24762381190595,1.2519480597873725e-12,aws-region=us-west-1
153.32866433216608,1.0323293192104305e-12,aws-region=us-west-1
153.40970485242622,8.503393724831692e-13,aws-region=us-west-1
153.49074537268635,6.996937568815107e-13,aws-region=us-west-1
153.57178589294648,5.751286570096481e-13,aws-region=us-west-1
153.65282641320658,4.72240178909314e-13,aws-region=us-west-1
153.73386693346671,3.8734807775613683e-13,aws-region=us-west-1
153.81490745372685,3.1738036090726677e-13,aws-region=us-west-1
153.89594797398698,2.597756886376252e-13,aws-region=us-west-1
153.9769884942471,2.124009290769664e-13,aws-region=us-west-1
154.05802901450724,1.7348159988230536e-13,aws-region=us-west-1
154.13906953476737,1.4154325436609152e-13,aws-region=us-west-1
154.2201100550275,1.1536215060941129e-13,aws-region=us-west-1
154.30115057528764,9.392378422550546e-14,aws-region=us-west-1
154.38219109554777,7.638807392601878e-14,aws-region=us-west-1
154.4632316158079,6.20601682969782e-14,aws-region=us-west-1
154.54427213606803,5.0365996091462053e-14,aws-region=us-west-1
154.62531265632816,4.083181428787156e-14,aws-region=us-west-1
154.7063531765883,3.3067121118609307e-14,aws-region=us-west-1
154.78739369684843,2.6750397838059094e-14,aws-region=us-west-1
154.86843421710856,2.1617225432913607e-14,aws-region=us-west-1
154.9494747373687,1.7450392750456423e-14,aws-region=us-west-1
155.03051525762882,1.4071672341113079e-14,aws-region=us-west-1
155.11155577788892,1.1334991163598804e-14,aws-region=us-west-1
155.19259629814906,9.12076646854369e-15,aws-region=us-west-1
155.2736368184092,7.331213769632474e-15,aws-region=us-west-1
155.35467733866932,5.886464788215644e-15,aws-region=us-west-1
155.43571785892945,4.7213594437040774e-15,aws-region=us-west-1
155.51675837918958,3.7827980680415e-15,aws-region=us-west-1
155.5977988994497,3.027558658270297e-15,aws-region=us-west-1
155.67883941970985,2.420499669830885e-15,aws-region=us-west-1
155.75987993996998,1.933082042717782e-15,aws-region=us-west-1
155.8409204602301,1.5421552258732855e-15,aws-region=us-west-1
155.92196098049024,1.2289612491242612e-15,aws-region=us-west-1
156.00300150075037,9.78318665071343e-16,aws-region=us-west-1
156.0840420210105,7.779546826707655e-16,aws-region=us-west-1
156.16508254127064,6.179592411685384e-16,aws-region=us-west-1
156.24612306153077,4.903392983833783e-16,aws-region=us-west-1
156.3271635817909,3.8865537578300177e-16,aws-region=us-west-1
156.40820410205103,3.0772553672462515e-16,aws-region=us-west-1
156.48924462231116,2.4338457698160877e-16,aws-region=us-west-1
156.57028514257127,1.922883653807321e-16,aws-region=us-west-1
156.6513256628314,1.5175506039705588e-16,aws-region=us-west-1
156.73236618309153,1.1963640756910736e-16,aws-region=us-west-1
156.81340670335166,9.421354437854748e-17,aws-region=us-west-1
156.8944472236118,7.411274718536385e-17,aws-region=us-west-1
156.97548774387192,5.823738524080211e-17,aws-region=us-west-1
157.05652826413206,4.5713030075871333e-17,aws-region=us-west-1
157.1375687843922,3.5843230014841935e-17,aws-region=us-west-1
157.21860930465232,2.807392030354657e-17,aws-region=us-west-1
157.29964982491245,2.1964816938361396e-17,aws-region=us-west-1
157.38069034517258,1.7166451330771944e-17,aws-region=us-west-1
157.4617308654327,1.3401755556194446e-17,aws-region=us-west-1
157.54277138569284,1.0451314149107211e-17,aws-region=us-west-1
157.62381190595298,8.141566522475393e-18,aws-region=us-west-1
157.7048524262131,6.335380967083895e-18,aws-region=us-west-1
157.78589294647324,4.924532485090004e-18,aws-region=us-west-1
157.86693346673337,3.823707094023749e-18,aws-region=us-west-1
157.9479739869935,2.9657285381892e-18,aws-region=us-west-1
158.0290145072536,2.297762714910921e-18,aws-region=us-west-1
158.11005502751374,1.7783031483929196e-18,aws-region=us-west-1
158.19109554777387,1.3747796417468173e-18,aws-region=us-west-1
158.272136068034,1.0616635404836399e-18,aws-region=us-west-1
158.35317658829413,8.189682637837742e-19,aws-region=us-west-1
158.43421710855426,6.310640577686144e-19,aws-region=us-west-1
158.5152576288144,4.857422384809981e-19,aws-region=us-west-1
158.59629814907453,3.7347728661676393e-19,aws-region=us-west-1
158.67733866933466,2.868456529787806e-19,aws-region=us-west-1
158.7583791895948,2.200685375940645e-19,aws-region=us-west-1
158.83941970985492,1.6865262513326266e-19,aws-region=us-west-1
158.92046023011505,1.291081253865501e-19,aws-region=us-west-1
159.0015007503752,9.872774726586231e-20,aws-region=us-west-1
159.08254127063532,7.541364371563281e-20,aws-region=us-west-1
159.16358179089545,5.754207674709771e-20,aws-region=us-west-1
159.24462231115558,4.385770636556555e-20,aws-region=us-west-1
159.3256628314157,3.339111677891078e-20,aws-region=us-west-1
159.40670335167584,2.539454812128439e-20,aws-region=us-west-1
159.48774387193595,1.929187425792185e-20,aws-region=us-west-1
159.56878439219608,1.463971489032175e-20,aws-region=us-west-1
159.6498249124562,1.1097239383420557e-20,aws-region=us-west-1
159.73086543271634,8.402747388593433e-21,aws-region=us-west-1
159.81190595297647,6.355526853502545e-21,aws-region=us-west-1
159.8929464732366,4.801816810362713e-21,aws-region=us-west-1
159.97398699349674,3.623959035837339e-21,aws-region=us-west-1
160.05502751375687,2.732024061181448e-21,aws-region=us-west-1
160.136068034017,2.0573548017460933e-21,aws-region=us-west-1
160.21710855427713,1.5475945525208924e-21,aws-region=us-west-1
160.29814907453726,1.1628626014089953e-21,aws-region=us-west-1
160.3791895947974,8.728160418102568e-22,aws-region=us-west-1
160.46023011505753,6.543950934146432e-22,aws-region=us-west-1
160.54127063531766,4.900949667986988e-22,aws-region=us-west-1
160.6223111555778,3.666428669501905e-22,aws-region=us-west-1
160.70335167583792,2.7398634932495545e-22,aws-region=us-west-1
160.78439219609805,2.0452066607341002e-22,aws-region=us-west-1
160.86543271635819,1.5249933828376608e-22,aws-region=us-west-1
160.9464732366183,1.135850334850192e-22,aws-region=us-west-1
161.02751375687842,8.450775328057066e-23,aws-region=us-west-1
161.10855427713855,6.28049971660161e-23,aws-region=us-west-1
161.18959479739868,4.662447458995645e-23,aws-region=us-west-1
161.27063531765882,3.457448460719651e-23,aws-region=us-west-1
161.35167583791895,2.5610579287831402e-23,aws-region=us-west-1
161.43271635817908,1.8949812724564224e-23,aws-region=us-west-1
161.5137568784392,1.400593762517339e-23,aws-region=us-west-1
161.59479739869934,1.0340489828201662e-23,aws-region=us-west-1
161.67583791895947,7.625908817596382e-24,aws-region=us-west-1
161.7568784392196,5.61776531864959e-24,aws-region=us-west-1
161.83791895947974,4.133871589706043e-24,aws-region=us-west-1
161.91895947973987,3.038587131167871e-24,aws-region=us-west-1
162.0,2.2310414978065777e-24,aws-region=us-west-1
